method_id,query_aware,track,evidence_position,budget,rows,success_rate,failures,evidence_recall,evidence_f1,all_evidence,case_pass_rate,legacy_case_pass_rate,required_span_coverage,exact_required_span_coverage,exact_required_evidence_success,normalized_contiguous_required_span_coverage,normalized_contiguous_required_evidence_success,normalized_contiguous_case_pass_rate,local_ordered_required_span_recall,local_ordered_80_required_span_coverage,local_ordered_80_required_evidence_success,local_ordered_80_case_pass_rate,local_ordered_90_required_span_coverage,local_ordered_90_required_evidence_success,local_ordered_90_case_pass_rate,ordered_step_coverage,ordered_step_ordered,prohibited_phrase_rate,budget_violation_rate,median_compression_ratio,median_token_savings,evidence_recall_per_1k_output_tokens,median_latency_ms,p95_latency_ms,median_output_tokens,cold_calls,median_gpu_peak_allocated_mb,median_gpu_peak_reserved_mb,total_thermal_wait_ms,max_thermal_temperature_c,thermal_hard_limit_events,macro_case_pass_rate,macro_legacy_case_pass_rate,macro_normalized_contiguous_case_pass_rate,macro_local_ordered_80_case_pass_rate,macro_local_ordered_90_case_pass_rate
trimwise_hybrid,True,adversarial,end,128,2,1.0,0,1.0,0.3116883116883117,1.0,0.0,0.0,1.0,1.0,1.0,1.0,1.0,0.0,1.0,1.0,1.0,0.0,1.0,1.0,0.0,,,1.0,0.0,13.669291338582678,1609.0,7.874015748031496,43.3806525,43.71370425,127.0,0,0.0,0.0,0.0,,0.0,0.5067681773564127,0.5067681773564127,0.5067681773564127,0.5067681773564127,0.5067681773564127
trimwise_lexical,True,adversarial,end,128,2,1.0,0,1.0,0.2926829268292683,1.0,0.0,0.0,1.0,1.0,1.0,1.0,1.0,0.0,1.0,1.0,1.0,0.0,1.0,1.0,0.0,,,1.0,0.0,13.669291338582678,1609.0,7.874015748031496,5.6695015,5.6742557499999995,127.0,0,0.0,0.0,0.0,,0.0,0.503135698723934,0.503135698723934,0.503135698723934,0.503135698723934,0.503135698723934
llmlingua,True,adversarial,end,128,2,1.0,0,1.0,0.20086846897324556,1.0,0.0,0.0,1.0,1.0,1.0,1.0,1.0,0.0,1.0,1.0,1.0,0.0,1.0,1.0,0.0,,,0.0,1.0,10.522758164652291,1571.0,6.061496638624591,151.1646115,151.32118225000002,165.0,0,1193.203125,1380.0,0.0,,0.0,0.0358974358974359,0.0358974358974359,0.02948717948717949,0.0358974358974359,0.0358974358974359
longllmlingua,True,adversarial,end,128,2,1.0,0,1.0,0.19292355371900827,1.0,0.0,0.0,1.0,1.0,1.0,1.0,1.0,0.0,1.0,1.0,1.0,0.0,1.0,1.0,0.0,,,0.0,1.0,9.372344130964821,1550.0,5.398815743643329,305.104576,306.066829,186.0,0,1193.20703125,1404.0,0.0,,0.0,0.005555555555555556,0.005555555555555556,0.005555555555555556,0.005555555555555556,0.005555555555555556
recomp_extractive,True,adversarial,end,128,2,1.0,0,0.20833333333333331,0.04845399698340875,0.0,0.0,0.0,0.0,0.0,0.0,0.0,0.0,0.0,0.16666666666666666,0.0,0.0,0.0,0.0,0.0,0.0,,,1.0,0.0,13.832888888888888,1610.5,1.6587301587301586,120.296176,120.61347099999999,125.5,0,448.02197265625,496.0,0.0,,0.0,0.3748898704781058,0.3748898704781058,0.3378528334410687,0.34248246307069835,0.34248246307069835
trimwise_hybrid,True,adversarial,end,256,2,1.0,0,1.0,0.18461538461538463,1.0,0.0,0.0,1.0,1.0,1.0,1.0,1.0,0.0,1.0,1.0,1.0,0.0,1.0,1.0,0.0,,,1.0,0.0,7.647577092511013,1509.0,4.405286343612334,43.2757465,43.86624595,227.0,0,686.13623046875,790.0,0.0,46.0,0.0,0.6125272331154684,0.6125272331154684,0.6125272331154684,0.6125272331154684,0.6125272331154684
trimwise_lexical,True,adversarial,end,256,2,1.0,0,1.0,0.15,1.0,0.0,0.0,1.0,1.0,1.0,1.0,1.0,0.0,1.0,1.0,1.0,0.0,1.0,1.0,0.0,,,1.0,0.0,7.085714285714285,1491.0,4.081632653061225,6.556100499999999,6.62254615,245.0,0,686.13623046875,790.0,0.0,47.0,0.0,0.5799875505757859,0.5799875505757859,0.5799875505757859,0.5799875505757859,0.5799875505757859
llmlingua,True,adversarial,end,256,2,1.0,0,1.0,0.13333744868668787,1.0,1.0,1.0,1.0,1.0,1.0,1.0,1.0,1.0,1.0,1.0,1.0,1.0,1.0,1.0,1.0,,,0.0,0.0,6.9719999999999995,1487.0,4.016129032258064,158.956282,159.0665608,249.0,0,1870.71435546875,2088.0,0.0,65.0,0.0,0.08883861236802414,0.08883861236802414,0.08242835595776772,0.08883861236802414,0.08883861236802414
longllmlingua,True,adversarial,end,256,2,1.0,0,1.0,0.11822947000582412,1.0,0.0,0.0,1.0,1.0,1.0,1.0,1.0,0.0,1.0,1.0,1.0,0.0,1.0,1.0,0.0,,,0.0,1.0,5.5650172612197935,1424.0,3.2056551043892814,328.03901099999996,335.0915109,312.0,0,1193.20703125,1380.0,0.0,65.0,0.0,0.04893162393162393,0.04893162393162393,0.042521367521367516,0.04893162393162393,0.04893162393162393
recomp_extractive,True,adversarial,end,256,2,1.0,0,0.3333333333333333,0.041177093257118665,0.0,0.0,0.0,0.0,0.0,0.0,0.0,0.0,0.0,0.16666666666666666,0.0,0.0,0.0,0.0,0.0,0.0,,,1.0,0.0,6.834645669291339,1482.0,1.3123359580052492,130.51003450000002,138.90549325,254.0,0,448.02197265625,496.0,0.0,62.0,0.0,0.4053029758912112,0.4053029758912112,0.36363630922454454,0.3682659388541742,0.3682659388541742
trimwise_hybrid,True,adversarial,end,512,2,1.0,0,1.0,0.18461538461538463,1.0,0.0,0.0,1.0,1.0,1.0,1.0,1.0,0.0,1.0,1.0,1.0,0.0,1.0,1.0,0.0,,,1.0,0.0,7.647577092511013,1509.0,4.405286343612334,43.064128,43.0973812,227.0,0,0.0,0.0,0.0,,0.0,0.6282679738562091,0.6282679738562091,0.6282679738562091,0.6282679738562091,0.6282679738562091
trimwise_lexical,True,adversarial,end,512,2,1.0,0,1.0,0.15,1.0,0.0,0.0,1.0,1.0,1.0,1.0,1.0,0.0,1.0,1.0,1.0,0.0,1.0,1.0,0.0,,,1.0,0.0,7.085714285714285,1491.0,4.081632653061225,5.971532,5.989271899999999,245.0,0,0.0,0.0,0.0,,0.0,0.5846171802054155,0.5846171802054155,0.5846171802054155,0.5846171802054155,0.5846171802054155
llmlingua,True,adversarial,end,512,2,1.0,0,1.0,0.06997084548104958,1.0,1.0,1.0,1.0,1.0,1.0,1.0,1.0,1.0,1.0,1.0,1.0,1.0,1.0,1.0,1.0,,,0.0,0.0,3.5904898790274284,1252.5,2.0682545386102698,167.8979235,168.10795605,483.5,0,1193.203125,1334.0,0.0,,0.0,0.15649225502166678,0.15649225502166678,0.13897088750029926,0.14538114391055568,0.14538114391055568
longllmlingua,True,adversarial,end,512,2,1.0,0,1.0,0.062348178137651825,1.0,0.0,0.0,1.0,1.0,1.0,1.0,1.0,0.0,1.0,1.0,1.0,0.0,1.0,1.0,0.0,,,0.0,1.0,3.0064414749418225,1158.5,1.7318211261185614,341.199021,342.1052877,577.5,0,1193.20703125,1334.0,0.0,,0.0,0.0767094017094017,0.0767094017094017,0.0655982905982906,0.060042735042735045,0.060042735042735045
recomp_extractive,True,adversarial,end,512,2,1.0,0,0.3333333333333333,0.021540914691599626,0.0,0.0,0.0,0.0,0.0,0.0,0.0,0.0,0.0,0.16666666666666666,0.0,0.0,0.0,0.0,0.0,0.0,,,1.0,0.0,3.403921568627451,1226.0,0.6535947712418301,128.1101885,130.28597045,510.0,0,448.02197265625,496.0,0.0,,0.0,0.4629533864827982,0.4629533864827982,0.3888793124087242,0.3935089420383538,0.3935089420383538
trimwise_hybrid,True,adversarial,end,1024,2,1.0,0,1.0,0.18461538461538463,1.0,0.0,0.0,1.0,1.0,1.0,1.0,1.0,0.0,1.0,1.0,1.0,0.0,1.0,1.0,0.0,,,1.0,0.0,7.647577092511013,1509.0,4.405286343612334,42.800343,42.9624807,227.0,0,686.13623046875,790.0,0.0,45.0,0.0,0.6421568627450981,0.6421568627450981,0.6421568627450981,0.6421568627450981,0.6421568627450981
trimwise_lexical,True,adversarial,end,1024,2,1.0,0,1.0,0.15,1.0,0.0,0.0,1.0,1.0,1.0,1.0,1.0,0.0,1.0,1.0,1.0,0.0,1.0,1.0,0.0,,,1.0,0.0,7.085714285714285,1491.0,4.081632653061225,6.638355499999999,6.96521165,245.0,0,686.13623046875,790.0,0.0,47.0,0.0,0.6096171802054154,0.6096171802054154,0.6096171802054154,0.6096171802054154,0.6096171802054154
llmlingua,True,adversarial,end,1024,2,1.0,0,1.0,0.05084837058981956,1.0,1.0,1.0,1.0,1.0,1.0,1.0,1.0,1.0,1.0,1.0,1.0,1.0,1.0,1.0,1.0,,,0.0,0.0,2.344448497227896,995.5,1.350488765684272,188.64446700000002,188.96713770000002,740.5,0,1870.71435546875,2042.0,0.0,63.0,0.0,0.4112439847733966,0.4112439847733966,0.23227573080514255,0.28187890540831717,0.23227573080514255
longllmlingua,True,adversarial,end,1024,2,1.0,0,1.0,0.04070790354296754,1.0,1.0,1.0,1.0,1.0,1.0,1.0,1.0,1.0,1.0,1.0,1.0,1.0,1.0,1.0,1.0,,,0.0,0.0,2.008284942164371,870.0,1.1568461648412276,408.3526685,424.27020395,866.0,0,1193.20703125,1334.0,0.0,68.0,0.0,0.23955086308027485,0.23955086308027485,0.16482558835500014,0.19895257248198425,0.15927003279944454
recomp_extractive,True,adversarial,end,1024,2,1.0,0,0.3333333333333333,0.01129963790884879,0.0,0.0,0.0,0.0,0.0,0.0,0.0,0.0,0.0,0.16666666666666666,0.0,0.0,0.0,0.0,0.0,0.0,,,1.0,0.0,1.6961410984848486,712.5,0.32567993442489407,137.558314,139.9509757,1023.5,0,448.02197265625,496.0,0.0,62.0,0.0,0.4972629222629223,0.4972629222629223,0.3805962555962556,0.3852258852258852,0.3852258852258852
trimwise_structural,False,adversarial,end,128,2,1.0,0,1.0,0.2926829268292683,1.0,1.0,1.0,1.0,1.0,1.0,1.0,1.0,1.0,1.0,1.0,1.0,1.0,1.0,1.0,1.0,,,0.0,0.0,13.5625,1608.0,7.8125,11.798967,11.8457517,128.0,0,0.0,0.0,0.0,,0.0,0.1676033661327779,0.1676033661327779,0.14445521798462976,0.1676033661327779,0.1676033661327779
head_tail,False,adversarial,end,128,2,1.0,0,1.0,0.2727272727272727,1.0,1.0,1.0,1.0,1.0,1.0,1.0,1.0,1.0,1.0,1.0,1.0,1.0,1.0,1.0,1.0,,,0.0,0.0,13.5625,1608.0,7.8125,0.710677,0.727174,128.0,0,0.0,0.0,0.0,,0.0,0.24538114391055568,0.24538114391055568,0.23982558835500012,0.23982558835500012,0.23982558835500012
llmlingua_queryless,False,adversarial,end,128,2,1.0,0,1.0,0.20086846897324556,1.0,0.0,0.0,1.0,1.0,1.0,1.0,1.0,0.0,1.0,1.0,1.0,0.0,1.0,1.0,0.0,,,0.0,1.0,10.522758164652291,1571.0,6.061496638624591,152.04501249999998,153.33753264999999,165.0,0,1193.203125,1380.0,0.0,61.0,0.0,0.0358974358974359,0.0358974358974359,0.02948717948717949,0.0358974358974359,0.0358974358974359
naive_first_n,False,adversarial,end,128,2,1.0,0,0.08333333333333333,0.021978021978021976,0.0,0.0,0.0,0.0,0.0,0.0,0.0,0.0,0.0,0.08333333333333333,0.0,0.0,0.0,0.0,0.0,0.0,,,1.0,0.0,13.5625,1608.0,0.6510416666666666,0.4696665,0.48331905,128.0,0,0.0,0.0,0.0,,0.0,0.1901912901912902,0.1901912901912902,0.16638176638176638,0.1901912901912902,0.1901912901912902
llmlingua2,False,adversarial,end,128,2,1.0,0,0.0,0.0,0.0,0.0,0.0,0.0,0.0,0.0,0.0,0.0,0.0,0.0,0.0,0.0,0.0,0.0,0.0,0.0,,,0.0,1.0,5.476340694006309,1419.0,0.0,84.5920665,84.76296074999999,317.0,0,774.033203125,850.0,0.0,59.0,0.0,0.0,0.0,0.0,0.0,0.0
trimwise_structural,False,adversarial,end,256,2,1.0,0,1.0,0.15483870967741936,1.0,1.0,1.0,1.0,1.0,1.0,1.0,1.0,1.0,1.0,1.0,1.0,1.0,1.0,1.0,1.0,,,0.0,0.0,6.834645669291339,1482.0,3.937007874015748,23.249468,23.2721057,254.0,0,0.0,0.0,0.0,,0.0,0.18334410687351865,0.18334410687351865,0.16945521798462973,0.18334410687351865,0.18334410687351865
head_tail,False,adversarial,end,256,2,1.0,0,1.0,0.147239263803681,1.0,0.0,0.0,1.0,1.0,1.0,1.0,1.0,0.0,1.0,1.0,1.0,0.0,1.0,1.0,0.0,,,1.0,0.0,6.78125,1480.0,3.90625,0.8303640000000001,0.8313351,256.0,0,0.0,0.0,0.0,,0.0,0.3369047619047619,0.3369047619047619,0.3130952380952381,0.3369047619047619,0.3130952380952381
llmlingua_queryless,False,adversarial,end,256,2,1.0,0,1.0,0.13333744868668787,1.0,1.0,1.0,1.0,1.0,1.0,1.0,1.0,1.0,1.0,1.0,1.0,1.0,1.0,1.0,1.0,,,0.0,0.0,6.9719999999999995,1487.0,4.016129032258064,154.388056,154.4339209,249.0,0,1193.203125,1380.0,0.0,61.0,0.0,0.08883861236802414,0.08883861236802414,0.08242835595776772,0.08883861236802414,0.08883861236802414
naive_first_n,False,adversarial,end,256,2,1.0,0,0.08333333333333333,0.01092896174863388,0.0,0.0,0.0,0.0,0.0,0.0,0.0,0.0,0.0,0.08333333333333333,0.0,0.0,0.0,0.0,0.0,0.0,,,1.0,0.0,6.78125,1480.0,0.3255208333333333,0.589236,0.5905868999999999,256.0,0,0.0,0.0,0.0,,0.0,0.21704314204314204,0.21704314204314204,0.2124135124135124,0.2124135124135124,0.2124135124135124
llmlingua2,False,adversarial,end,256,2,1.0,0,0.0,0.0,0.0,0.0,0.0,0.0,0.0,0.0,0.0,0.0,0.0,0.0,0.0,0.0,0.0,0.0,0.0,0.0,,,0.0,1.0,5.459119496855346,1418.0,0.0,85.542712,86.1814483,318.0,0,774.033203125,850.0,0.0,59.0,0.0,0.0,0.0,0.0,0.0,0.0
trimwise_structural,False,adversarial,end,512,2,1.0,0,1.0,0.07741935483870968,1.0,1.0,1.0,1.0,1.0,1.0,1.0,1.0,1.0,1.0,1.0,1.0,1.0,1.0,1.0,1.0,,,0.0,0.0,3.403921568627451,1226.0,1.9607843137254901,85.176207,85.513536,510.0,0,0.0,0.0,0.0,,0.0,0.20464040316981494,0.20464040316981494,0.18797373650314828,0.18797373650314828,0.18797373650314828
llmlingua_queryless,False,adversarial,end,512,2,1.0,0,1.0,0.06997084548104958,1.0,1.0,1.0,1.0,1.0,1.0,1.0,1.0,1.0,1.0,1.0,1.0,1.0,1.0,1.0,1.0,,,0.0,0.0,3.5904898790274284,1252.5,2.0682545386102698,171.448461,172.4605587,483.5,0,1193.203125,1334.0,0.0,58.0,0.0,0.15649225502166678,0.15649225502166678,0.13897088750029926,0.14538114391055568,0.14538114391055568
head_tail,False,adversarial,end,512,2,1.0,0,1.0,0.06956521739130435,1.0,0.0,0.0,1.0,1.0,1.0,1.0,1.0,0.0,1.0,1.0,1.0,0.0,1.0,1.0,0.0,,,1.0,0.0,3.390625,1224.0,1.953125,1.1606459999999998,1.1639319,512.0,0,0.0,0.0,0.0,,0.0,0.42632275132275127,0.42632275132275127,0.4216931216931217,0.4216931216931217,0.4216931216931217
naive_first_n,False,adversarial,end,512,2,1.0,0,0.3333333333333333,0.021739130434782608,0.0,0.0,0.0,0.0,0.0,0.0,0.0,0.0,0.0,0.16666666666666666,0.0,0.0,0.0,0.0,0.0,0.0,,,1.0,0.0,3.390625,1224.0,0.6510416666666666,0.8784069999999999,0.8786455,512.0,0,0.0,0.0,0.0,,0.0,0.23278388278388276,0.23278388278388276,0.23278388278388276,0.23278388278388276,0.23278388278388276
llmlingua2,False,adversarial,end,512,2,1.0,0,0.16666666666666666,0.011869436201780416,0.0,0.0,0.0,0.0,0.0,0.0,0.0,0.0,0.0,0.16666666666666666,0.0,0.0,0.0,0.0,0.0,0.0,,,0.0,1.0,3.102772808586762,1176.5,0.2978852542806031,85.1273165,85.29742415000001,559.5,0,774.033203125,850.0,0.0,59.0,0.0,0.005555555555555556,0.005555555555555556,0.0,0.0,0.0
llmlingua_queryless,False,adversarial,end,1024,2,1.0,0,1.0,0.05084837058981956,1.0,1.0,1.0,1.0,1.0,1.0,1.0,1.0,1.0,1.0,1.0,1.0,1.0,1.0,1.0,1.0,,,0.0,0.0,2.344448497227896,995.5,1.350488765684272,186.099562,186.4519048,740.5,0,1193.203125,1334.0,0.0,58.0,0.0,0.4112439847733966,0.4112439847733966,0.23227573080514255,0.28187890540831717,0.23227573080514255
trimwise_structural,False,adversarial,end,1024,2,1.0,0,1.0,0.03545175458693077,1.0,1.0,1.0,1.0,1.0,1.0,1.0,1.0,1.0,1.0,1.0,1.0,1.0,1.0,1.0,1.0,,,0.0,0.0,1.6969713184931505,713.0,0.9775180406066536,178.8772725,179.06866335,1023.0,0,0.0,0.0,0.0,,0.0,0.25741818094759267,0.25741818094759267,0.22964040316981493,0.22964040316981493,0.22964040316981493
head_tail,False,adversarial,end,1024,2,1.0,0,1.0,0.033566433566433566,1.0,0.0,0.0,1.0,1.0,1.0,1.0,1.0,0.0,1.0,1.0,1.0,0.0,1.0,1.0,0.0,,,1.0,0.0,1.696969696969697,713.0,0.9775171065493646,1.771895,1.7754653,1023.0,0,0.0,0.0,0.0,,0.0,0.4411375661375661,0.4411375661375661,0.4411375661375661,0.4411375661375661,0.4411375661375661
naive_first_n,False,adversarial,end,1024,2,1.0,0,0.4166666666666667,0.0136986301369863,0.0,0.0,0.0,0.0,0.0,0.0,0.0,0.0,0.0,0.16666666666666666,0.0,0.0,0.0,0.0,0.0,0.0,,,1.0,0.0,1.6953125,712.0,0.4069010416666667,1.488742,1.4998714000000002,1024.0,0,0.0,0.0,0.0,,0.0,0.45033577533577535,0.45033577533577535,0.45033577533577535,0.45033577533577535,0.45033577533577535
llmlingua2,False,adversarial,end,1024,2,1.0,0,0.3333333333333333,0.010197582217600417,0.0,0.0,0.0,0.0,0.0,0.0,0.0,0.0,0.0,0.3333333333333333,0.0,0.0,0.0,0.0,0.0,0.0,,,0.0,1.0,1.6478438722000972,682.5,0.31640627346392036,85.643813,86.3946488,1053.5,0,774.033203125,850.0,0.0,59.0,0.0,0.03425925925925926,0.03425925925925926,0.0,0.019444444444444445,0.0
trimwise_lexical,True,adversarial,middle,128,9,1.0,0,1.0,0.2722097179928505,1.0,0.6666666666666666,0.6666666666666666,1.0,1.0,1.0,1.0,1.0,0.6666666666666666,1.0,1.0,1.0,0.6666666666666666,1.0,1.0,0.6666666666666666,,,0.3333333333333333,0.0,13.5625,1608.0,7.833005249343832,5.577923,5.629714,128.0,0,0.0,0.0,0.0,,0.0,0.503135698723934,0.503135698723934,0.503135698723934,0.503135698723934,0.503135698723934
trimwise_hybrid,True,adversarial,middle,128,9,1.0,0,1.0,0.2697242697242697,1.0,0.6666666666666666,0.6666666666666666,1.0,1.0,1.0,1.0,1.0,0.6666666666666666,1.0,1.0,1.0,0.6666666666666666,1.0,1.0,0.6666666666666666,,,0.3333333333333333,0.0,13.777777777777779,1610.0,7.957671957671958,43.366577,46.707785200000004,126.0,0,0.0,0.0,0.0,,0.0,0.5067681773564127,0.5067681773564127,0.5067681773564127,0.5067681773564127,0.5067681773564127
recomp_extractive,True,adversarial,middle,128,9,1.0,0,0.75,0.21435272045028142,0.6666666666666666,0.6666666666666666,0.6666666666666666,0.6666666666666666,0.6666666666666666,0.6666666666666666,0.6666666666666666,0.6666666666666666,0.6666666666666666,0.7222222222222222,0.6666666666666666,0.6666666666666666,0.6666666666666666,0.6666666666666666,0.6666666666666666,0.6666666666666666,,,0.3333333333333333,0.0,13.669291338582678,1609.0,5.910719493396659,121.609039,124.3070364,127.0,0,936.10400390625,1016.0,0.0,,0.0,0.3748898704781058,0.3748898704781058,0.3378528334410687,0.34248246307069835,0.34248246307069835
llmlingua,True,adversarial,middle,128,9,1.0,0,0.16666666666666666,0.031891136143824314,0.0,0.0,0.0,0.0,0.0,0.0,0.0,0.0,0.0,0.16666666666666666,0.0,0.0,0.0,0.0,0.0,0.0,,,0.0,1.0,10.650306748466258,1573.0,1.0262349337759091,152.201332,4540.109196999998,163.0,1,1193.203125,1378.0,0.0,,0.0,0.0358974358974359,0.0358974358974359,0.02948717948717949,0.0358974358974359,0.0358974358974359
longllmlingua,True,adversarial,middle,128,9,1.0,0,0.15740740740740738,0.0292940428187613,0.0,0.0,0.0,0.0,0.0,0.0,0.0,0.0,0.0,0.1388888888888889,0.0,0.0,0.0,0.0,0.0,0.0,,,0.0,1.0,9.486338797814208,1553.0,0.8823997431696913,299.732971,300.298074,183.0,0,1193.20703125,1404.0,0.0,,0.0,0.005555555555555556,0.005555555555555556,0.005555555555555556,0.005555555555555556,0.005555555555555556
trimwise_lexical,True,adversarial,middle,256,9,1.0,0,1.0,0.16162687886825816,1.0,0.6666666666666666,0.6666666666666666,1.0,1.0,1.0,1.0,1.0,0.6666666666666666,1.0,1.0,1.0,0.6666666666666666,1.0,1.0,0.6666666666666666,,,0.3333333333333333,0.0,8.150234741784038,1523.0,4.518779342723005,6.277527,8.951832599999998,213.0,0,686.13623046875,790.0,0.0,51.0,0.0,0.5799875505757859,0.5799875505757859,0.5799875505757859,0.5799875505757859,0.5799875505757859
trimwise_hybrid,True,adversarial,middle,256,9,1.0,0,1.0,0.16096969696969696,1.0,0.6666666666666666,0.6666666666666666,1.0,1.0,1.0,1.0,1.0,0.6666666666666666,1.0,1.0,1.0,0.6666666666666666,1.0,1.0,0.6666666666666666,,,0.3333333333333333,0.0,7.7155555555555555,1511.0,4.492014950730547,43.155273,43.8168618,225.0,0,686.13623046875,790.0,0.0,45.0,0.0,0.6125272331154684,0.6125272331154684,0.6125272331154684,0.6125272331154684,0.6125272331154684
recomp_extractive,True,adversarial,middle,256,9,1.0,0,0.7777777777777778,0.1142753885327126,0.6666666666666666,0.6666666666666666,0.6666666666666666,0.6666666666666666,0.6666666666666666,0.6666666666666666,0.6666666666666666,0.6666666666666666,0.6666666666666666,0.7222222222222222,0.6666666666666666,0.6666666666666666,0.6666666666666666,0.6666666666666666,0.6666666666666666,0.6666666666666666,,,0.3333333333333333,0.0,6.807843137254902,1481.0,3.0524187240406335,120.014256,125.881253,255.0,0,448.01025390625,496.0,0.0,60.0,0.0,0.4053029758912112,0.4053029758912112,0.36363630922454454,0.3682659388541742,0.3682659388541742
longllmlingua,True,adversarial,middle,256,9,1.0,0,0.2962962962962963,0.0319897859086782,0.0,0.0,0.0,0.0,0.0,0.0,0.0,0.0,0.0,0.19444444444444445,0.0,0.0,0.0,0.0,0.0,0.0,,,0.0,1.0,5.546325878594249,1423.0,0.9506791228770246,318.516991,331.7274622,313.0,0,1193.20703125,1380.0,0.0,68.0,0.0,0.04893162393162393,0.04893162393162393,0.042521367521367516,0.04893162393162393,0.04893162393162393
llmlingua,True,adversarial,middle,256,9,1.0,0,0.18518518518518517,0.02422762543705256,0.0,0.0,0.0,0.0,0.0,0.0,0.0,0.0,0.0,0.08333333333333333,0.0,0.0,0.0,0.0,0.0,0.0,,,0.0,0.0,7.056910569105691,1490.0,0.7434142169735002,157.492321,158.0976048,246.0,0,1870.71435546875,2088.0,0.0,63.0,0.0,0.08883861236802414,0.08883861236802414,0.08242835595776772,0.08883861236802414,0.08883861236802414
trimwise_lexical,True,adversarial,middle,512,9,1.0,0,1.0,0.16162687886825816,1.0,0.6666666666666666,0.6666666666666666,1.0,1.0,1.0,1.0,1.0,0.6666666666666666,1.0,1.0,1.0,0.6666666666666666,1.0,1.0,0.6666666666666666,,,0.3333333333333333,0.0,8.150234741784038,1523.0,4.518779342723005,5.705945,5.9850212,213.0,0,0.0,0.0,0.0,,0.0,0.5846171802054155,0.5846171802054155,0.5846171802054155,0.5846171802054155,0.5846171802054155
trimwise_hybrid,True,adversarial,middle,512,9,1.0,0,1.0,0.16096969696969696,1.0,0.6666666666666666,0.6666666666666666,1.0,1.0,1.0,1.0,1.0,0.6666666666666666,1.0,1.0,1.0,0.6666666666666666,1.0,1.0,0.6666666666666666,,,0.3333333333333333,0.0,7.7155555555555555,1511.0,4.492014950730547,44.117442,45.5187172,225.0,0,0.0,0.0,0.0,,0.0,0.6282679738562091,0.6282679738562091,0.6282679738562091,0.6282679738562091,0.6282679738562091
recomp_extractive,True,adversarial,middle,512,9,1.0,0,0.7777777777777778,0.0584466543737712,0.6666666666666666,0.2222222222222222,0.2222222222222222,0.6666666666666666,0.6666666666666666,0.6666666666666666,0.6666666666666666,0.6666666666666666,0.2222222222222222,0.7222222222222222,0.6666666666666666,0.6666666666666666,0.2222222222222222,0.6666666666666666,0.6666666666666666,0.2222222222222222,,,0.7777777777777778,0.0,3.3972602739726026,1225.0,1.5207976265087464,128.436225,130.135006,511.0,0,936.10400390625,1016.0,0.0,,0.0,0.4629533864827982,0.4629533864827982,0.3888793124087242,0.3935089420383538,0.3935089420383538
llmlingua,True,adversarial,middle,512,9,1.0,0,0.3611111111111111,0.025408789016840624,0.0,0.0,0.0,0.0,0.0,0.0,0.0,0.0,0.0,0.16666666666666666,0.0,0.0,0.0,0.0,0.0,0.0,,,0.0,0.0,3.6936170212765957,1266.0,0.76692602145333,170.912236,176.99902459999998,470.0,0,1193.203125,1334.0,0.0,,0.0,0.15649225502166678,0.15649225502166678,0.13897088750029926,0.14538114391055568,0.14538114391055568
longllmlingua,True,adversarial,middle,512,9,1.0,0,0.2962962962962963,0.018356982940154268,0.0,0.0,0.0,0.0,0.0,0.0,0.0,0.0,0.0,0.17592592592592593,0.0,0.0,0.0,0.0,0.0,0.0,,,0.0,1.0,3.056338028169014,1168.0,0.5229282776673775,343.095459,348.20562160000003,568.0,0,1193.20703125,1334.0,0.0,,0.0,0.0767094017094017,0.0767094017094017,0.0655982905982906,0.060042735042735045,0.060042735042735045
trimwise_lexical,True,adversarial,middle,1024,9,1.0,0,1.0,0.16162687886825816,1.0,0.6666666666666666,0.6666666666666666,1.0,1.0,1.0,1.0,1.0,0.6666666666666666,1.0,1.0,1.0,0.6666666666666666,1.0,1.0,0.6666666666666666,,,0.3333333333333333,0.0,8.150234741784038,1523.0,4.518779342723005,6.2679,8.003242799999999,213.0,0,686.13623046875,790.0,0.0,51.0,0.0,0.6096171802054154,0.6096171802054154,0.6096171802054154,0.6096171802054154,0.6096171802054154
trimwise_hybrid,True,adversarial,middle,1024,9,1.0,0,1.0,0.16096969696969696,1.0,0.6666666666666666,0.6666666666666666,1.0,1.0,1.0,1.0,1.0,0.6666666666666666,1.0,1.0,1.0,0.6666666666666666,1.0,1.0,0.6666666666666666,,,0.3333333333333333,0.0,7.7155555555555555,1511.0,4.492014950730547,43.007405,43.6442634,225.0,0,686.13623046875,790.0,0.0,45.0,0.0,0.6421568627450981,0.6421568627450981,0.6421568627450981,0.6421568627450981,0.6421568627450981
recomp_extractive,True,adversarial,middle,1024,9,1.0,0,0.7777777777777778,0.027346077678427786,0.6666666666666666,0.0,0.0,0.6666666666666666,0.6666666666666666,0.6666666666666666,0.6666666666666666,0.6666666666666666,0.0,0.7222222222222222,0.6666666666666666,0.6666666666666666,0.0,0.6666666666666666,0.6666666666666666,0.0,,,1.0,0.0,1.6953125,712.0,0.7596901034930384,130.752751,139.242956,1024.0,0,448.01025390625,496.0,0.0,61.0,0.0,0.4972629222629223,0.4972629222629223,0.3805962555962556,0.3852258852258852,0.3852258852258852
llmlingua,True,adversarial,middle,1024,9,1.0,0,0.5,0.02501721325401742,0.0,0.0,0.0,0.0,0.0,0.0,0.0,0.0,0.0,0.4166666666666667,0.0,0.0,0.0,0.0,0.0,0.0,,,0.0,0.0,2.3146666666666667,986.0,0.6685382428439448,187.840763,192.1732064,750.0,0,1870.71435546875,2042.0,0.0,63.0,0.0,0.4112439847733966,0.4112439847733966,0.23227573080514255,0.28187890540831717,0.23227573080514255
longllmlingua,True,adversarial,middle,1024,9,1.0,0,0.3796296296296296,0.014568278566934609,0.0,0.0,0.0,0.0,0.0,0.0,0.0,0.0,0.0,0.19444444444444445,0.0,0.0,0.0,0.0,0.0,0.0,,,0.0,0.0,1.935340022296544,839.0,0.4213197189180511,394.612627,403.0148626,897.0,0,1193.20703125,1334.0,0.0,68.0,0.0,0.23955086308027485,0.23955086308027485,0.16482558835500014,0.19895257248198425,0.15927003279944454
llmlingua_queryless,False,adversarial,middle,128,9,1.0,0,0.16666666666666666,0.031891136143824314,0.0,0.0,0.0,0.0,0.0,0.0,0.0,0.0,0.0,0.16666666666666666,0.0,0.0,0.0,0.0,0.0,0.0,,,0.0,1.0,10.650306748466258,1573.0,1.0262349337759091,150.008411,153.4902326,163.0,0,1193.203125,1378.0,0.0,54.0,0.0,0.0358974358974359,0.0358974358974359,0.02948717948717949,0.0358974358974359,0.0358974358974359
trimwise_structural,False,adversarial,middle,128,9,1.0,0,0.08333333333333333,0.022222222222222223,0.0,0.0,0.0,0.0,0.0,0.0,0.0,0.0,0.0,0.08333333333333333,0.0,0.0,0.0,0.0,0.0,0.0,,,0.0,0.0,13.888,1611.0,0.6666666666666666,11.841551,11.9637926,125.0,0,0.0,0.0,0.0,,0.0,0.1676033661327779,0.1676033661327779,0.14445521798462976,0.1676033661327779,0.1676033661327779
naive_first_n,False,adversarial,middle,128,9,1.0,0,0.08333333333333333,0.021978021978021976,0.0,0.0,0.0,0.0,0.0,0.0,0.0,0.0,0.0,0.08333333333333333,0.0,0.0,0.0,0.0,0.0,0.0,,,1.0,0.0,13.5625,1608.0,0.6510416666666666,0.47827,0.5081910000000001,128.0,0,0.0,0.0,0.0,,0.0,0.1901912901912902,0.1901912901912902,0.16638176638176638,0.1901912901912902,0.1901912901912902
head_tail,False,adversarial,middle,128,9,1.0,0,0.08333333333333333,0.021052631578947368,0.0,0.0,0.0,0.0,0.0,0.0,0.0,0.0,0.0,0.08333333333333333,0.0,0.0,0.0,0.0,0.0,0.0,,,0.0,0.0,13.5625,1608.0,0.6510416666666666,0.693251,0.7296444,128.0,0,0.0,0.0,0.0,,0.0,0.24538114391055568,0.24538114391055568,0.23982558835500012,0.23982558835500012,0.23982558835500012
llmlingua2,False,adversarial,middle,128,9,1.0,0,0.0,0.0,0.0,0.0,0.0,0.0,0.0,0.0,0.0,0.0,0.0,0.0,0.0,0.0,0.0,0.0,0.0,0.0,,,0.0,1.0,5.493670886075949,1420.0,0.0,84.535039,84.7435028,316.0,0,774.033203125,850.0,0.0,59.0,0.0,0.0,0.0,0.0,0.0,0.0
head_tail,False,adversarial,middle,256,9,1.0,0,0.25,0.03508771929824561,0.0,0.0,0.0,0.0,0.0,0.0,0.0,0.0,0.0,0.16666666666666666,0.0,0.0,0.0,0.0,0.0,0.0,,,1.0,0.0,6.78125,1480.0,0.9765625,0.841566,0.9264546,256.0,0,0.0,0.0,0.0,,0.0,0.3369047619047619,0.3369047619047619,0.3130952380952381,0.3369047619047619,0.3130952380952381
llmlingua_queryless,False,adversarial,middle,256,9,1.0,0,0.18518518518518517,0.02422762543705256,0.0,0.0,0.0,0.0,0.0,0.0,0.0,0.0,0.0,0.08333333333333333,0.0,0.0,0.0,0.0,0.0,0.0,,,0.0,0.0,7.056910569105691,1490.0,0.7434142169735002,153.503607,154.9125628,246.0,0,1193.203125,1380.0,0.0,55.0,0.0,0.08883861236802414,0.08883861236802414,0.08242835595776772,0.08883861236802414,0.08883861236802414
trimwise_structural,False,adversarial,middle,256,9,1.0,0,0.16666666666666666,0.024096385542168676,0.0,0.0,0.0,0.0,0.0,0.0,0.0,0.0,0.0,0.08333333333333333,0.0,0.0,0.0,0.0,0.0,0.0,,,0.0,0.0,6.861660079051384,1483.0,0.6587615283267457,24.414011,25.8209164,253.0,0,0.0,0.0,0.0,,0.0,0.18334410687351865,0.18334410687351865,0.16945521798462973,0.18334410687351865,0.18334410687351865
naive_first_n,False,adversarial,middle,256,9,1.0,0,0.08333333333333333,0.01092896174863388,0.0,0.0,0.0,0.0,0.0,0.0,0.0,0.0,0.0,0.08333333333333333,0.0,0.0,0.0,0.0,0.0,0.0,,,1.0,0.0,6.78125,1480.0,0.3255208333333333,0.579736,0.6424028,256.0,0,0.0,0.0,0.0,,0.0,0.21704314204314204,0.21704314204314204,0.2124135124135124,0.2124135124135124,0.2124135124135124
llmlingua2,False,adversarial,middle,256,9,1.0,0,0.0,0.0,0.0,0.0,0.0,0.0,0.0,0.0,0.0,0.0,0.0,0.0,0.0,0.0,0.0,0.0,0.0,0.0,,,0.0,1.0,5.40809968847352,1415.0,0.0,84.648209,85.5580626,321.0,0,774.033203125,850.0,0.0,59.0,0.0,0.0,0.0,0.0,0.0,0.0
llmlingua_queryless,False,adversarial,middle,512,9,1.0,0,0.3611111111111111,0.025408789016840624,0.0,0.0,0.0,0.0,0.0,0.0,0.0,0.0,0.0,0.16666666666666666,0.0,0.0,0.0,0.0,0.0,0.0,,,0.0,0.0,3.6936170212765957,1266.0,0.76692602145333,168.944436,171.7268862,470.0,0,1193.203125,1334.0,0.0,56.0,0.0,0.15649225502166678,0.15649225502166678,0.13897088750029926,0.14538114391055568,0.14538114391055568
naive_first_n,False,adversarial,middle,512,9,1.0,0,0.3333333333333333,0.021739130434782608,0.0,0.0,0.0,0.0,0.0,0.0,0.0,0.0,0.0,0.16666666666666666,0.0,0.0,0.0,0.0,0.0,0.0,,,1.0,0.0,3.390625,1224.0,0.6510416666666666,0.896362,0.9273551999999999,512.0,0,0.0,0.0,0.0,,0.0,0.23278388278388276,0.23278388278388276,0.23278388278388276,0.23278388278388276,0.23278388278388276
head_tail,False,adversarial,middle,512,9,1.0,0,0.25,0.016949152542372878,0.0,0.0,0.0,0.0,0.0,0.0,0.0,0.0,0.0,0.16666666666666666,0.0,0.0,0.0,0.0,0.0,0.0,,,1.0,0.0,3.390625,1224.0,0.48828125,1.134844,1.2087606,512.0,0,0.0,0.0,0.0,,0.0,0.42632275132275127,0.42632275132275127,0.4216931216931217,0.4216931216931217,0.4216931216931217
trimwise_structural,False,adversarial,middle,512,9,1.0,0,0.16666666666666666,0.012422360248447206,0.0,0.0,0.0,0.0,0.0,0.0,0.0,0.0,0.0,0.08333333333333333,0.0,0.0,0.0,0.0,0.0,0.0,,,0.0,0.0,3.390625,1224.0,0.3255208333333333,82.140654,83.30771440000001,512.0,0,0.0,0.0,0.0,,0.0,0.20464040316981494,0.20464040316981494,0.18797373650314828,0.18797373650314828,0.18797373650314828
llmlingua2,False,adversarial,middle,512,9,1.0,0,0.16666666666666666,0.011760895097866769,0.0,0.0,0.0,0.0,0.0,0.0,0.0,0.0,0.0,0.16666666666666666,0.0,0.0,0.0,0.0,0.0,0.0,,,0.0,1.0,3.116696588868941,1179.0,0.2992224513901016,84.213844,85.3724662,557.0,0,774.033203125,850.0,0.0,59.0,0.0,0.005555555555555556,0.005555555555555556,0.0,0.0,0.0
naive_first_n,False,adversarial,middle,1024,9,1.0,0,1.0,0.033426183844011144,1.0,0.0,0.0,1.0,1.0,1.0,1.0,1.0,0.0,1.0,1.0,1.0,0.0,1.0,1.0,0.0,,,1.0,0.0,1.6953125,712.0,0.9765625,1.497615,1.6758823999999999,1024.0,0,0.0,0.0,0.0,,0.0,0.45033577533577535,0.45033577533577535,0.45033577533577535,0.45033577533577535,0.45033577533577535
llmlingua_queryless,False,adversarial,middle,1024,9,1.0,0,0.5,0.02501721325401742,0.0,0.0,0.0,0.0,0.0,0.0,0.0,0.0,0.0,0.4166666666666667,0.0,0.0,0.0,0.0,0.0,0.0,,,0.0,0.0,2.3146666666666667,986.0,0.6685382428439448,185.063869,186.6302134,750.0,0,1193.203125,1334.0,0.0,56.0,0.0,0.4112439847733966,0.4112439847733966,0.23227573080514255,0.28187890540831717,0.23227573080514255
trimwise_structural,False,adversarial,middle,1024,9,1.0,0,0.4166666666666667,0.01455604075691412,0.0,0.0,0.0,0.0,0.0,0.0,0.0,0.0,0.0,0.16666666666666666,0.0,0.0,0.0,0.0,0.0,0.0,,,0.0,0.0,1.6986301369863013,714.0,0.4076973255055447,178.613891,181.480842,1022.0,0,0.0,0.0,0.0,,0.0,0.25741818094759267,0.25741818094759267,0.22964040316981493,0.22964040316981493,0.22964040316981493
head_tail,False,adversarial,middle,1024,9,1.0,0,0.3333333333333333,0.011034482758620689,0.0,0.0,0.0,0.0,0.0,0.0,0.0,0.0,0.0,0.16666666666666666,0.0,0.0,0.0,0.0,0.0,0.0,,,1.0,0.0,1.696969696969697,713.0,0.3258390355164549,1.764493,1.814005,1023.0,0,0.0,0.0,0.0,,0.0,0.4411375661375661,0.4411375661375661,0.4411375661375661,0.4411375661375661,0.4411375661375661
llmlingua2,False,adversarial,middle,1024,9,1.0,0,0.3333333333333333,0.010126582278481013,0.0,0.0,0.0,0.0,0.0,0.0,0.0,0.0,0.0,0.25,0.0,0.0,0.0,0.0,0.0,0.0,,,0.0,1.0,1.6470588235294117,682.0,0.31632233961221484,85.106841,87.5337574,1054.0,0,774.033203125,850.0,0.0,59.0,0.0,0.03425925925925926,0.03425925925925926,0.0,0.019444444444444445,0.0
trimwise_hybrid,True,adversarial,multiple,128,6,1.0,0,1.0,0.6666666666666666,1.0,0.0,0.0,1.0,1.0,1.0,1.0,1.0,0.0,1.0,1.0,1.0,0.0,1.0,1.0,0.0,,,1.0,0.0,13.5625,1608.0,7.8125,41.748056500000004,42.7860115,128.0,0,0.0,0.0,0.0,,0.0,0.5067681773564127,0.5067681773564127,0.5067681773564127,0.5067681773564127,0.5067681773564127
trimwise_lexical,True,adversarial,multiple,128,6,1.0,0,1.0,0.6666666666666666,1.0,0.0,0.0,1.0,1.0,1.0,1.0,1.0,0.0,1.0,1.0,1.0,0.0,1.0,1.0,0.0,,,1.0,0.0,13.669291338582678,1609.0,7.874015748031496,5.582944,5.602031,127.0,0,0.0,0.0,0.0,,0.0,0.503135698723934,0.503135698723934,0.503135698723934,0.503135698723934,0.503135698723934
recomp_extractive,True,adversarial,multiple,128,6,1.0,0,0.34375,0.205607476635514,0.0,0.0,0.0,0.3333333333333333,0.3333333333333333,0.0,0.3333333333333333,0.0,0.0,0.4259259259259259,0.3333333333333333,0.0,0.0,0.3333333333333333,0.0,0.0,,,1.0,0.0,13.5625,1608.0,2.685546875,116.968279,120.02240125,128.0,0,448.01611328125,496.0,0.0,,0.0,0.3748898704781058,0.3748898704781058,0.3378528334410687,0.34248246307069835,0.34248246307069835
longllmlingua,True,adversarial,multiple,128,6,1.0,0,0.3125,0.12396005975329712,0.0,0.0,0.0,0.0,0.0,0.0,0.0,0.0,0.0,0.20145903479236812,0.0,0.0,0.0,0.0,0.0,0.0,,,0.0,1.0,8.775735294117647,1538.0,1.5887293269808744,304.231467,329.24122825,198.0,0,1193.20703125,1403.0,0.0,,0.0,0.005555555555555556,0.005555555555555556,0.005555555555555556,0.005555555555555556,0.005555555555555556
llmlingua,True,adversarial,multiple,128,6,1.0,0,0.25,0.11010150443310575,0.0,0.0,0.0,0.0,0.0,0.0,0.0,0.0,0.0,0.20538720538720537,0.0,0.0,0.0,0.0,0.0,0.0,,,0.0,1.0,10.650306748466258,1573.0,1.5403463557126216,152.51224050000002,155.68554475,163.0,0,1193.203125,1378.0,0.0,,0.0,0.0358974358974359,0.0358974358974359,0.02948717948717949,0.0358974358974359,0.0358974358974359
trimwise_lexical,True,adversarial,multiple,256,6,1.0,0,1.0,0.4413793103448276,1.0,0.0,0.0,1.0,1.0,1.0,1.0,1.0,0.0,1.0,1.0,1.0,0.0,1.0,1.0,0.0,,,1.0,0.0,8.68,1536.0,5.0,6.248084,7.51734475,200.0,0,686.13623046875,790.0,0.0,44.0,0.0,0.5799875505757859,0.5799875505757859,0.5799875505757859,0.5799875505757859,0.5799875505757859
trimwise_hybrid,True,adversarial,multiple,256,6,1.0,0,1.0,0.4324324324324324,1.0,0.0,0.0,1.0,1.0,1.0,1.0,1.0,0.0,1.0,1.0,1.0,0.0,1.0,1.0,0.0,,,1.0,0.0,8.074418604651163,1521.0,4.651162790697675,43.178643,44.269569000000004,215.0,0,686.13623046875,790.0,0.0,47.0,0.0,0.6125272331154684,0.6125272331154684,0.6125272331154684,0.6125272331154684,0.6125272331154684
recomp_extractive,True,adversarial,multiple,256,6,1.0,0,0.3489583333333333,0.122040072859745,0.0,0.0,0.0,0.3333333333333333,0.3333333333333333,0.0,0.3333333333333333,0.0,0.0,0.4259259259259259,0.3333333333333333,0.0,0.0,0.3333333333333333,0.0,0.0,,,1.0,0.0,6.834645669291339,1482.0,1.3719293389107612,121.287726,124.93274475000001,254.0,0,448.01611328125,496.0,0.0,65.0,0.0,0.4053029758912112,0.4053029758912112,0.36363630922454454,0.3682659388541742,0.3682659388541742
longllmlingua,True,adversarial,multiple,256,6,1.0,0,0.3697916666666667,0.10550390030684437,0.0,0.0,0.0,0.0,0.0,0.0,0.0,0.0,0.0,0.2801627384960718,0.0,0.0,0.0,0.0,0.0,0.0,,,0.0,1.0,5.825503355704698,1438.0,1.2279572664837828,320.677166,331.4992385,298.0,0,1193.20703125,1380.0,0.0,69.0,0.0,0.04893162393162393,0.04893162393162393,0.042521367521367516,0.04893162393162393,0.04893162393162393
llmlingua,True,adversarial,multiple,256,6,1.0,0,0.296875,0.09331721772541013,0.0,0.0,0.0,0.0,0.0,0.0,0.0,0.0,0.0,0.2196969696969697,0.0,0.0,0.0,0.0,0.0,0.0,,,0.0,0.0,7.014399059653247,1488.5,1.1932274162064358,156.5636505,157.78942925,247.5,0,1870.71435546875,2088.0,0.0,66.0,0.0,0.08883861236802414,0.08883861236802414,0.08242835595776772,0.08883861236802414,0.08883861236802414
trimwise_lexical,True,adversarial,multiple,512,6,1.0,0,1.0,0.4413793103448276,1.0,0.0,0.0,1.0,1.0,1.0,1.0,1.0,0.0,1.0,1.0,1.0,0.0,1.0,1.0,0.0,,,1.0,0.0,8.68,1536.0,5.0,5.8110475,6.1768395,200.0,0,0.0,0.0,0.0,,0.0,0.5846171802054155,0.5846171802054155,0.5846171802054155,0.5846171802054155,0.5846171802054155
trimwise_hybrid,True,adversarial,multiple,512,6,1.0,0,1.0,0.4324324324324324,1.0,0.0,0.0,1.0,1.0,1.0,1.0,1.0,0.0,1.0,1.0,1.0,0.0,1.0,1.0,0.0,,,1.0,0.0,8.074418604651163,1521.0,4.651162790697675,42.2377365,42.4082515,215.0,0,0.0,0.0,0.0,,0.0,0.6282679738562091,0.6282679738562091,0.6282679738562091,0.6282679738562091,0.6282679738562091
recomp_extractive,True,adversarial,multiple,512,6,1.0,0,0.4635416666666667,0.08580938720146265,0.0,0.0,0.0,0.3333333333333333,0.3333333333333333,0.0,0.3333333333333333,0.0,0.0,0.4259259259259259,0.3333333333333333,0.0,0.0,0.3333333333333333,0.0,0.0,,,1.0,0.0,3.390625,1224.0,0.9068525408306126,124.12918450000001,127.324795,512.0,0,448.01611328125,496.0,0.0,,0.0,0.4629533864827982,0.4629533864827982,0.3888793124087242,0.3935089420383538,0.3935089420383538
longllmlingua,True,adversarial,multiple,512,6,1.0,0,0.5052083333333334,0.0846439948154571,0.0,0.0,0.0,0.0,0.0,0.0,0.0,0.0,0.0,0.3897306397306397,0.0,0.0,0.0,0.0,0.0,0.0,,,0.0,1.0,3.33857265959296,1216.0,0.9580130645297853,343.4799575,354.18486099999996,520.0,0,1193.20703125,1334.0,0.0,,0.0,0.0767094017094017,0.0767094017094017,0.0655982905982906,0.060042735042735045,0.060042735042735045
llmlingua,True,adversarial,multiple,512,6,1.0,0,0.4166666666666667,0.0739485057101329,0.0,0.0,0.0,0.0,0.0,0.0,0.0,0.0,0.0,0.3249158249158249,0.0,0.0,0.0,0.0,0.0,0.0,,,0.0,0.0,3.6975547792950145,1266.5,0.8859888826464521,172.96159899999998,175.88140275,469.5,0,1193.203125,1334.0,0.0,,0.0,0.15649225502166678,0.15649225502166678,0.13897088750029926,0.14538114391055568,0.14538114391055568
trimwise_lexical,True,adversarial,multiple,1024,6,1.0,0,1.0,0.4413793103448276,1.0,0.0,0.0,1.0,1.0,1.0,1.0,1.0,0.0,1.0,1.0,1.0,0.0,1.0,1.0,0.0,,,1.0,0.0,8.68,1536.0,5.0,6.141484999999999,7.787585,200.0,0,686.13623046875,790.0,0.0,44.0,0.0,0.6096171802054154,0.6096171802054154,0.6096171802054154,0.6096171802054154,0.6096171802054154
trimwise_hybrid,True,adversarial,multiple,1024,6,1.0,0,1.0,0.4324324324324324,1.0,0.0,0.0,1.0,1.0,1.0,1.0,1.0,0.0,1.0,1.0,1.0,0.0,1.0,1.0,0.0,,,1.0,0.0,8.074418604651163,1521.0,4.651162790697675,42.880061999999995,43.39304575,215.0,0,686.13623046875,790.0,0.0,47.0,0.0,0.6421568627450981,0.6421568627450981,0.6421568627450981,0.6421568627450981,0.6421568627450981
llmlingua,True,adversarial,multiple,1024,6,1.0,0,0.625,0.07991953209283986,0.0,0.0,0.0,0.3333333333333333,0.0,0.0,0.0,0.0,0.0,0.5867003367003366,0.3333333333333333,0.0,0.0,0.0,0.0,0.0,,,0.0,0.0,2.3162118380062306,986.5,0.8351103643145078,188.472621,189.72206675,749.5,0,1870.71435546875,2042.0,0.0,66.0,0.0,0.4112439847733966,0.4112439847733966,0.23227573080514255,0.28187890540831717,0.23227573080514255
recomp_extractive,True,adversarial,multiple,1024,6,1.0,0,0.8177083333333334,0.07336228128307337,0.16666666666666666,0.0,0.0,0.7222222222222222,0.7222222222222222,0.16666666666666666,0.7222222222222222,0.16666666666666666,0.0,0.7685185185185185,0.7222222222222222,0.16666666666666666,0.0,0.7222222222222222,0.16666666666666666,0.0,,,1.0,0.0,1.7002938295788443,715.0,0.800729925958013,127.271408,140.502565,1021.0,0,448.01611328125,496.0,0.0,65.0,0.0,0.4972629222629223,0.4972629222629223,0.3805962555962556,0.3852258852258852,0.3852258852258852
longllmlingua,True,adversarial,multiple,1024,6,1.0,0,0.59375,0.06213399104926254,0.0,0.0,0.0,0.2222222222222222,0.0,0.0,0.0,0.0,0.0,0.4712401795735129,0.0,0.0,0.0,0.0,0.0,0.0,,,0.0,0.0,2.020957337236407,877.0,0.6927614224189892,387.969515,400.73208250000005,859.0,0,1193.20703125,1334.0,0.0,69.0,0.0,0.23955086308027485,0.23955086308027485,0.16482558835500014,0.19895257248198425,0.15927003279944454
naive_first_n,False,adversarial,multiple,128,6,1.0,0,0.375,0.2162162162162162,0.0,0.0,0.0,0.3333333333333333,0.3333333333333333,0.0,0.3333333333333333,0.0,0.0,0.4217171717171717,0.3333333333333333,0.0,0.0,0.3333333333333333,0.0,0.0,,,1.0,0.0,13.5625,1608.0,2.9296875,0.452437,0.55984925,128.0,0,0.0,0.0,0.0,,0.0,0.1901912901912902,0.1901912901912902,0.16638176638176638,0.1901912901912902,0.1901912901912902
llmlingua_queryless,False,adversarial,multiple,128,6,1.0,0,0.25,0.11010150443310575,0.0,0.0,0.0,0.0,0.0,0.0,0.0,0.0,0.0,0.20538720538720537,0.0,0.0,0.0,0.0,0.0,0.0,,,0.0,1.0,10.650306748466258,1573.0,1.5403463557126216,152.333076,153.6200585,163.0,0,1193.203125,1378.0,0.0,66.0,0.0,0.0358974358974359,0.0358974358974359,0.02948717948717949,0.0358974358974359,0.0358974358974359
head_tail,False,adversarial,multiple,128,6,1.0,0,0.1875,0.10434782608695652,0.0,0.0,0.0,0.0,0.0,0.0,0.0,0.0,0.0,0.1254208754208754,0.0,0.0,0.0,0.0,0.0,0.0,,,0.0,0.0,13.5625,1608.0,1.46484375,0.7233975,0.7351854999999999,128.0,0,0.0,0.0,0.0,,0.0,0.24538114391055568,0.24538114391055568,0.23982558835500012,0.23982558835500012,0.23982558835500012
trimwise_structural,False,adversarial,multiple,128,6,1.0,0,0.09375,0.05454545454545454,0.0,0.0,0.0,0.0,0.0,0.0,0.0,0.0,0.0,0.1254208754208754,0.0,0.0,0.0,0.0,0.0,0.0,,,0.0,0.0,13.888,1611.0,0.75,11.8789665,12.01659675,125.0,0,0.0,0.0,0.0,,0.0,0.1676033661327779,0.1676033661327779,0.14445521798462976,0.1676033661327779,0.1676033661327779
llmlingua2,False,adversarial,multiple,128,6,1.0,0,0.0,0.0,0.0,0.0,0.0,0.0,0.0,0.0,0.0,0.0,0.0,0.0,0.0,0.0,0.0,0.0,0.0,0.0,,,0.0,1.0,5.493670886075949,1420.0,0.0,84.6957875,85.58345525,316.0,0,774.033203125,850.0,0.0,58.0,0.0,0.0,0.0,0.0,0.0,0.0
head_tail,False,adversarial,multiple,256,6,1.0,0,0.6875,0.23036649214659685,0.0,0.0,0.0,0.6666666666666666,0.6666666666666666,0.0,0.6666666666666666,0.0,0.0,0.7222222222222222,0.6666666666666666,0.0,0.0,0.6666666666666666,0.0,0.0,,,1.0,0.0,6.78125,1480.0,2.685546875,0.8824825000000001,0.9010845000000001,256.0,0,0.0,0.0,0.0,,0.0,0.3369047619047619,0.3369047619047619,0.3130952380952381,0.3369047619047619,0.3130952380952381
naive_first_n,False,adversarial,multiple,256,6,1.0,0,0.40625,0.12807881773399013,0.0,0.0,0.0,0.3333333333333333,0.3333333333333333,0.0,0.3333333333333333,0.0,0.0,0.4217171717171717,0.3333333333333333,0.0,0.0,0.3333333333333333,0.0,0.0,,,1.0,0.0,6.78125,1480.0,1.5869140625,0.589329,0.6161915,256.0,0,0.0,0.0,0.0,,0.0,0.21704314204314204,0.21704314204314204,0.2124135124135124,0.2124135124135124,0.2124135124135124
llmlingua_queryless,False,adversarial,multiple,256,6,1.0,0,0.296875,0.09331721772541013,0.0,0.0,0.0,0.0,0.0,0.0,0.0,0.0,0.0,0.2196969696969697,0.0,0.0,0.0,0.0,0.0,0.0,,,0.0,0.0,7.014399059653247,1488.5,1.1932274162064358,155.3249525,156.03360475,247.5,0,1193.203125,1380.0,0.0,66.0,0.0,0.08883861236802414,0.08883861236802414,0.08242835595776772,0.08883861236802414,0.08883861236802414
trimwise_structural,False,adversarial,multiple,256,6,1.0,0,0.125,0.04301075268817204,0.0,0.0,0.0,0.0,0.0,0.0,0.0,0.0,0.0,0.1254208754208754,0.0,0.0,0.0,0.0,0.0,0.0,,,0.0,0.0,6.861660079051384,1483.0,0.49407114624505927,24.3192215,24.96920875,253.0,0,0.0,0.0,0.0,,0.0,0.18334410687351865,0.18334410687351865,0.16945521798462973,0.18334410687351865,0.18334410687351865
llmlingua2,False,adversarial,multiple,256,6,1.0,0,0.0,0.0,0.0,0.0,0.0,0.0,0.0,0.0,0.0,0.0,0.0,0.0,0.0,0.0,0.0,0.0,0.0,0.0,,,0.0,1.0,5.40809968847352,1415.0,0.0,84.39196749999999,84.97601275,321.0,0,774.033203125,850.0,0.0,60.0,0.0,0.0,0.0,0.0,0.0,0.0
head_tail,False,adversarial,multiple,512,6,1.0,0,0.6875,0.11764705882352938,0.0,0.0,0.0,0.6666666666666666,0.6666666666666666,0.0,0.6666666666666666,0.0,0.0,0.7222222222222222,0.6666666666666666,0.0,0.0,0.6666666666666666,0.0,0.0,,,1.0,0.0,3.390625,1224.0,1.3427734375,1.159081,1.179449,512.0,0,0.0,0.0,0.0,,0.0,0.42632275132275127,0.42632275132275127,0.4216931216931217,0.4216931216931217,0.4216931216931217
naive_first_n,False,adversarial,multiple,512,6,1.0,0,0.53125,0.08762886597938142,0.0,0.0,0.0,0.3333333333333333,0.3333333333333333,0.0,0.3333333333333333,0.0,0.0,0.44949494949494945,0.3333333333333333,0.0,0.0,0.3333333333333333,0.0,0.0,,,1.0,0.0,3.390625,1224.0,1.03759765625,0.8633014999999999,0.90683475,512.0,0,0.0,0.0,0.0,,0.0,0.23278388278388276,0.23278388278388276,0.23278388278388276,0.23278388278388276,0.23278388278388276
llmlingua_queryless,False,adversarial,multiple,512,6,1.0,0,0.4166666666666667,0.0739485057101329,0.0,0.0,0.0,0.0,0.0,0.0,0.0,0.0,0.0,0.3249158249158249,0.0,0.0,0.0,0.0,0.0,0.0,,,0.0,0.0,3.6975547792950145,1266.5,0.8859888826464521,171.430903,175.68119249999998,469.5,0,1193.203125,1334.0,0.0,65.0,0.0,0.15649225502166678,0.15649225502166678,0.13897088750029926,0.14538114391055568,0.14538114391055568
trimwise_structural,False,adversarial,multiple,512,6,1.0,0,0.1875,0.03508771929824562,0.0,0.0,0.0,0.0,0.0,0.0,0.0,0.0,0.0,0.1254208754208754,0.0,0.0,0.0,0.0,0.0,0.0,,,0.0,0.0,3.390625,1224.0,0.3662109375,82.7216275,83.83285875,512.0,0,0.0,0.0,0.0,,0.0,0.20464040316981494,0.20464040316981494,0.18797373650314828,0.18797373650314828,0.18797373650314828
llmlingua2,False,adversarial,multiple,512,6,1.0,0,0.09375,0.016666709533938447,0.0,0.0,0.0,0.0,0.0,0.0,0.0,0.0,0.0,0.08585858585858586,0.0,0.0,0.0,0.0,0.0,0.0,,,0.0,1.0,3.116696588868941,1179.0,0.1683125686281345,84.42887350000001,85.25226550000001,557.0,0,774.033203125,850.0,0.0,60.0,0.0,0.005555555555555556,0.005555555555555556,0.0,0.0,0.0
llmlingua_queryless,False,adversarial,multiple,1024,6,1.0,0,0.625,0.07991953209283986,0.0,0.0,0.0,0.3333333333333333,0.0,0.0,0.0,0.0,0.0,0.5867003367003366,0.3333333333333333,0.0,0.0,0.0,0.0,0.0,,,0.0,0.0,2.3162118380062306,986.5,0.8351103643145078,188.31553350000002,191.19516225,749.5,0,1193.203125,1334.0,0.0,65.0,0.0,0.4112439847733966,0.4112439847733966,0.23227573080514255,0.28187890540831717,0.23227573080514255
naive_first_n,False,adversarial,multiple,1024,6,1.0,0,0.8125,0.07046070460704607,0.0,0.0,0.0,0.6666666666666666,0.6666666666666666,0.0,0.6666666666666666,0.0,0.0,0.7272727272727272,0.6666666666666666,0.0,0.0,0.6666666666666666,0.0,0.0,,,1.0,0.0,1.6953125,712.0,0.79345703125,1.4622495,1.4819155,1024.0,0,0.0,0.0,0.0,,0.0,0.45033577533577535,0.45033577533577535,0.45033577533577535,0.45033577533577535,0.45033577533577535
head_tail,False,adversarial,multiple,1024,6,1.0,0,0.75,0.06442953020134227,0.0,0.0,0.0,0.6666666666666666,0.6666666666666666,0.0,0.6666666666666666,0.0,0.0,0.7222222222222222,0.6666666666666666,0.0,0.0,0.6666666666666666,0.0,0.0,,,1.0,0.0,1.696969696969697,713.0,0.7331378299120234,1.794794,2.52395475,1023.0,0,0.0,0.0,0.0,,0.0,0.4411375661375661,0.4411375661375661,0.4411375661375661,0.4411375661375661,0.4411375661375661
llmlingua2,False,adversarial,multiple,1024,6,1.0,0,0.46875,0.03703703703703703,0.0,0.0,0.0,0.0,0.0,0.0,0.0,0.0,0.0,0.41273849607182944,0.0,0.0,0.0,0.0,0.0,0.0,,,0.0,1.0,1.6470588235294117,682.0,0.44487526244399395,85.3665425,86.69327949999999,1054.0,0,774.033203125,850.0,0.0,60.0,0.0,0.03425925925925926,0.03425925925925926,0.0,0.019444444444444445,0.0
trimwise_structural,False,adversarial,multiple,1024,6,1.0,0,0.375,0.033946251768033946,0.0,0.0,0.0,0.0,0.0,0.0,0.0,0.0,0.0,0.1531986531986532,0.0,0.0,0.0,0.0,0.0,0.0,,,0.0,0.0,1.6986301369863013,714.0,0.3669275929549902,181.519561,182.07082425,1022.0,0,0.0,0.0,0.0,,0.0,0.25741818094759267,0.25741818094759267,0.22964040316981493,0.22964040316981493,0.22964040316981493
trimwise_hybrid,True,evidence_qa,beginning,128,6,1.0,0,0.8840579710144928,0.490109686099661,0.8333333333333334,0.8333333333333334,0.8333333333333334,0.8333333333333334,0.8333333333333334,0.8333333333333334,0.8333333333333334,0.8333333333333334,0.8333333333333334,0.8623188405797101,0.8333333333333334,0.8333333333333334,0.8333333333333334,0.8333333333333334,0.8333333333333334,0.8333333333333334,,,0.0,0.0,12.158077629163389,1378.0,7.424556778365202,38.806516,41.926194,124.5,0,0.0,0.0,0.0,,0.0,0.5067681773564127,0.5067681773564127,0.5067681773564127,0.5067681773564127,0.5067681773564127
trimwise_lexical,True,evidence_qa,beginning,128,6,1.0,0,0.8840579710144928,0.45947574236430294,0.8333333333333334,0.8333333333333334,0.8333333333333334,0.8333333333333334,0.8333333333333334,0.8333333333333334,0.8333333333333334,0.8333333333333334,0.8333333333333334,0.8623188405797101,0.8333333333333334,0.8333333333333334,0.8333333333333334,0.8333333333333334,0.8333333333333334,0.8333333333333334,,,0.0,0.0,12.41662110442865,1380.5,7.106844514241377,5.477762500000001,6.89988375,125.5,0,0.0,0.0,0.0,,0.0,0.503135698723934,0.503135698723934,0.503135698723934,0.503135698723934,0.503135698723934
recomp_extractive,True,evidence_qa,beginning,128,6,1.0,0,0.6847826086956522,0.3164881386015694,0.6666666666666666,0.6666666666666666,0.6666666666666666,0.6666666666666666,0.0,0.0,0.0,0.0,0.0,0.5327898550724638,0.16666666666666666,0.16666666666666666,0.16666666666666666,0.16666666666666666,0.16666666666666666,0.16666666666666666,,,0.0,0.0,11.879,1376.0,5.3805159120734904,113.4990035,296.063199,128.0,0,936.10986328125,1014.0,0.0,,0.0,0.3748898704781058,0.3748898704781058,0.3378528334410687,0.34248246307069835,0.34248246307069835
longllmlingua,True,evidence_qa,beginning,128,6,1.0,0,0.2858695652173913,0.11823293405804487,0.0,0.0,0.0,0.0,0.0,0.0,0.0,0.0,0.0,0.19830917874396137,0.0,0.0,0.0,0.0,0.0,0.0,,,0.0,0.6666666666666666,8.249494186924355,1319.0,1.7243275200579327,279.00210849999996,726.61986175,182.0,0,1193.2041015625,1404.0,0.0,,0.0,0.005555555555555556,0.005555555555555556,0.005555555555555556,0.005555555555555556,0.005555555555555556
llmlingua,True,evidence_qa,beginning,128,6,1.0,0,0.22306763285024156,0.11098709301247657,0.0,0.0,0.0,0.0,0.0,0.0,0.0,0.0,0.0,0.1521135265700483,0.0,0.0,0.0,0.0,0.0,0.0,,,0.0,0.6666666666666666,9.547204066811911,1345.0,1.6609277377758707,140.359332,373.00985549999996,157.5,0,1193.2001953125,1380.0,0.0,,0.0,0.0358974358974359,0.0358974358974359,0.02948717948717949,0.0358974358974359,0.0358974358974359
trimwise_lexical,True,evidence_qa,beginning,256,6,1.0,0,0.9021739130434782,0.26126671945117685,0.8333333333333334,0.8333333333333334,0.8333333333333334,0.8333333333333334,0.8333333333333334,0.8333333333333334,0.8333333333333334,0.8333333333333334,0.8333333333333334,0.8623188405797101,0.8333333333333334,0.8333333333333334,0.8333333333333334,0.8333333333333334,0.8333333333333334,0.8333333333333334,,,0.0,0.0,5.932899012623422,1249.0,3.6235611250783015,6.058299,7.68618225,254.0,0,686.13623046875,790.0,0.0,54.0,0.0,0.5799875505757859,0.5799875505757859,0.5799875505757859,0.5799875505757859,0.5799875505757859
trimwise_hybrid,True,evidence_qa,beginning,256,6,1.0,0,0.9021739130434782,0.25816671856671464,0.8333333333333334,0.8333333333333334,0.8333333333333334,0.8333333333333334,0.8333333333333334,0.8333333333333334,0.8333333333333334,0.8333333333333334,0.8333333333333334,0.8623188405797101,0.8333333333333334,0.8333333333333334,0.8333333333333334,0.8333333333333334,0.8333333333333334,0.8333333333333334,,,0.0,0.0,5.903767176161804,1248.0,3.540570669591377,39.2511265,43.937005,255.0,0,686.13623046875,790.0,0.0,45.0,0.0,0.6125272331154684,0.6125272331154684,0.6125272331154684,0.6125272331154684,0.6125272331154684
recomp_extractive,True,evidence_qa,beginning,256,6,1.0,0,0.8278985507246377,0.22278771599398742,0.8333333333333334,0.8333333333333334,0.8333333333333334,0.8333333333333334,0.16666666666666666,0.16666666666666666,0.16666666666666666,0.16666666666666666,0.16666666666666666,0.7092391304347826,0.3333333333333333,0.3333333333333333,0.3333333333333333,0.3333333333333333,0.3333333333333333,0.3333333333333333,,,0.0,0.0,5.917430055025964,1249.0,3.2506293226545258,110.08027899999999,294.32623424999997,255.0,0,448.01611328125,492.0,0.0,68.0,0.0,0.4053029758912112,0.4053029758912112,0.36363630922454454,0.3682659388541742,0.3682659388541742
longllmlingua,True,evidence_qa,beginning,256,6,1.0,0,0.40905797101449276,0.11600603447849726,0.0,0.0,0.0,0.0,0.0,0.0,0.0,0.0,0.0,0.3106280193236715,0.0,0.0,0.0,0.0,0.0,0.0,,,0.0,0.6666666666666666,5.040369212077577,1202.5,1.5305867384365353,295.0835655,745.440654,298.5,0,1193.2041015625,1380.0,0.0,69.0,0.0,0.04893162393162393,0.04893162393162393,0.042521367521367516,0.04893162393162393,0.04893162393162393
llmlingua,True,evidence_qa,beginning,256,6,1.0,0,0.24420289855072463,0.08889813105340812,0.0,0.0,0.0,0.0,0.0,0.0,0.0,0.0,0.0,0.19800724637681158,0.0,0.0,0.0,0.0,0.0,0.0,,,0.0,0.6666666666666666,5.65585097327053,1236.0,1.1599803469200587,146.558875,382.2323535,265.5,0,1870.71142578125,2064.0,0.0,64.0,0.0,0.08883861236802414,0.08883861236802414,0.08242835595776772,0.08883861236802414,0.08883861236802414
trimwise_hybrid,True,evidence_qa,beginning,512,6,1.0,0,1.0,0.25945939026311554,1.0,1.0,1.0,1.0,1.0,1.0,1.0,1.0,1.0,1.0,1.0,1.0,1.0,1.0,1.0,1.0,,,0.0,0.0,5.632448606026472,1236.5,3.4466732274323824,40.240901,43.52795,266.5,0,0.0,0.0,0.0,,0.0,0.6282679738562091,0.6282679738562091,0.6282679738562091,0.6282679738562091,0.6282679738562091
trimwise_lexical,True,evidence_qa,beginning,512,6,1.0,0,1.0,0.2531551430662698,1.0,1.0,1.0,1.0,1.0,1.0,1.0,1.0,1.0,1.0,1.0,1.0,1.0,1.0,1.0,1.0,,,0.0,0.0,5.808695001496558,1245.5,3.462493340156426,5.517564,7.939618,262.0,0,0.0,0.0,0.0,,0.0,0.5846171802054155,0.5846171802054155,0.5846171802054155,0.5846171802054155,0.5846171802054155
recomp_extractive,True,evidence_qa,beginning,512,6,1.0,0,0.8496376811594203,0.12743595615220138,0.8333333333333334,0.8333333333333334,0.8333333333333334,0.8333333333333334,0.16666666666666666,0.16666666666666666,0.16666666666666666,0.16666666666666666,0.16666666666666666,0.7092391304347826,0.3333333333333333,0.3333333333333333,0.3333333333333333,0.3333333333333333,0.3333333333333333,0.3333333333333333,,,0.0,0.0,2.9431928935957945,992.0,1.6625938524669694,117.724282,294.94555475000004,511.5,0,936.10986328125,1014.0,0.0,,0.0,0.4629533864827982,0.4629533864827982,0.3888793124087242,0.3935089420383538,0.3935089420383538
llmlingua,True,evidence_qa,beginning,512,6,1.0,0,0.5096618357487923,0.10537030942938092,0.0,0.0,0.0,0.0,0.0,0.0,0.0,0.0,0.0,0.41509661835748796,0.0,0.0,0.0,0.0,0.0,0.0,,,0.0,0.0,3.095876288659794,1016.5,1.3046102090167635,158.356114,386.70424675000004,485.0,0,1193.2001953125,1334.0,0.0,,0.0,0.15649225502166678,0.15649225502166678,0.13897088750029926,0.14538114391055568,0.14538114391055568
longllmlingua,True,evidence_qa,beginning,512,6,1.0,0,0.488828502415459,0.09326413175003878,0.0,0.0,0.0,0.0,0.0,0.0,0.0,0.0,0.0,0.3628623188405797,0.0,0.0,0.0,0.0,0.0,0.0,,,0.0,0.5,2.7635164316080707,956.0,1.112285512394682,316.0164035,768.7633285000001,545.5,0,1193.2041015625,1334.0,0.0,,0.0,0.0767094017094017,0.0767094017094017,0.0655982905982906,0.060042735042735045,0.060042735042735045
trimwise_lexical,True,evidence_qa,beginning,1024,6,1.0,0,1.0,0.21613553731130106,1.0,1.0,1.0,1.0,1.0,1.0,1.0,1.0,1.0,1.0,1.0,1.0,1.0,1.0,1.0,1.0,,,0.0,0.0,5.7369463869463875,1245.5,3.0006036450573954,6.0891775,10.044165249999999,262.0,0,686.13623046875,790.0,0.0,54.0,0.0,0.6096171802054154,0.6096171802054154,0.6096171802054154,0.6096171802054154,0.6096171802054154
trimwise_hybrid,True,evidence_qa,beginning,1024,6,1.0,0,1.0,0.2111773376682707,1.0,1.0,1.0,1.0,1.0,1.0,1.0,1.0,1.0,1.0,1.0,1.0,1.0,1.0,1.0,1.0,,,0.0,0.0,5.420582193561808,1236.5,2.89633855467928,39.256201000000004,39.99768375,277.5,0,686.13623046875,790.0,0.0,45.0,0.0,0.6421568627450981,0.6421568627450981,0.6421568627450981,0.6421568627450981,0.6421568627450981
llmlingua,True,evidence_qa,beginning,1024,6,1.0,0,0.8010869565217392,0.11147671856187064,0.6666666666666666,0.6666666666666666,0.6666666666666666,0.6666666666666666,0.0,0.0,0.6666666666666666,0.6666666666666666,0.6666666666666666,0.7206521739130435,0.6666666666666666,0.6666666666666666,0.6666666666666666,0.6666666666666666,0.6666666666666666,0.6666666666666666,,,0.0,0.0,2.1966700652136275,818.5,1.327424043262185,174.69044150000002,406.68830825,683.5,0,1870.71142578125,2042.0,0.0,63.0,0.0,0.4112439847733966,0.4112439847733966,0.23227573080514255,0.28187890540831717,0.23227573080514255
longllmlingua,True,evidence_qa,beginning,1024,6,1.0,0,0.6206521739130435,0.0748133474851958,0.0,0.0,0.0,0.0,0.0,0.0,0.0,0.0,0.0,0.4621376811594203,0.0,0.0,0.0,0.0,0.0,0.0,,,0.0,0.0,1.7145165498975825,625.5,0.8609031599952353,362.6273585,806.1827197499999,875.5,0,1193.2041015625,1334.0,0.0,69.0,0.0,0.23955086308027485,0.23955086308027485,0.16482558835500014,0.19895257248198425,0.15927003279944454
recomp_extractive,True,evidence_qa,beginning,1024,6,1.0,0,0.9208937198067634,0.07048584819442454,0.8333333333333334,0.8333333333333334,0.8333333333333334,0.8333333333333334,0.16666666666666666,0.16666666666666666,0.16666666666666666,0.16666666666666666,0.16666666666666666,0.7092391304347826,0.3333333333333333,0.3333333333333333,0.3333333333333333,0.3333333333333333,0.3333333333333333,0.3333333333333333,,,0.0,0.0,1.473533154683409,483.0,0.9013927563189809,125.0992755,307.4066405,1022.0,0,448.01611328125,492.0,0.0,68.0,0.0,0.4972629222629223,0.4972629222629223,0.3805962555962556,0.3852258852258852,0.3852258852258852
naive_first_n,False,evidence_qa,beginning,128,6,1.0,0,0.7601449275362319,0.33987664447106103,0.6666666666666666,0.6666666666666666,0.6666666666666666,0.6666666666666666,0.6666666666666666,0.6666666666666666,0.6666666666666666,0.6666666666666666,0.6666666666666666,0.7123188405797102,0.6666666666666666,0.6666666666666666,0.6666666666666666,0.6666666666666666,0.6666666666666666,0.6666666666666666,,,0.0,0.0,11.7421875,1375.0,5.9386322463768115,0.461022,1.194796,128.0,0,0.0,0.0,0.0,48.0,0.0,0.1901912901912902,0.1901912901912902,0.16638176638176638,0.1901912901912902,0.1901912901912902
llmlingua_queryless,False,evidence_qa,beginning,128,6,1.0,0,0.22306763285024156,0.11098709301247657,0.0,0.0,0.0,0.0,0.0,0.0,0.0,0.0,0.0,0.1521135265700483,0.0,0.0,0.0,0.0,0.0,0.0,,,0.0,0.6666666666666666,9.547204066811911,1345.0,1.6609277377758707,141.4664885,375.3611955,157.5,0,1193.2001953125,1380.0,0.0,54.0,0.0,0.0358974358974359,0.0358974358974359,0.02948717948717949,0.0358974358974359,0.0358974358974359
head_tail,False,evidence_qa,beginning,128,6,1.0,0,0.18798309178743963,0.09506649681629221,0.0,0.0,0.0,0.0,0.0,0.0,0.0,0.0,0.0,0.1309782608695652,0.0,0.0,0.0,0.0,0.0,0.0,,,0.0,0.0,11.7421875,1375.0,1.4686179045893721,0.63289,1.275479,128.0,0,0.0,0.0,0.0,,0.0,0.24538114391055568,0.24538114391055568,0.23982558835500012,0.23982558835500012,0.23982558835500012
trimwise_structural,False,evidence_qa,beginning,128,6,1.0,0,0.1076086956521739,0.05875909359805757,0.0,0.0,0.0,0.0,0.0,0.0,0.0,0.0,0.0,0.09565217391304348,0.0,0.0,0.0,0.0,0.0,0.0,,,0.0,0.0,11.964349206349207,1376.5,0.8554636566693481,11.4883775,11.81336125,126.5,0,0.0,0.0,0.0,,0.0,0.1676033661327779,0.1676033661327779,0.14445521798462976,0.1676033661327779,0.1676033661327779
llmlingua2,False,evidence_qa,beginning,128,6,1.0,0,0.0,0.0,0.0,0.0,0.0,0.0,0.0,0.0,0.0,0.0,0.0,0.0,0.0,0.0,0.0,0.0,0.0,0.0,,,0.0,1.0,7.5885391424125705,1304.5,0.0,83.6773455,137.1971205,199.0,0,774.033203125,850.0,0.0,62.0,0.0,0.0,0.0,0.0,0.0,0.0
naive_first_n,False,evidence_qa,beginning,256,6,1.0,0,0.8891304347826088,0.2370088785702699,0.8333333333333334,0.8333333333333334,0.8333333333333334,0.8333333333333334,0.6666666666666666,0.6666666666666666,0.6666666666666666,0.6666666666666666,0.6666666666666666,0.8278985507246377,0.6666666666666666,0.6666666666666666,0.6666666666666666,0.6666666666666666,0.6666666666666666,0.6666666666666666,,,0.0,0.0,5.87109375,1247.0,3.473165760869565,0.584966,0.94460975,256.0,0,0.0,0.0,0.0,,0.0,0.21704314204314204,0.21704314204314204,0.2124135124135124,0.2124135124135124,0.2124135124135124
head_tail,False,evidence_qa,beginning,256,6,1.0,0,0.8152173913043478,0.21611001389940757,0.6666666666666666,0.6666666666666666,0.6666666666666666,0.6666666666666666,0.6666666666666666,0.6666666666666666,0.6666666666666666,0.6666666666666666,0.6666666666666666,0.7206521739130435,0.6666666666666666,0.6666666666666666,0.6666666666666666,0.6666666666666666,0.6666666666666666,0.6666666666666666,,,0.0,0.0,5.892156862745098,1247.5,3.1908256962205175,0.7810125,1.35749525,255.5,0,0.0,0.0,0.0,,0.0,0.3369047619047619,0.3369047619047619,0.3130952380952381,0.3369047619047619,0.3130952380952381
llmlingua_queryless,False,evidence_qa,beginning,256,6,1.0,0,0.24420289855072463,0.08889813105340812,0.0,0.0,0.0,0.0,0.0,0.0,0.0,0.0,0.0,0.19800724637681158,0.0,0.0,0.0,0.0,0.0,0.0,,,0.0,0.6666666666666666,5.65585097327053,1236.0,1.1599803469200587,150.75257749999997,382.2425875,265.5,0,1193.2001953125,1356.0,0.0,54.0,0.0,0.08883861236802414,0.08883861236802414,0.08242835595776772,0.08883861236802414,0.08883861236802414
trimwise_structural,False,evidence_qa,beginning,256,6,1.0,0,0.2584541062801932,0.07912493055714452,0.16666666666666666,0.16666666666666666,0.16666666666666666,0.16666666666666666,0.16666666666666666,0.16666666666666666,0.16666666666666666,0.16666666666666666,0.16666666666666666,0.2548309178743961,0.16666666666666666,0.16666666666666666,0.16666666666666666,0.16666666666666666,0.16666666666666666,0.16666666666666666,,,0.0,0.0,5.911417322834646,1248.0,1.0143210170612997,26.892440999999998,27.143406,254.5,0,0.0,0.0,0.0,,0.0,0.18334410687351865,0.18334410687351865,0.16945521798462973,0.18334410687351865,0.18334410687351865
llmlingua2,False,evidence_qa,beginning,256,6,1.0,0,0.0,0.0,0.0,0.0,0.0,0.0,0.0,0.0,0.0,0.0,0.0,0.0,0.0,0.0,0.0,0.0,0.0,0.0,,,0.0,0.0,6.114078314252531,1255.5,0.0,83.560694,135.1787885,245.5,0,774.033203125,850.0,0.0,62.0,0.0,0.0,0.0,0.0,0.0,0.0
naive_first_n,False,evidence_qa,beginning,512,6,1.0,0,1.0,0.15167276891177353,1.0,1.0,1.0,1.0,1.0,1.0,1.0,1.0,1.0,1.0,1.0,1.0,1.0,1.0,1.0,1.0,,,0.0,0.0,2.935546875,991.0,1.953125,0.8860475000000001,2.4649027500000003,512.0,0,0.0,0.0,0.0,48.0,0.0,0.23278388278388276,0.23278388278388276,0.23278388278388276,0.23278388278388276,0.23278388278388276
head_tail,False,evidence_qa,beginning,512,6,1.0,0,0.9036231884057971,0.13203480144166732,0.8333333333333334,0.8333333333333334,0.8333333333333334,0.8333333333333334,0.6666666666666666,0.6666666666666666,0.6666666666666666,0.6666666666666666,0.6666666666666666,0.8112318840579711,0.6666666666666666,0.6666666666666666,0.6666666666666666,0.6666666666666666,0.6666666666666666,0.6666666666666666,,,0.0,0.0,2.9412915851272015,992.0,1.7667364183612693,1.122943,1.7370365,511.5,0,0.0,0.0,0.0,,0.0,0.42632275132275127,0.42632275132275127,0.4216931216931217,0.4216931216931217,0.4216931216931217
llmlingua_queryless,False,evidence_qa,beginning,512,6,1.0,0,0.5096618357487923,0.10537030942938092,0.0,0.0,0.0,0.0,0.0,0.0,0.0,0.0,0.0,0.41509661835748796,0.0,0.0,0.0,0.0,0.0,0.0,,,0.0,0.0,3.095876288659794,1016.5,1.3046102090167635,158.6775075,2607.2714035,485.0,1,1193.2001953125,1334.0,0.0,52.0,0.0,0.15649225502166678,0.15649225502166678,0.13897088750029926,0.14538114391055568,0.14538114391055568
trimwise_structural,False,evidence_qa,beginning,512,6,1.0,0,0.4039855072463768,0.08523665172355044,0.16666666666666666,0.16666666666666666,0.16666666666666666,0.16666666666666666,0.16666666666666666,0.16666666666666666,0.16666666666666666,0.16666666666666666,0.16666666666666666,0.3146135265700483,0.16666666666666666,0.16666666666666666,0.16666666666666666,0.16666666666666666,0.16666666666666666,0.16666666666666666,,,0.0,0.0,2.951866404715128,993.5,0.9518328964959585,76.181782,78.89155650000001,509.0,0,0.0,0.0,0.0,,0.0,0.20464040316981494,0.20464040316981494,0.18797373650314828,0.18797373650314828,0.18797373650314828
llmlingua2,False,evidence_qa,beginning,512,6,1.0,0,0.13158212560386473,0.028672502222771526,0.0,0.0,0.0,0.0,0.0,0.0,0.0,0.0,0.0,0.07071256038647343,0.0,0.0,0.0,0.0,0.0,0.0,,,0.0,0.0,3.075761639358002,1014.0,0.2799903734727937,83.8169595,133.9211335,488.5,0,774.033203125,850.0,0.0,62.0,0.0,0.005555555555555556,0.005555555555555556,0.0,0.0,0.0
llmlingua_queryless,False,evidence_qa,beginning,1024,6,1.0,0,0.8010869565217392,0.11147671856187064,0.6666666666666666,0.6666666666666666,0.6666666666666666,0.6666666666666666,0.0,0.0,0.6666666666666666,0.6666666666666666,0.6666666666666666,0.7206521739130435,0.6666666666666666,0.6666666666666666,0.6666666666666666,0.6666666666666666,0.6666666666666666,0.6666666666666666,,,0.0,0.0,2.1966700652136275,818.5,1.327424043262185,172.8588755,397.832444,683.5,0,1193.2001953125,1334.0,0.0,52.0,0.0,0.4112439847733966,0.4112439847733966,0.23227573080514255,0.28187890540831717,0.23227573080514255
naive_first_n,False,evidence_qa,beginning,1024,6,1.0,0,1.0,0.08118911319527033,1.0,1.0,1.0,1.0,1.0,1.0,1.0,1.0,1.0,1.0,1.0,1.0,1.0,1.0,1.0,1.0,,,0.0,0.0,1.4677734375,479.0,0.9765625,1.4818115,1.97642,1024.0,0,0.0,0.0,0.0,,0.0,0.45033577533577535,0.45033577533577535,0.45033577533577535,0.45033577533577535,0.45033577533577535
head_tail,False,evidence_qa,beginning,1024,6,1.0,0,1.0,0.08019724054487631,1.0,1.0,1.0,1.0,1.0,1.0,1.0,1.0,1.0,1.0,1.0,1.0,1.0,1.0,1.0,1.0,,,0.0,0.0,1.4680015884652982,479.0,0.9768807021831215,1.7028154999999998,2.46631775,1024.0,0,0.0,0.0,0.0,,0.0,0.4411375661375661,0.4411375661375661,0.4411375661375661,0.4411375661375661,0.4411375661375661
llmlingua2,False,evidence_qa,beginning,1024,6,1.0,0,0.6842995169082126,0.045725763091781606,0.0,0.0,0.0,0.0,0.0,0.0,0.0,0.0,0.0,0.5611714975845411,0.0,0.0,0.0,0.0,0.0,0.0,,,0.0,0.3333333333333333,1.513094737055611,509.5,0.6621668527270052,84.19469799999999,136.59186175000002,994.5,0,774.033203125,850.0,0.0,62.0,0.0,0.03425925925925926,0.03425925925925926,0.0,0.019444444444444445,0.0
trimwise_structural,False,evidence_qa,beginning,1024,6,1.0,0,0.3278985507246377,0.030029193028574847,0.0,0.0,0.0,0.0,0.0,0.0,0.0,0.0,0.0,0.18266908212560384,0.0,0.0,0.0,0.0,0.0,0.0,,,0.0,0.0,1.470156555772994,480.5,0.32471087908249463,139.1559845,144.2430405,1022.5,0,0.0,0.0,0.0,,0.0,0.25741818094759267,0.25741818094759267,0.22964040316981493,0.22964040316981493,0.22964040316981493
trimwise_hybrid,True,evidence_qa,end,128,7,1.0,0,0.7493506493506494,0.37025215288253766,0.7142857142857143,0.7142857142857143,0.7142857142857143,0.7142857142857143,0.7142857142857143,0.7142857142857143,0.7142857142857143,0.7142857142857143,0.7142857142857143,0.7493506493506494,0.7142857142857143,0.7142857142857143,0.7142857142857143,0.7142857142857143,0.7142857142857143,0.7142857142857143,,,0.0,0.0,12.525,1383.0,6.2125801838379875,37.547336,38.729371,124.0,0,0.0,0.0,0.0,,0.0,0.5067681773564127,0.5067681773564127,0.5067681773564127,0.5067681773564127,0.5067681773564127
trimwise_lexical,True,evidence_qa,end,128,7,1.0,0,0.7493506493506494,0.3688598470808184,0.7142857142857143,0.7142857142857143,0.7142857142857143,0.7142857142857143,0.7142857142857143,0.7142857142857143,0.7142857142857143,0.7142857142857143,0.7142857142857143,0.7493506493506494,0.7142857142857143,0.7142857142857143,0.7142857142857143,0.7142857142857143,0.7142857142857143,0.7142857142857143,,,0.0,0.0,12.429752066115702,1382.0,6.184893729585137,5.057341,7.062863899999999,121.0,0,0.0,0.0,0.0,,0.0,0.503135698723934,0.503135698723934,0.503135698723934,0.503135698723934,0.503135698723934
llmlingua,True,evidence_qa,end,128,7,1.0,0,0.7623376623376623,0.282665381075424,0.7142857142857143,0.0,0.0,0.7142857142857143,0.7142857142857143,0.7142857142857143,0.7142857142857143,0.7142857142857143,0.0,0.7623376623376623,0.7142857142857143,0.7142857142857143,0.0,0.7142857142857143,0.7142857142857143,0.0,,,0.0,0.7142857142857143,9.10909090909091,1338.0,4.76934655004384,144.195528,362.5049480999999,165.0,0,1193.2001953125,1380.0,0.0,,0.0,0.0358974358974359,0.0358974358974359,0.02948717948717949,0.0358974358974359,0.0358974358974359
recomp_extractive,True,evidence_qa,end,128,7,1.0,0,0.561770113944027,0.26630556140607986,0.5714285714285714,0.5714285714285714,0.5714285714285714,0.5714285714285714,0.0,0.0,0.0,0.0,0.0,0.45194797955667515,0.0,0.0,0.0,0.0,0.0,0.0,,,0.0,0.0,11.826771653543307,1376.0,4.398263683209977,108.433363,288.57133589999995,128.0,0,448.01611328125,492.0,0.0,,0.0,0.3748898704781058,0.3748898704781058,0.3378528334410687,0.34248246307069835,0.34248246307069835
longllmlingua,True,evidence_qa,end,128,7,1.0,0,0.7623376623376623,0.25220248103106035,0.7142857142857143,0.0,0.0,0.7142857142857143,0.7142857142857143,0.7142857142857143,0.7142857142857143,0.7142857142857143,0.0,0.7623376623376623,0.7142857142857143,0.7142857142857143,0.0,0.7142857142857143,0.7142857142857143,0.0,,,0.0,0.8571428571428571,7.547738693467337,1303.0,3.997314969898784,282.918212,733.8992991999999,199.0,0,1193.2041015625,1404.0,0.0,,0.0,0.005555555555555556,0.005555555555555556,0.005555555555555556,0.005555555555555556,0.005555555555555556
trimwise_hybrid,True,evidence_qa,end,256,7,1.0,0,0.7615584415584415,0.19917053368756754,0.7142857142857143,0.7142857142857143,0.7142857142857143,0.7142857142857143,0.7142857142857143,0.7142857142857143,0.7142857142857143,0.7142857142857143,0.7142857142857143,0.7493506493506494,0.7142857142857143,0.7142857142857143,0.7142857142857143,0.7142857142857143,0.7142857142857143,0.7142857142857143,,,0.0,0.0,6.266666666666667,1264.0,3.1381284366261304,39.308104,40.2125199,253.0,0,686.13623046875,790.0,0.0,46.0,0.0,0.6125272331154684,0.6125272331154684,0.6125272331154684,0.6125272331154684,0.6125272331154684
trimwise_lexical,True,evidence_qa,end,256,7,1.0,0,0.7558441558441559,0.19781162886003564,0.7142857142857143,0.7142857142857143,0.7142857142857143,0.7142857142857143,0.7142857142857143,0.7142857142857143,0.7142857142857143,0.7142857142857143,0.7142857142857143,0.7493506493506494,0.7142857142857143,0.7142857142857143,0.7142857142857143,0.7142857142857143,0.7142857142857143,0.7142857142857143,,,0.0,0.0,6.163934426229508,1258.0,3.0520641844960883,5.84698,7.819314699999999,253.0,0,686.13623046875,790.0,0.0,46.0,0.0,0.5799875505757859,0.5799875505757859,0.5799875505757859,0.5799875505757859,0.5799875505757859
llmlingua,True,evidence_qa,end,256,7,1.0,0,0.7623376623376623,0.18921014250657184,0.7142857142857143,0.0,0.0,0.7142857142857143,0.7142857142857143,0.7142857142857143,0.7142857142857143,0.7142857142857143,0.0,0.7623376623376623,0.7142857142857143,0.7142857142857143,0.0,0.7142857142857143,0.7142857142857143,0.0,,,0.0,0.7142857142857143,5.469090909090909,1228.0,2.925277073354227,149.820361,378.69884229999997,275.0,0,1870.71142578125,2064.0,0.0,66.0,0.0,0.08883861236802414,0.08883861236802414,0.08242835595776772,0.08883861236802414,0.08883861236802414
recomp_extractive,True,evidence_qa,end,256,7,1.0,0,0.6487398109137239,0.17387806813911566,0.5714285714285714,0.5714285714285714,0.5714285714285714,0.5714285714285714,0.0,0.0,0.0,0.0,0.0,0.4919479795566752,0.0,0.0,0.0,0.0,0.0,0.0,,,0.0,0.0,5.898039215686275,1249.0,2.540675630364175,114.879552,299.9692428,255.0,0,448.01611328125,492.0,0.0,64.0,0.0,0.4053029758912112,0.4053029758912112,0.36363630922454454,0.3682659388541742,0.3682659388541742
longllmlingua,True,evidence_qa,end,256,7,1.0,0,0.7623376623376623,0.1709320168098543,0.7142857142857143,0.0,0.0,0.7142857142857143,0.7142857142857143,0.7142857142857143,0.7142857142857143,0.7142857142857143,0.0,0.7623376623376623,0.7142857142857143,0.7142857142857143,0.0,0.7142857142857143,0.7142857142857143,0.0,,,0.0,0.7142857142857143,4.738170347003154,1185.0,2.499364358209667,302.302505,763.7031974999999,317.0,0,1193.2041015625,1380.0,4115.508255024906,70.0,0.0,0.04893162393162393,0.04893162393162393,0.042521367521367516,0.04893162393162393,0.04893162393162393
trimwise_lexical,True,evidence_qa,end,512,7,1.0,0,0.7558441558441559,0.19693512893476445,0.7142857142857143,0.7142857142857143,0.7142857142857143,0.7142857142857143,0.7142857142857143,0.7142857142857143,0.7142857142857143,0.7142857142857143,0.7142857142857143,0.7493506493506494,0.7142857142857143,0.7142857142857143,0.7142857142857143,0.7142857142857143,0.7142857142857143,0.7142857142857143,,,0.0,0.0,6.163934426229508,1258.0,3.0135807282991145,5.452806,7.595522599999998,257.0,0,0.0,0.0,0.0,,0.0,0.5846171802054155,0.5846171802054155,0.5846171802054155,0.5846171802054155,0.5846171802054155
trimwise_hybrid,True,evidence_qa,end,512,7,1.0,0,0.7615584415584415,0.192996691295398,0.7142857142857143,0.7142857142857143,0.7142857142857143,0.7142857142857143,0.7142857142857143,0.7142857142857143,0.7142857142857143,0.7142857142857143,0.7142857142857143,0.7493506493506494,0.7142857142857143,0.7142857142857143,0.7142857142857143,0.7142857142857143,0.7142857142857143,0.7142857142857143,,,0.0,0.0,6.266666666666667,1264.0,2.9447987404555698,38.014474,39.2908882,265.0,0,0.0,0.0,0.0,,0.0,0.6282679738562091,0.6282679738562091,0.6282679738562091,0.6282679738562091,0.6282679738562091
recomp_extractive,True,evidence_qa,end,512,7,1.0,0,0.8734384456123586,0.1243859634355721,0.8571428571428571,0.8571428571428571,0.8571428571428571,0.8571428571428571,0.0,0.0,0.0,0.0,0.0,0.7339260015346972,0.0,0.0,0.0,0.0,0.0,0.0,,,0.0,0.0,2.9375,992.0,1.7083969704348536,112.858938,290.66485989999995,512.0,0,448.01611328125,492.0,0.0,,0.0,0.4629533864827982,0.4629533864827982,0.3888793124087242,0.3935089420383538,0.3935089420383538
llmlingua,True,evidence_qa,end,512,7,1.0,0,0.7745454545454545,0.12000740855564848,0.7142857142857143,0.7142857142857143,0.7142857142857143,0.7142857142857143,0.7142857142857143,0.7142857142857143,0.7142857142857143,0.7142857142857143,0.7142857142857143,0.7680519480519481,0.7142857142857143,0.7142857142857143,0.7142857142857143,0.7142857142857143,0.7142857142857143,0.7142857142857143,,,0.0,0.0,3.0383838383838384,1009.0,1.7463109954059637,164.437402,378.0497744,495.0,0,1193.2001953125,1334.0,0.0,,0.0,0.15649225502166678,0.15649225502166678,0.13897088750029926,0.14538114391055568,0.14538114391055568
longllmlingua,True,evidence_qa,end,512,7,1.0,0,0.7623376623376623,0.10031559879585103,0.7142857142857143,0.0,0.0,0.7142857142857143,0.7142857142857143,0.7142857142857143,0.7142857142857143,0.7142857142857143,0.0,0.7623376623376623,0.7142857142857143,0.7142857142857143,0.0,0.7142857142857143,0.7142857142857143,0.0,,,0.0,0.7142857142857143,2.7050359712230216,948.0,1.4112095813102072,320.784373,765.0459052999998,556.0,0,1193.2041015625,1334.0,0.0,,0.0,0.0767094017094017,0.0767094017094017,0.0655982905982906,0.060042735042735045,0.060042735042735045
trimwise_lexical,True,evidence_qa,end,1024,7,1.0,0,1.0,0.20366135071697328,1.0,1.0,1.0,1.0,1.0,1.0,1.0,1.0,1.0,1.0,1.0,1.0,1.0,1.0,1.0,1.0,,,0.0,0.0,5.825581395348837,1258.0,3.114485537384821,5.749877,10.842704999999999,258.0,0,686.13623046875,790.0,0.0,46.0,0.0,0.6096171802054154,0.6096171802054154,0.6096171802054154,0.6096171802054154,0.6096171802054154
trimwise_hybrid,True,evidence_qa,end,1024,7,1.0,0,1.0,0.2021713008306567,1.0,1.0,1.0,1.0,1.0,1.0,1.0,1.0,1.0,1.0,1.0,1.0,1.0,1.0,1.0,1.0,,,0.0,0.0,5.277192982456141,1264.0,3.0679388397241287,39.191342,40.4169201,285.0,0,686.13623046875,790.0,0.0,46.0,0.0,0.6421568627450981,0.6421568627450981,0.6421568627450981,0.6421568627450981,0.6421568627450981
llmlingua,True,evidence_qa,end,1024,7,1.0,0,0.8103896103896104,0.0932838686840949,0.7142857142857143,0.7142857142857143,0.7142857142857143,0.7142857142857143,0.7142857142857143,0.7142857142857143,0.7142857142857143,0.7142857142857143,0.7142857142857143,0.7680519480519481,0.7142857142857143,0.7142857142857143,0.7142857142857143,0.7142857142857143,0.7142857142857143,0.7142857142857143,,,0.0,0.0,2.1412268188302424,800.0,1.260554623024428,177.796326,402.78760109999996,701.0,0,1870.71142578125,2042.0,0.0,66.0,0.0,0.4112439847733966,0.4112439847733966,0.23227573080514255,0.28187890540831717,0.23227573080514255
longllmlingua,True,evidence_qa,end,1024,7,1.0,0,0.7966233766233766,0.07059708705205876,0.7142857142857143,0.7142857142857143,0.7142857142857143,0.7142857142857143,0.7142857142857143,0.7142857142857143,0.7142857142857143,0.7142857142857143,0.7142857142857143,0.7623376623376623,0.7142857142857143,0.7142857142857143,0.7142857142857143,0.7142857142857143,0.7142857142857143,0.7142857142857143,,,0.0,0.0,1.733256351039261,635.0,0.9635768621948316,362.18105,839.8746416999999,866.0,0,1193.2041015625,1334.0,4126.795597025193,70.0,0.0,0.23955086308027485,0.23955086308027485,0.16482558835500014,0.19895257248198425,0.15927003279944454
recomp_extractive,True,evidence_qa,end,1024,7,1.0,0,0.9301417423156553,0.06699945603554892,1.0,1.0,1.0,1.0,0.0,0.0,0.0,0.0,0.0,0.7339260015346972,0.0,0.0,0.0,0.0,0.0,0.0,,,0.0,0.0,1.46875,480.0,0.9089790540659382,122.711797,301.3769561,1023.0,0,448.01611328125,492.0,0.0,64.0,0.0,0.4972629222629223,0.4972629222629223,0.3805962555962556,0.3852258852258852,0.3852258852258852
head_tail,False,evidence_qa,end,128,7,1.0,0,0.7680519480519481,0.33901541587804557,0.7142857142857143,0.7142857142857143,0.7142857142857143,0.7142857142857143,0.7142857142857143,0.7142857142857143,0.7142857142857143,0.7142857142857143,0.7142857142857143,0.7623376623376623,0.7142857142857143,0.7142857142857143,0.7142857142857143,0.7142857142857143,0.7142857142857143,0.7142857142857143,,,0.0,0.0,11.75,1376.0,6.009193808160343,0.659626,1.3403325,128.0,0,0.0,0.0,0.0,,0.0,0.24538114391055568,0.24538114391055568,0.23982558835500012,0.23982558835500012,0.23982558835500012
trimwise_structural,False,evidence_qa,end,128,7,1.0,0,0.680831053004966,0.3162035570780207,0.7142857142857143,0.7142857142857143,0.7142857142857143,0.7142857142857143,0.0,0.0,0.0,0.0,0.0,0.680831053004966,0.7142857142857143,0.7142857142857143,0.7142857142857143,0.7142857142857143,0.7142857142857143,0.7142857142857143,,,0.0,0.0,11.936507936507937,1378.0,5.38685718647302,11.183623,11.3265728,126.0,0,0.0,0.0,0.0,,0.0,0.1676033661327779,0.1676033661327779,0.14445521798462976,0.1676033661327779,0.1676033661327779
llmlingua_queryless,False,evidence_qa,end,128,7,1.0,0,0.7623376623376623,0.282665381075424,0.7142857142857143,0.0,0.0,0.7142857142857143,0.7142857142857143,0.7142857142857143,0.7142857142857143,0.7142857142857143,0.0,0.7623376623376623,0.7142857142857143,0.7142857142857143,0.0,0.7142857142857143,0.7142857142857143,0.0,,,0.0,0.7142857142857143,9.10909090909091,1338.0,4.76934655004384,140.165549,371.72119499999997,165.0,0,1193.2001953125,1380.0,0.0,65.0,0.0,0.0358974358974359,0.0358974358974359,0.02948717948717949,0.0358974358974359,0.0358974358974359
naive_first_n,False,evidence_qa,end,128,7,1.0,0,0.16808647873865265,0.07253954659997401,0.0,0.0,0.0,0.0,0.0,0.0,0.0,0.0,0.0,0.13326724000637044,0.0,0.0,0.0,0.0,0.0,0.0,,,0.0,0.0,11.75,1376.0,1.313175615145724,0.414529,0.81282,128.0,0,0.0,0.0,0.0,,0.0,0.1901912901912902,0.1901912901912902,0.16638176638176638,0.1901912901912902,0.1901912901912902
llmlingua2,False,evidence_qa,end,128,7,1.0,0,0.0,0.0,0.0,0.0,0.0,0.0,0.0,0.0,0.0,0.0,0.0,0.0,0.0,0.0,0.0,0.0,0.0,0.0,,,0.0,1.0,7.557788944723618,1304.0,0.0,83.447897,135.8225169,199.0,0,774.033203125,850.0,0.0,60.0,0.0,0.0,0.0,0.0,0.0,0.0
trimwise_structural,False,evidence_qa,end,256,7,1.0,0,0.731820063993977,0.19748976463420867,0.7142857142857143,0.7142857142857143,0.7142857142857143,0.7142857142857143,0.2857142857142857,0.2857142857142857,0.2857142857142857,0.2857142857142857,0.2857142857142857,0.7261057782796912,0.7142857142857143,0.7142857142857143,0.7142857142857143,0.7142857142857143,0.7142857142857143,0.7142857142857143,,,0.0,0.0,5.921259842519685,1250.0,2.876825428055145,25.314497,26.3960274,254.0,0,0.0,0.0,0.0,,0.0,0.18334410687351865,0.18334410687351865,0.16945521798462973,0.18334410687351865,0.18334410687351865
head_tail,False,evidence_qa,end,256,7,1.0,0,0.7737662337662338,0.1927732906555601,0.7142857142857143,0.7142857142857143,0.7142857142857143,0.7142857142857143,0.7142857142857143,0.7142857142857143,0.7142857142857143,0.7142857142857143,0.7142857142857143,0.7623376623376623,0.7142857142857143,0.7142857142857143,0.7142857142857143,0.7142857142857143,0.7142857142857143,0.7142857142857143,,,0.0,0.0,5.875,1248.0,3.02532547109753,0.809129,1.3399389,256.0,0,0.0,0.0,0.0,,0.0,0.3369047619047619,0.3369047619047619,0.3130952380952381,0.3369047619047619,0.3130952380952381
llmlingua_queryless,False,evidence_qa,end,256,7,1.0,0,0.7623376623376623,0.18921014250657184,0.7142857142857143,0.0,0.0,0.7142857142857143,0.7142857142857143,0.7142857142857143,0.7142857142857143,0.7142857142857143,0.0,0.7623376623376623,0.7142857142857143,0.7142857142857143,0.0,0.7142857142857143,0.7142857142857143,0.0,,,0.0,0.7142857142857143,5.469090909090909,1228.0,2.925277073354227,148.405728,378.47007829999995,275.0,0,1193.2001953125,1356.0,0.0,64.0,0.0,0.08883861236802414,0.08883861236802414,0.08242835595776772,0.08883861236802414,0.08883861236802414
naive_first_n,False,evidence_qa,end,256,7,1.0,0,0.20315141380358773,0.05299057303216475,0.0,0.0,0.0,0.0,0.0,0.0,0.0,0.0,0.0,0.16857027030940075,0.0,0.0,0.0,0.0,0.0,0.0,,,0.0,0.0,5.875,1248.0,0.7935602101702646,0.537271,0.8432546,256.0,0,0.0,0.0,0.0,,0.0,0.21704314204314204,0.21704314204314204,0.2124135124135124,0.2124135124135124,0.2124135124135124
llmlingua2,False,evidence_qa,end,256,7,1.0,0,0.023874458874458875,0.015121043323321735,0.0,0.0,0.0,0.0,0.0,0.0,0.0,0.0,0.0,0.023874458874458875,0.0,0.0,0.0,0.0,0.0,0.0,,,0.0,0.0,6.1387755102040815,1259.0,0.09896850729829146,83.595649,133.6334874,245.0,0,774.033203125,850.0,0.0,59.0,0.0,0.0,0.0,0.0,0.0,0.0
head_tail,False,evidence_qa,end,512,7,1.0,0,0.8961038961038961,0.12366549771324993,0.8571428571428571,0.8571428571428571,0.8571428571428571,0.8571428571428571,0.8571428571428571,0.8571428571428571,0.8571428571428571,0.8571428571428571,0.8571428571428571,0.8766233766233766,0.8571428571428571,0.8571428571428571,0.8571428571428571,0.8571428571428571,0.8571428571428571,0.8571428571428571,,,0.0,0.0,2.943248532289628,993.0,1.7523870148931304,1.108852,1.7466292999999997,511.0,0,0.0,0.0,0.0,,0.0,0.42632275132275127,0.42632275132275127,0.4216931216931217,0.4216931216931217,0.4216931216931217
llmlingua_queryless,False,evidence_qa,end,512,7,1.0,0,0.7745454545454545,0.12000740855564848,0.7142857142857143,0.7142857142857143,0.7142857142857143,0.7142857142857143,0.7142857142857143,0.7142857142857143,0.7142857142857143,0.7142857142857143,0.7142857142857143,0.7680519480519481,0.7142857142857143,0.7142857142857143,0.7142857142857143,0.7142857142857143,0.7142857142857143,0.7142857142857143,,,0.0,0.0,3.0383838383838384,1009.0,1.7463109954059637,159.372431,383.59872949999993,495.0,0,1193.2001953125,1334.0,0.0,63.0,0.0,0.15649225502166678,0.15649225502166678,0.13897088750029926,0.14538114391055568,0.14538114391055568
trimwise_structural,False,evidence_qa,end,512,7,1.0,0,0.8005194805194805,0.11760838082068881,0.7142857142857143,0.7142857142857143,0.7142857142857143,0.7142857142857143,0.7142857142857143,0.7142857142857143,0.7142857142857143,0.7142857142857143,0.7142857142857143,0.7753246753246754,0.7142857142857143,0.7142857142857143,0.7142857142857143,0.7142857142857143,0.7142857142857143,0.7142857142857143,,,0.0,0.0,2.9490196078431374,994.0,1.6009352637858199,77.231182,79.3983751,510.0,0,0.0,0.0,0.0,,0.0,0.20464040316981494,0.20464040316981494,0.18797373650314828,0.18797373650314828,0.18797373650314828
llmlingua2,False,evidence_qa,end,512,7,1.0,0,0.24587036152253544,0.04197186165655013,0.0,0.0,0.0,0.0,0.0,0.0,0.0,0.0,0.0,0.15550666724579768,0.0,0.0,0.0,0.0,0.0,0.0,,,0.0,0.0,3.0948453608247424,1016.0,0.5147873351121769,83.596139,133.0044736,485.0,0,774.033203125,850.0,0.0,60.0,0.0,0.005555555555555556,0.005555555555555556,0.0,0.0,0.0
naive_first_n,False,evidence_qa,end,512,7,1.0,0,0.2668634264286438,0.037451584516272715,0.0,0.0,0.0,0.0,0.0,0.0,0.0,0.0,0.0,0.17478145043362434,0.0,0.0,0.0,0.0,0.0,0.0,,,0.0,0.0,2.9375,992.0,0.521217629743445,0.850847,1.2488015,512.0,0,0.0,0.0,0.0,,0.0,0.23278388278388276,0.23278388278388276,0.23278388278388276,0.23278388278388276,0.23278388278388276
llmlingua_queryless,False,evidence_qa,end,1024,7,1.0,0,0.8103896103896104,0.0932838686840949,0.7142857142857143,0.7142857142857143,0.7142857142857143,0.7142857142857143,0.7142857142857143,0.7142857142857143,0.7142857142857143,0.7142857142857143,0.7142857142857143,0.7680519480519481,0.7142857142857143,0.7142857142857143,0.7142857142857143,0.7142857142857143,0.7142857142857143,0.7142857142857143,,,0.0,0.0,2.1412268188302424,800.0,1.260554623024428,175.557221,398.85483089999997,701.0,0,1193.2001953125,1334.0,0.0,65.0,0.0,0.4112439847733966,0.4112439847733966,0.23227573080514255,0.28187890540831717,0.23227573080514255
trimwise_structural,False,evidence_qa,end,1024,7,1.0,0,1.0,0.07201947545436531,1.0,1.0,1.0,1.0,1.0,1.0,1.0,1.0,1.0,1.0,1.0,1.0,1.0,1.0,1.0,1.0,,,0.0,0.0,1.4701857282502444,481.0,0.9846933909426919,138.030403,140.65835909999998,1023.0,0,0.0,0.0,0.0,,0.0,0.25741818094759267,0.25741818094759267,0.22964040316981493,0.22964040316981493,0.22964040316981493
head_tail,False,evidence_qa,end,1024,7,1.0,0,1.0,0.07046661081807386,1.0,1.0,1.0,1.0,1.0,1.0,1.0,1.0,1.0,1.0,1.0,1.0,1.0,1.0,1.0,1.0,,,0.0,0.0,1.46875,480.0,0.976698872364195,1.737487,2.4386625,1024.0,0,0.0,0.0,0.0,,0.0,0.4411375661375661,0.4411375661375661,0.4411375661375661,0.4411375661375661,0.4411375661375661
llmlingua2,False,evidence_qa,end,1024,7,1.0,0,0.6853954740911262,0.042822888834199026,0.0,0.0,0.0,0.0,0.0,0.0,0.0,0.0,0.0,0.6005107935542718,0.0,0.0,0.0,0.0,0.0,0.0,,,0.0,0.2857142857142857,1.5115577889447236,508.0,0.6653479392371265,83.519114,133.9170589,996.0,0,774.033203125,850.0,0.0,60.0,0.0,0.03425925925925926,0.03425925925925926,0.0,0.019444444444444445,0.0
naive_first_n,False,evidence_qa,end,1024,7,1.0,0,0.3721862195775239,0.027243109959883265,0.0,0.0,0.0,0.0,0.0,0.0,0.0,0.0,0.0,0.22971463319289406,0.0,0.0,0.0,0.0,0.0,0.0,,,0.0,0.0,1.46875,480.0,0.3634631050561757,1.425929,2.0476562,1024.0,0,0.0,0.0,0.0,,0.0,0.45033577533577535,0.45033577533577535,0.45033577533577535,0.45033577533577535,0.45033577533577535
trimwise_hybrid,True,evidence_qa,middle,128,11,1.0,0,0.8417715617715618,0.3857813129031669,0.8181818181818182,0.8181818181818182,0.8181818181818182,0.8181818181818182,0.8181818181818182,0.8181818181818182,0.8181818181818182,0.8181818181818182,0.8181818181818182,0.837109557109557,0.8181818181818182,0.8181818181818182,0.8181818181818182,0.8181818181818182,0.8181818181818182,0.8181818181818182,,,0.0,0.0,11.7578125,1376.0,6.686019558655821,38.408725,39.7709575,128.0,0,0.0,0.0,0.0,,0.0,0.5067681773564127,0.5067681773564127,0.5067681773564127,0.5067681773564127,0.5067681773564127
trimwise_lexical,True,evidence_qa,middle,128,11,1.0,0,0.8417715617715618,0.38575137105424856,0.8181818181818182,0.8181818181818182,0.8181818181818182,0.8181818181818182,0.8181818181818182,0.8181818181818182,0.8181818181818182,0.8181818181818182,0.8181818181818182,0.837109557109557,0.8181818181818182,0.8181818181818182,0.8181818181818182,0.8181818181818182,0.8181818181818182,0.8181818181818182,,,0.0,0.0,11.912698412698413,1376.0,6.677150322628726,5.100269,6.7738765,127.0,0,0.0,0.0,0.0,,0.0,0.503135698723934,0.503135698723934,0.503135698723934,0.503135698723934,0.503135698723934
recomp_extractive,True,evidence_qa,middle,128,11,1.0,0,0.3386013986013986,0.16340245609047221,0.0,0.0,0.0,0.0,0.0,0.0,0.0,0.0,0.0,0.3217249417249417,0.0,0.0,0.0,0.0,0.0,0.0,,,0.0,0.0,11.928571428571429,1377.0,2.6946128696325546,110.914513,293.25030300000003,127.0,0,448.01611328125,492.0,0.0,,0.0,0.3748898704781058,0.3748898704781058,0.3378528334410687,0.34248246307069835,0.34248246307069835
llmlingua,True,evidence_qa,middle,128,11,1.0,0,0.24125874125874128,0.10336211380743537,0.0,0.0,0.0,0.0,0.0,0.0,0.0,0.0,0.0,0.15743589743589745,0.0,0.0,0.0,0.0,0.0,0.0,,,0.0,0.8181818181818182,9.103030303030303,1337.0,1.624469032865759,140.85987,351.3621295,165.0,0,1193.2001953125,1380.0,0.0,,0.0,0.0358974358974359,0.0358974358974359,0.02948717948717949,0.0358974358974359,0.0358974358974359
longllmlingua,True,evidence_qa,middle,128,11,1.0,0,0.2508624708624709,0.10214062612433486,0.0,0.0,0.0,0.0,0.0,0.0,0.0,0.0,0.0,0.1647086247086247,0.0,0.0,0.0,0.0,0.0,0.0,,,0.0,0.8181818181818182,8.344444444444445,1322.0,1.5297193980308557,275.087187,698.4433665,180.0,0,1193.2041015625,1404.0,0.0,,0.0,0.005555555555555556,0.005555555555555556,0.005555555555555556,0.005555555555555556,0.005555555555555556
trimwise_hybrid,True,evidence_qa,middle,256,11,1.0,0,0.9277389277389276,0.26873912601369526,0.9090909090909091,0.9090909090909091,0.9090909090909091,0.9090909090909091,0.9090909090909091,0.9090909090909091,0.9090909090909091,0.9090909090909091,0.9090909090909091,0.9207459207459207,0.9090909090909091,0.9090909090909091,0.9090909090909091,0.9090909090909091,0.9090909090909091,0.9090909090909091,,,0.0,0.0,6.474137931034483,1270.0,3.9199628064207857,38.911779,40.8133635,235.0,0,686.13623046875,790.0,0.0,46.0,0.0,0.6125272331154684,0.6125272331154684,0.6125272331154684,0.6125272331154684,0.6125272331154684
trimwise_lexical,True,evidence_qa,middle,256,11,1.0,0,0.9254079254079254,0.24698001677577316,0.9090909090909091,0.9090909090909091,0.9090909090909091,0.9090909090909091,0.9090909090909091,0.9090909090909091,0.9090909090909091,0.9090909090909091,0.9090909090909091,0.9207459207459207,0.9090909090909091,0.9090909090909091,0.9090909090909091,0.9090909090909091,0.9090909090909091,0.9090909090909091,,,0.0,0.0,6.109756097560975,1256.0,3.7446041620109183,5.936171,7.3378105,248.0,0,686.13623046875,790.0,0.0,49.0,0.0,0.5799875505757859,0.5799875505757859,0.5799875505757859,0.5799875505757859,0.5799875505757859
recomp_extractive,True,evidence_qa,middle,256,11,1.0,0,0.5172494172494173,0.1477714208125964,0.09090909090909091,0.09090909090909091,0.09090909090909091,0.09090909090909091,0.0,0.0,0.0,0.0,0.0,0.45002331002331,0.0,0.0,0.0,0.0,0.0,0.0,,,0.0,0.0,5.921259842519685,1249.0,2.035045852271738,109.940738,296.61067849999995,255.0,0,448.01611328125,492.0,0.0,62.0,0.0,0.4053029758912112,0.4053029758912112,0.36363630922454454,0.3682659388541742,0.3682659388541742
llmlingua,True,evidence_qa,middle,256,11,1.0,0,0.29524475524475524,0.08841852706658503,0.0,0.0,0.0,0.0,0.0,0.0,0.0,0.0,0.0,0.15379953379953382,0.0,0.0,0.0,0.0,0.0,0.0,,,0.0,0.8181818181818182,5.538745387453875,1230.0,1.2412150552571497,147.061462,367.4227905,271.0,0,1870.71142578125,2064.0,0.0,65.0,0.0,0.08883861236802414,0.08883861236802414,0.08242835595776772,0.08883861236802414,0.08883861236802414
longllmlingua,True,evidence_qa,middle,256,11,1.0,0,0.30862470862470864,0.08136413597605176,0.0,0.0,0.0,0.0,0.0,0.0,0.0,0.0,0.0,0.20648018648018648,0.0,0.0,0.0,0.0,0.0,0.0,,,0.0,0.8181818181818182,4.9311475409836065,1199.0,1.1347081174990423,295.191692,722.1072194999999,305.0,0,1193.2041015625,1380.0,4126.704622001853,70.0,0.0,0.04893162393162393,0.04893162393162393,0.042521367521367516,0.04893162393162393,0.04893162393162393
trimwise_hybrid,True,evidence_qa,middle,512,11,1.0,0,0.9277389277389276,0.25378045646401826,0.9090909090909091,0.9090909090909091,0.9090909090909091,0.9090909090909091,0.9090909090909091,0.9090909090909091,0.9090909090909091,0.9090909090909091,0.9090909090909091,0.9207459207459207,0.9090909090909091,0.9090909090909091,0.9090909090909091,0.9090909090909091,0.9090909090909091,0.9090909090909091,,,0.0,0.0,6.446351931330472,1270.0,3.734674821160213,38.742994,40.493039499999995,235.0,0,0.0,0.0,0.0,,0.0,0.6282679738562091,0.6282679738562091,0.6282679738562091,0.6282679738562091,0.6282679738562091
trimwise_lexical,True,evidence_qa,middle,512,11,1.0,0,0.9254079254079254,0.23220182685069857,0.9090909090909091,0.9090909090909091,0.9090909090909091,0.9090909090909091,0.9090909090909091,0.9090909090909091,0.9090909090909091,0.9090909090909091,0.9090909090909091,0.9207459207459207,0.9090909090909091,0.9090909090909091,0.9090909090909091,0.9090909090909091,0.9090909090909091,0.9090909090909091,,,0.0,0.0,6.056451612903226,1256.0,3.5628365101963295,5.458388,8.038738,248.0,0,0.0,0.0,0.0,,0.0,0.5846171802054155,0.5846171802054155,0.5846171802054155,0.5846171802054155,0.5846171802054155
recomp_extractive,True,evidence_qa,middle,512,11,1.0,0,0.796969696969697,0.1202842952184493,0.6363636363636364,0.6363636363636364,0.6363636363636364,0.6363636363636364,0.09090909090909091,0.09090909090909091,0.09090909090909091,0.09090909090909091,0.09090909090909091,0.695944055944056,0.09090909090909091,0.09090909090909091,0.09090909090909091,0.09090909090909091,0.09090909090909091,0.09090909090909091,,,0.0,0.0,2.939334637964775,991.0,1.5587011070114414,113.791414,295.1172065,511.0,0,448.01611328125,492.0,0.0,,0.0,0.4629533864827982,0.4629533864827982,0.3888793124087242,0.3935089420383538,0.3935089420383538
llmlingua,True,evidence_qa,middle,512,11,1.0,0,0.45603729603729604,0.07831474685287493,0.0,0.0,0.0,0.0,0.0,0.0,0.0,0.0,0.0,0.3407925407925408,0.0,0.0,0.0,0.0,0.0,0.0,,,0.0,0.0,3.048780487804878,1008.0,1.0482920342446247,156.976751,366.92753000000005,492.0,0,1193.2001953125,1334.0,0.0,,0.0,0.15649225502166678,0.15649225502166678,0.13897088750029926,0.14538114391055568,0.14538114391055568
longllmlingua,True,evidence_qa,middle,512,11,1.0,0,0.451981351981352,0.07336197733852451,0.0,0.0,0.0,0.0,0.0,0.0,0.0,0.0,0.0,0.32727272727272727,0.0,0.0,0.0,0.0,0.0,0.0,,,0.0,0.8181818181818182,2.6678507992895204,939.0,0.9194565391705879,317.917481,728.9017595,563.0,0,1193.2041015625,1334.0,0.0,,0.0,0.0767094017094017,0.0767094017094017,0.0655982905982906,0.060042735042735045,0.060042735042735045
trimwise_hybrid,True,evidence_qa,middle,1024,11,1.0,0,1.0,0.25061385762693306,1.0,1.0,1.0,1.0,1.0,1.0,1.0,1.0,1.0,1.0,1.0,1.0,1.0,1.0,1.0,1.0,,,0.0,0.0,6.404255319148936,1270.0,3.6733715039245016,38.854304,40.031233,235.0,0,686.13623046875,790.0,0.0,46.0,0.0,0.6421568627450981,0.6421568627450981,0.6421568627450981,0.6421568627450981,0.6421568627450981
trimwise_lexical,True,evidence_qa,middle,1024,11,1.0,0,1.0,0.22883910363470833,1.0,1.0,1.0,1.0,1.0,1.0,1.0,1.0,1.0,1.0,1.0,1.0,1.0,1.0,1.0,1.0,,,0.0,0.0,6.044176706827309,1256.0,3.4983699619004556,5.928307,10.2587685,249.0,0,686.13623046875,790.0,0.0,49.0,0.0,0.6096171802054154,0.6096171802054154,0.6096171802054154,0.6096171802054154,0.6096171802054154
llmlingua,True,evidence_qa,middle,1024,11,1.0,0,0.8100699300699301,0.09522094544468264,0.8181818181818182,0.8181818181818182,0.8181818181818182,0.8181818181818182,0.0,0.0,0.0,0.0,0.0,0.6961305361305361,0.5454545454545454,0.5454545454545454,0.5454545454545454,0.0,0.0,0.0,,,0.0,0.0,2.183406113537118,813.0,1.2353382888778401,174.470183,388.20219299999997,689.0,0,1870.71142578125,2042.0,0.0,65.0,0.0,0.4112439847733966,0.4112439847733966,0.23227573080514255,0.28187890540831717,0.23227573080514255
recomp_extractive,True,evidence_qa,middle,1024,11,1.0,0,0.8733799533799533,0.06628470651913064,0.9090909090909091,0.9090909090909091,0.9090909090909091,0.9090909090909091,0.09090909090909091,0.09090909090909091,0.09090909090909091,0.09090909090909091,0.09090909090909091,0.7075990675990677,0.09090909090909091,0.09090909090909091,0.09090909090909091,0.09090909090909091,0.09090909090909091,0.09090909090909091,,,0.0,0.0,1.46875,480.0,0.853783253275322,117.859838,303.8654215,1023.0,0,448.01611328125,492.0,0.0,62.0,0.0,0.4972629222629223,0.4972629222629223,0.3805962555962556,0.3852258852258852,0.3852258852258852
longllmlingua,True,evidence_qa,middle,1024,11,1.0,0,0.6022843822843823,0.06054402884064782,0.0,0.0,0.0,0.0,0.0,0.0,0.0,0.0,0.0,0.49953379953379956,0.0,0.0,0.0,0.0,0.0,0.0,,,0.0,0.0,1.6560088202866594,595.0,0.7425556569347361,362.109856,805.835075,907.0,0,1193.2041015625,1334.0,4117.555172007997,70.0,0.0,0.23955086308027485,0.23955086308027485,0.16482558835500014,0.19895257248198425,0.15927003279944454
naive_first_n,False,evidence_qa,middle,128,11,1.0,0,0.24386946386946387,0.10960374060377576,0.0,0.0,0.0,0.0,0.0,0.0,0.0,0.0,0.0,0.20065268065268063,0.0,0.0,0.0,0.0,0.0,0.0,,,0.0,0.0,11.734375,1374.0,1.9052301864801864,0.42302,0.797485,128.0,0,0.0,0.0,0.0,,0.0,0.1901912901912902,0.1901912901912902,0.16638176638176638,0.1901912901912902,0.1901912901912902
llmlingua_queryless,False,evidence_qa,middle,128,11,1.0,0,0.24125874125874128,0.10336211380743537,0.0,0.0,0.0,0.0,0.0,0.0,0.0,0.0,0.0,0.15743589743589745,0.0,0.0,0.0,0.0,0.0,0.0,,,0.0,0.8181818181818182,9.103030303030303,1337.0,1.624469032865759,138.722106,352.9938645,165.0,0,1193.2001953125,1380.0,0.0,61.0,0.0,0.0358974358974359,0.0358974358974359,0.02948717948717949,0.0358974358974359,0.0358974358974359
head_tail,False,evidence_qa,middle,128,11,1.0,0,0.20153846153846153,0.09383449224125066,0.0,0.0,0.0,0.0,0.0,0.0,0.0,0.0,0.0,0.131981351981352,0.0,0.0,0.0,0.0,0.0,0.0,,,0.0,0.0,11.734375,1374.0,1.5745192307692308,0.636276,1.2566145,128.0,0,0.0,0.0,0.0,,0.0,0.24538114391055568,0.24538114391055568,0.23982558835500012,0.23982558835500012,0.23982558835500012
trimwise_structural,False,evidence_qa,middle,128,11,1.0,0,0.15818181818181817,0.07732623638750703,0.0,0.0,0.0,0.0,0.0,0.0,0.0,0.0,0.0,0.12354312354312355,0.0,0.0,0.0,0.0,0.0,0.0,,,0.0,0.0,11.928571428571429,1377.0,1.255418230980207,11.710729,11.891875500000001,126.0,0,0.0,0.0,0.0,,0.0,0.1676033661327779,0.1676033661327779,0.14445521798462976,0.1676033661327779,0.1676033661327779
llmlingua2,False,evidence_qa,middle,128,11,1.0,0,0.0036363636363636364,0.00505050505050505,0.0,0.0,0.0,0.0,0.0,0.0,0.0,0.0,0.0,0.0036363636363636364,0.0,0.0,0.0,0.0,0.0,0.0,,,0.0,1.0,7.547738693467337,1303.0,0.016306563391765186,71.952925,134.82137699999998,199.0,0,756.15380859375,840.0,0.0,59.0,0.0,0.0,0.0,0.0,0.0,0.0
llmlingua_queryless,False,evidence_qa,middle,256,11,1.0,0,0.29524475524475524,0.08841852706658503,0.0,0.0,0.0,0.0,0.0,0.0,0.0,0.0,0.0,0.15379953379953382,0.0,0.0,0.0,0.0,0.0,0.0,,,0.0,0.8181818181818182,5.538745387453875,1230.0,1.2412150552571497,145.047788,359.4778245,271.0,0,1193.2001953125,1356.0,0.0,61.0,0.0,0.08883861236802414,0.08883861236802414,0.08242835595776772,0.08883861236802414,0.08883861236802414
head_tail,False,evidence_qa,middle,256,11,1.0,0,0.32522144522144525,0.0873000538718319,0.0,0.0,0.0,0.0,0.0,0.0,0.0,0.0,0.0,0.2232167832167832,0.0,0.0,0.0,0.0,0.0,0.0,,,0.0,0.0,5.87890625,1247.0,1.2722202225878698,0.774907,1.3136299999999999,256.0,0,0.0,0.0,0.0,,0.0,0.3369047619047619,0.3369047619047619,0.3130952380952381,0.3369047619047619,0.3130952380952381
naive_first_n,False,evidence_qa,middle,256,11,1.0,0,0.2988811188811189,0.07797835111544332,0.0,0.0,0.0,0.0,0.0,0.0,0.0,0.0,0.0,0.21855477855477856,0.0,0.0,0.0,0.0,0.0,0.0,,,0.0,0.0,5.8671875,1246.0,1.1675043706293706,0.551308,0.8645590000000001,256.0,0,0.0,0.0,0.0,,0.0,0.21704314204314204,0.21704314204314204,0.2124135124135124,0.2124135124135124,0.2124135124135124
trimwise_structural,False,evidence_qa,middle,256,11,1.0,0,0.2278787878787879,0.06820129210816289,0.0,0.0,0.0,0.0,0.0,0.0,0.0,0.0,0.0,0.1703962703962704,0.0,0.0,0.0,0.0,0.0,0.0,,,0.0,0.0,5.913385826771654,1248.0,0.8953590106178111,27.095541,28.907858,254.0,0,0.0,0.0,0.0,,0.0,0.18334410687351865,0.18334410687351865,0.16945521798462973,0.18334410687351865,0.18334410687351865
llmlingua2,False,evidence_qa,middle,256,11,1.0,0,0.018181818181818184,0.010344169655651068,0.0,0.0,0.0,0.0,0.0,0.0,0.0,0.0,0.0,0.018181818181818184,0.0,0.0,0.0,0.0,0.0,0.0,,,0.0,0.0,6.080971659919029,1255.0,0.0738542609824004,70.745215,133.23916400000002,247.0,0,756.15380859375,840.0,0.0,61.0,0.0,0.0,0.0,0.0,0.0,0.0
llmlingua_queryless,False,evidence_qa,middle,512,11,1.0,0,0.45603729603729604,0.07831474685287493,0.0,0.0,0.0,0.0,0.0,0.0,0.0,0.0,0.0,0.3407925407925408,0.0,0.0,0.0,0.0,0.0,0.0,,,0.0,0.0,3.048780487804878,1008.0,1.0482920342446247,156.500053,369.59723099999997,492.0,0,1193.2001953125,1334.0,0.0,60.0,0.0,0.15649225502166678,0.15649225502166678,0.13897088750029926,0.14538114391055568,0.14538114391055568
trimwise_structural,False,evidence_qa,middle,512,11,1.0,0,0.34382284382284384,0.05788396375071914,0.09090909090909091,0.09090909090909091,0.09090909090909091,0.09090909090909091,0.09090909090909091,0.09090909090909091,0.09090909090909091,0.09090909090909091,0.09090909090909091,0.25403263403263404,0.09090909090909091,0.09090909090909091,0.09090909090909091,0.09090909090909091,0.09090909090909091,0.09090909090909091,,,0.0,0.0,2.9469548133595285,992.0,0.6926191684149877,76.204569,81.0090635,510.0,0,0.0,0.0,0.0,,0.0,0.20464040316981494,0.20464040316981494,0.18797373650314828,0.18797373650314828,0.18797373650314828
head_tail,False,evidence_qa,middle,512,11,1.0,0,0.38750582750582746,0.056846677896058025,0.0,0.0,0.0,0.0,0.0,0.0,0.0,0.0,0.0,0.2278787878787879,0.0,0.0,0.0,0.0,0.0,0.0,,,0.0,0.0,2.9375,991.0,0.7573742253750815,1.098392,1.700493,512.0,0,0.0,0.0,0.0,,0.0,0.42632275132275127,0.42632275132275127,0.4216931216931217,0.4216931216931217,0.4216931216931217
naive_first_n,False,evidence_qa,middle,512,11,1.0,0,0.36540792540792544,0.053815757678452945,0.0,0.0,0.0,0.0,0.0,0.0,0.0,0.0,0.0,0.2302097902097902,0.0,0.0,0.0,0.0,0.0,0.0,,,0.0,0.0,2.93359375,990.0,0.7136873543123543,0.865774,1.1933785,512.0,0,0.0,0.0,0.0,,0.0,0.23278388278388276,0.23278388278388276,0.23278388278388276,0.23278388278388276,0.23278388278388276
llmlingua2,False,evidence_qa,middle,512,11,1.0,0,0.1944055944055944,0.03621262264815709,0.0,0.0,0.0,0.0,0.0,0.0,0.0,0.0,0.0,0.14885780885780886,0.0,0.0,0.0,0.0,0.0,0.0,,,0.0,0.0,3.0548780487804876,1011.0,0.404873827612349,71.293147,133.0617565,492.0,0,756.15380859375,840.0,0.0,61.0,0.0,0.005555555555555556,0.005555555555555556,0.0,0.0,0.0
llmlingua_queryless,False,evidence_qa,middle,1024,11,1.0,0,0.8100699300699301,0.09522094544468264,0.8181818181818182,0.8181818181818182,0.8181818181818182,0.8181818181818182,0.0,0.0,0.0,0.0,0.0,0.6961305361305361,0.5454545454545454,0.5454545454545454,0.5454545454545454,0.0,0.0,0.0,,,0.0,0.0,2.183406113537118,813.0,1.2353382888778401,171.491831,383.62562,689.0,0,1193.2001953125,1334.0,0.0,59.0,0.0,0.4112439847733966,0.4112439847733966,0.23227573080514255,0.28187890540831717,0.23227573080514255
naive_first_n,False,evidence_qa,middle,1024,11,1.0,0,0.9255944055944056,0.06632579375398268,0.8181818181818182,0.8181818181818182,0.8181818181818182,0.8181818181818182,0.8181818181818182,0.8181818181818182,0.8181818181818182,0.8181818181818182,0.8181818181818182,0.8646153846153847,0.8181818181818182,0.8181818181818182,0.8181818181818182,0.8181818181818182,0.8181818181818182,0.8181818181818182,,,0.0,0.0,1.466796875,478.0,0.9039007867132867,1.424901,1.9773395,1024.0,0,0.0,0.0,0.0,,0.0,0.45033577533577535,0.45033577533577535,0.45033577533577535,0.45033577533577535,0.45033577533577535
llmlingua2,False,evidence_qa,middle,1024,11,1.0,0,0.7677389277389277,0.051429213475440536,0.45454545454545453,0.45454545454545453,0.45454545454545453,0.45454545454545453,0.0,0.0,0.0,0.0,0.0,0.7143123543123543,0.2727272727272727,0.2727272727272727,0.2727272727272727,0.0,0.0,0.0,,,0.0,0.18181818181818182,1.511066398390342,508.0,0.755369173495482,72.407146,133.9258125,995.0,0,756.15380859375,840.0,0.0,61.0,0.0,0.03425925925925926,0.03425925925925926,0.0,0.019444444444444445,0.0
head_tail,False,evidence_qa,middle,1024,11,1.0,0,0.42172494172494174,0.03242561678580309,0.0,0.0,0.0,0.0,0.0,0.0,0.0,0.0,0.0,0.23384615384615384,0.0,0.0,0.0,0.0,0.0,0.0,,,0.0,0.0,1.4677734375,479.0,0.41194490229955777,1.729041,2.455328,1024.0,0,0.0,0.0,0.0,,0.0,0.4411375661375661,0.4411375661375661,0.4411375661375661,0.4411375661375661,0.4411375661375661
trimwise_structural,False,evidence_qa,middle,1024,11,1.0,0,0.3342657342657343,0.026527547280157774,0.0,0.0,0.0,0.0,0.0,0.0,0.0,0.0,0.0,0.20983682983682986,0.0,0.0,0.0,0.0,0.0,0.0,,,0.0,0.0,1.4696673189823874,480.0,0.3290134662201123,138.725147,142.60233,1022.0,0,0.0,0.0,0.0,,0.0,0.25741818094759267,0.25741818094759267,0.22964040316981493,0.22964040316981493,0.22964040316981493
trimwise_lexical,True,evidence_qa,multiple,128,12,1.0,0,1.0,0.9729436111263045,1.0,1.0,1.0,1.0,1.0,1.0,1.0,1.0,1.0,1.0,1.0,1.0,1.0,1.0,1.0,1.0,,,0.0,0.0,11.846456692913385,1375.5,7.921303519855717,5.214172,5.56199805,127.0,0,0.0,0.0,0.0,,0.0,0.503135698723934,0.503135698723934,0.503135698723934,0.503135698723934,0.503135698723934
trimwise_hybrid,True,evidence_qa,multiple,128,12,1.0,0,0.7689638899037875,0.7528580715774713,0.25,0.25,0.25,0.75,0.75,0.25,0.75,0.25,0.25,0.8105982905982906,0.75,0.25,0.25,0.75,0.25,0.25,,,0.0,0.0,12.16610936270653,1379.5,6.204832434954731,38.877760499999994,39.55849355,124.0,0,0.0,0.0,0.0,,0.0,0.5067681773564127,0.5067681773564127,0.5067681773564127,0.5067681773564127,0.5067681773564127
recomp_extractive,True,evidence_qa,multiple,128,12,1.0,0,0.5093720821661999,0.4575803967363883,0.0,0.0,0.0,0.4444444444444444,0.0,0.0,0.0,0.0,0.0,0.5336882199925679,0.3611111111111111,0.0,0.0,0.3611111111111111,0.0,0.0,,,0.0,0.0,11.877671541057367,1376.5,4.0256936127398015,108.1905835,113.1344134,127.0,0,448.04248046875,494.0,0.0,,0.0,0.3748898704781058,0.3748898704781058,0.3378528334410687,0.34248246307069835,0.34248246307069835
longllmlingua,True,evidence_qa,multiple,128,12,1.0,0,0.23968609182803555,0.18001084629863365,0.0,0.0,0.0,0.027777777777777776,0.027777777777777776,0.0,0.027777777777777776,0.0,0.0,0.17070497336801685,0.027777777777777776,0.0,0.0,0.027777777777777776,0.0,0.0,,,0.0,1.0,8.841447800961971,1333.0,1.3661249299541616,281.12541699999997,284.49523455,170.0,0,1193.2041015625,1404.0,0.0,,0.0,0.005555555555555556,0.005555555555555556,0.005555555555555556,0.005555555555555556,0.005555555555555556
llmlingua,True,evidence_qa,multiple,128,12,1.0,0,0.22877999025697235,0.1691687221804802,0.0,0.0,0.0,0.027777777777777776,0.027777777777777776,0.0,0.027777777777777776,0.0,0.0,0.174682429084603,0.027777777777777776,0.0,0.0,0.027777777777777776,0.0,0.0,,,0.0,1.0,9.07561153705732,1338.5,1.3557369180258616,140.591194,142.5077025,165.5,0,1193.2001953125,1380.0,0.0,,0.0,0.0358974358974359,0.0358974358974359,0.02948717948717949,0.0358974358974359,0.0358974358974359
trimwise_hybrid,True,evidence_qa,multiple,256,12,1.0,0,1.0,0.638844389954544,1.0,1.0,1.0,1.0,1.0,1.0,1.0,1.0,1.0,1.0,1.0,1.0,1.0,1.0,1.0,1.0,,,0.0,0.0,6.476404139494268,1270.5,4.283727044070033,39.123772,40.29979755,232.0,0,686.13623046875,790.0,0.0,47.0,0.0,0.6125272331154684,0.6125272331154684,0.6125272331154684,0.6125272331154684,0.6125272331154684
trimwise_lexical,True,evidence_qa,multiple,256,12,1.0,0,1.0,0.5797281900325617,1.0,1.0,1.0,1.0,1.0,1.0,1.0,1.0,1.0,1.0,1.0,1.0,1.0,1.0,1.0,1.0,,,0.0,0.0,5.917322834645669,1248.0,3.9357718856659716,6.2077305,6.861271049999999,254.0,0,686.13623046875,790.0,0.0,43.0,0.0,0.5799875505757859,0.5799875505757859,0.5799875505757859,0.5799875505757859,0.5799875505757859
recomp_extractive,True,evidence_qa,multiple,256,12,1.0,0,0.6038804652295701,0.3380038228101447,0.0,0.0,0.0,0.5555555555555555,0.0,0.0,0.0,0.0,0.0,0.5872429703951444,0.38888888888888884,0.0,0.0,0.38888888888888884,0.0,0.0,,,0.0,0.0,5.890196078431373,1248.0,2.368610874864555,111.64051699999999,114.55479840000001,255.0,0,448.04248046875,494.0,0.0,65.0,0.0,0.4053029758912112,0.4053029758912112,0.36363630922454454,0.3682659388541742,0.3682659388541742
longllmlingua,True,evidence_qa,multiple,256,12,1.0,0,0.3012361466325661,0.15660529358465122,0.0,0.0,0.0,0.027777777777777776,0.027777777777777776,0.0,0.027777777777777776,0.0,0.0,0.21347036417688592,0.027777777777777776,0.0,0.0,0.027777777777777776,0.0,0.0,,,0.0,1.0,5.025156599552572,1210.0,1.0152854631644368,293.2405315,302.51810205,299.0,0,1193.2041015625,1380.0,4115.398167981766,70.0,0.0,0.04893162393162393,0.04893162393162393,0.042521367521367516,0.04893162393162393,0.04893162393162393
llmlingua,True,evidence_qa,multiple,256,12,1.0,0,0.2697950919498234,0.1427865848290443,0.0,0.0,0.0,0.027777777777777776,0.027777777777777776,0.0,0.027777777777777776,0.0,0.0,0.19840626161278338,0.027777777777777776,0.0,0.0,0.027777777777777776,0.0,0.0,,,0.0,1.0,5.515621633268692,1231.0,0.9797319727381967,147.6089145,149.68348605,272.5,0,1870.71142578125,2064.0,0.0,67.0,0.0,0.08883861236802414,0.08883861236802414,0.08242835595776772,0.08883861236802414,0.08883861236802414
trimwise_hybrid,True,evidence_qa,multiple,512,12,1.0,0,1.0,0.638844389954544,1.0,1.0,1.0,1.0,1.0,1.0,1.0,1.0,1.0,1.0,1.0,1.0,1.0,1.0,1.0,1.0,,,0.0,0.0,6.476404139494268,1270.5,4.283727044070033,39.015529,40.56573735,232.0,0,0.0,0.0,0.0,,0.0,0.6282679738562091,0.6282679738562091,0.6282679738562091,0.6282679738562091,0.6282679738562091
trimwise_lexical,True,evidence_qa,multiple,512,12,1.0,0,1.0,0.5713146573843507,1.0,1.0,1.0,1.0,1.0,1.0,1.0,1.0,1.0,1.0,1.0,1.0,1.0,1.0,1.0,1.0,,,0.0,0.0,5.606414379794773,1234.5,3.7168539701587004,5.8620295,6.321109249999999,268.0,0,0.0,0.0,0.0,,0.0,0.5846171802054155,0.5846171802054155,0.5846171802054155,0.5846171802054155,0.5846171802054155
recomp_extractive,True,evidence_qa,multiple,512,12,1.0,0,0.7123503024398166,0.23299899402640808,0.0,0.0,0.0,0.6666666666666666,0.0,0.0,0.0,0.0,0.0,0.6348789173789174,0.4166666666666667,0.0,0.0,0.4166666666666667,0.0,0.0,,,0.0,0.0,2.939334637964775,991.0,1.3943144556940716,113.78632,120.47340575,511.0,0,448.04248046875,494.0,0.0,,0.0,0.4629533864827982,0.4629533864827982,0.3888793124087242,0.3935089420383538,0.3935089420383538
llmlingua,True,evidence_qa,multiple,512,12,1.0,0,0.4692171071327082,0.15418774807417246,0.0,0.0,0.0,0.027777777777777776,0.027777777777777776,0.0,0.027777777777777776,0.0,0.0,0.370507865725257,0.027777777777777776,0.0,0.0,0.027777777777777776,0.0,0.0,,,0.0,0.0,3.0559584720083453,1010.5,0.9492162443834092,156.60422649999998,157.21771365,494.5,0,1193.2001953125,1334.0,0.0,,0.0,0.15649225502166678,0.15649225502166678,0.13897088750029926,0.14538114391055568,0.14538114391055568
longllmlingua,True,evidence_qa,multiple,512,12,1.0,0,0.4570870377136362,0.14566281933318537,0.0,0.0,0.0,0.027777777777777776,0.027777777777777776,0.0,0.027777777777777776,0.0,0.0,0.3348025826830175,0.027777777777777776,0.0,0.0,0.027777777777777776,0.0,0.0,,,0.0,0.9166666666666666,2.7519993290842,956.5,0.8330858652617862,317.098549,1724.850759299998,549.5,1,1193.2041015625,1334.0,0.0,,0.0,0.0767094017094017,0.0767094017094017,0.0655982905982906,0.060042735042735045,0.060042735042735045
trimwise_hybrid,True,evidence_qa,multiple,1024,12,1.0,0,1.0,0.638844389954544,1.0,1.0,1.0,1.0,1.0,1.0,1.0,1.0,1.0,1.0,1.0,1.0,1.0,1.0,1.0,1.0,,,0.0,0.0,6.476404139494268,1270.5,4.283727044070033,39.214224,41.812946600000004,232.0,0,686.13623046875,790.0,0.0,47.0,0.0,0.6421568627450981,0.6421568627450981,0.6421568627450981,0.6421568627450981,0.6421568627450981
trimwise_lexical,True,evidence_qa,multiple,1024,12,1.0,0,1.0,0.5713146573843507,1.0,1.0,1.0,1.0,1.0,1.0,1.0,1.0,1.0,1.0,1.0,1.0,1.0,1.0,1.0,1.0,,,0.0,0.0,5.606414379794773,1234.5,3.7168539701587004,6.2474925,6.943892099999999,268.0,0,686.13623046875,790.0,0.0,43.0,0.0,0.6096171802054154,0.6096171802054154,0.6096171802054154,0.6096171802054154,0.6096171802054154
llmlingua,True,evidence_qa,multiple,1024,12,1.0,0,0.8476332562010311,0.21792125779770452,0.0,0.0,0.0,0.6666666666666666,0.027777777777777776,0.0,0.3333333333333333,0.0,0.0,0.7985247120029729,0.5833333333333334,0.0,0.0,0.3611111111111111,0.0,0.0,,,0.0,0.0,2.1784082590806975,814.0,1.2131062071287502,174.63694099999998,177.1856837,690.5,0,1870.71142578125,2042.0,0.0,67.0,0.0,0.4112439847733966,0.4112439847733966,0.23227573080514255,0.28187890540831717,0.23227573080514255
recomp_extractive,True,evidence_qa,multiple,1024,12,1.0,0,0.7991408882393537,0.1396096239567545,0.3333333333333333,0.3333333333333333,0.3333333333333333,0.7777777777777777,0.0,0.0,0.0,0.0,0.0,0.6887678062678063,0.4166666666666667,0.0,0.0,0.4166666666666667,0.0,0.0,,,0.0,0.0,1.4698973225666099,480.0,0.7817163625662222,117.81927350000001,122.41953849999999,1022.0,0,448.04248046875,494.0,0.0,65.0,0.0,0.4972629222629223,0.4972629222629223,0.3805962555962556,0.3852258852258852,0.3852258852258852
longllmlingua,True,evidence_qa,multiple,1024,12,1.0,0,0.5973927252060244,0.1180775491691442,0.0,0.0,0.0,0.05555555555555555,0.027777777777777776,0.0,0.027777777777777776,0.0,0.0,0.4786078595317726,0.027777777777777776,0.0,0.0,0.027777777777777776,0.0,0.0,,,0.0,0.0,1.6260859125647857,578.5,0.6451580626504544,364.9043735,370.1479011,924.0,0,1193.2041015625,1334.0,0.0,69.0,0.0,0.23955086308027485,0.23955086308027485,0.16482558835500014,0.19895257248198425,0.15927003279944454
naive_first_n,False,evidence_qa,multiple,128,12,1.0,0,0.4401580197296309,0.3873067405904036,0.0,0.0,0.0,0.3333333333333333,0.3333333333333333,0.0,0.3333333333333333,0.0,0.0,0.459508547008547,0.3333333333333333,0.0,0.0,0.3333333333333333,0.0,0.0,,,0.0,0.0,11.734375,1374.0,3.438734529137742,0.42057750000000005,0.45114614999999997,128.0,0,0.0,0.0,0.0,,0.0,0.1901912901912902,0.1901912901912902,0.16638176638176638,0.1901912901912902,0.1901912901912902
llmlingua_queryless,False,evidence_qa,multiple,128,12,1.0,0,0.22877999025697235,0.1691687221804802,0.0,0.0,0.0,0.027777777777777776,0.027777777777777776,0.0,0.027777777777777776,0.0,0.0,0.174682429084603,0.027777777777777776,0.0,0.0,0.027777777777777776,0.0,0.0,,,0.0,1.0,9.07561153705732,1338.5,1.3557369180258616,139.8355465,140.82513485,165.5,0,1193.2001953125,1380.0,0.0,67.0,0.0,0.0358974358974359,0.0358974358974359,0.02948717948717949,0.0358974358974359,0.0358974358974359
head_tail,False,evidence_qa,multiple,128,12,1.0,0,0.14991779320423823,0.13082903506547475,0.0,0.0,0.0,0.0,0.0,0.0,0.0,0.0,0.0,0.13722469961600395,0.0,0.0,0.0,0.0,0.0,0.0,,,0.0,0.0,11.734375,1374.0,1.1712327594081111,0.6828970000000001,0.8484381999999999,128.0,0,0.0,0.0,0.0,,0.0,0.24538114391055568,0.24538114391055568,0.23982558835500012,0.23982558835500012,0.23982558835500012
trimwise_structural,False,evidence_qa,multiple,128,12,1.0,0,0.1075533836723095,0.09849046022591733,0.0,0.0,0.0,0.0,0.0,0.0,0.0,0.0,0.0,0.09341230026012633,0.0,0.0,0.0,0.0,0.0,0.0,,,0.0,0.0,11.908730158730158,1376.5,0.8531261920041514,11.7035655,12.560206699999998,126.0,0,0.0,0.0,0.0,,0.0,0.1676033661327779,0.1676033661327779,0.14445521798462976,0.1676033661327779,0.1676033661327779
llmlingua2,False,evidence_qa,multiple,128,12,1.0,0,0.0,0.0,0.0,0.0,0.0,0.0,0.0,0.0,0.0,0.0,0.0,0.0,0.0,0.0,0.0,0.0,0.0,0.0,,,0.0,1.0,7.547738693467337,1303.0,0.0,71.2897385,83.7182093,199.0,0,756.15380859375,840.0,0.0,59.0,0.0,0.0,0.0,0.0,0.0,0.0
head_tail,False,evidence_qa,multiple,256,12,1.0,0,0.7194571306783583,0.41463057911907936,0.0,0.0,0.0,0.6666666666666666,0.6666666666666666,0.0,0.6666666666666666,0.0,0.0,0.747008547008547,0.6666666666666666,0.0,0.0,0.6666666666666666,0.0,0.0,,,0.0,0.0,5.876953125,1246.5,2.8140896115390603,0.824093,0.9483431,256.0,0,0.0,0.0,0.0,,0.0,0.3369047619047619,0.3369047619047619,0.3130952380952381,0.3369047619047619,0.3130952380952381
naive_first_n,False,evidence_qa,multiple,256,12,1.0,0,0.49937837453822104,0.27547401421452344,0.0,0.0,0.0,0.3333333333333333,0.3333333333333333,0.0,0.3333333333333333,0.0,0.0,0.46228632478632475,0.3333333333333333,0.0,0.0,0.3333333333333333,0.0,0.0,,,0.0,0.0,5.8671875,1246.0,1.9506967755399263,0.5399375,0.6926187499999998,256.0,0,0.0,0.0,0.0,,0.0,0.21704314204314204,0.21704314204314204,0.2124135124135124,0.2124135124135124,0.2124135124135124
llmlingua_queryless,False,evidence_qa,multiple,256,12,1.0,0,0.2697950919498234,0.1427865848290443,0.0,0.0,0.0,0.027777777777777776,0.027777777777777776,0.0,0.027777777777777776,0.0,0.0,0.19840626161278338,0.027777777777777776,0.0,0.0,0.027777777777777776,0.0,0.0,,,0.0,1.0,5.515621633268692,1231.0,0.9797319727381967,146.38950699999998,147.44251075,272.5,0,1193.2001953125,1356.0,0.0,66.0,0.0,0.08883861236802414,0.08883861236802414,0.08242835595776772,0.08883861236802414,0.08883861236802414
trimwise_structural,False,evidence_qa,multiple,256,12,1.0,0,0.1607345836885479,0.09674988353904079,0.0,0.0,0.0,0.0,0.0,0.0,0.0,0.0,0.0,0.14235507246376813,0.0,0.0,0.0,0.0,0.0,0.0,,,0.0,0.0,5.90748031496063,1248.0,0.6313220228735003,27.0856365,27.472674299999998,254.5,0,0.0,0.0,0.0,,0.0,0.18334410687351865,0.18334410687351865,0.16945521798462973,0.18334410687351865,0.18334410687351865
llmlingua2,False,evidence_qa,multiple,256,12,1.0,0,0.0314572930621524,0.02577962638549625,0.0,0.0,0.0,0.0,0.0,0.0,0.0,0.0,0.0,0.0337037037037037,0.0,0.0,0.0,0.0,0.0,0.0,,,0.0,0.08333333333333333,6.064663053415176,1255.0,0.1263743347774859,71.43852849999999,83.39823805,247.5,0,756.15380859375,840.0,0.0,59.0,0.0,0.0,0.0,0.0,0.0,0.0
head_tail,False,evidence_qa,multiple,512,12,1.0,0,0.7351774042950514,0.2392444113209077,0.0,0.0,0.0,0.6666666666666666,0.6666666666666666,0.0,0.6666666666666666,0.0,0.0,0.747008547008547,0.6666666666666666,0.0,0.0,0.6666666666666666,0.0,0.0,,,0.0,0.0,2.936460371819961,990.5,1.4368361461060004,1.126021,1.2722768,512.0,0,0.0,0.0,0.0,,0.0,0.42632275132275127,0.42632275132275127,0.4216931216931217,0.4216931216931217,0.4216931216931217
naive_first_n,False,evidence_qa,multiple,512,12,1.0,0,0.5368053018308773,0.17048920290997635,0.0,0.0,0.0,0.3333333333333333,0.3333333333333333,0.0,0.3333333333333333,0.0,0.0,0.46367521367521364,0.3333333333333333,0.0,0.0,0.3333333333333333,0.0,0.0,,,0.0,0.0,2.93359375,990.0,1.0484478551384322,0.856285,0.9717204999999999,512.0,0,0.0,0.0,0.0,,0.0,0.23278388278388276,0.23278388278388276,0.23278388278388276,0.23278388278388276,0.23278388278388276
llmlingua_queryless,False,evidence_qa,multiple,512,12,1.0,0,0.4692171071327082,0.15418774807417246,0.0,0.0,0.0,0.027777777777777776,0.027777777777777776,0.0,0.027777777777777776,0.0,0.0,0.370507865725257,0.027777777777777776,0.0,0.0,0.027777777777777776,0.0,0.0,,,0.0,0.0,3.0559584720083453,1010.5,0.9492162443834092,158.72295400000002,160.88699545,494.5,0,1193.2001953125,1334.0,0.0,66.0,0.0,0.15649225502166678,0.15649225502166678,0.13897088750029926,0.14538114391055568,0.14538114391055568
trimwise_structural,False,evidence_qa,multiple,512,12,1.0,0,0.2332770064547558,0.08188898142404173,0.0,0.0,0.0,0.0,0.0,0.0,0.0,0.0,0.0,0.1650684380032206,0.0,0.0,0.0,0.0,0.0,0.0,,,0.0,0.0,2.947937131630648,992.0,0.4576523691184177,76.342006,80.50081655,510.0,0,0.0,0.0,0.0,,0.0,0.20464040316981494,0.20464040316981494,0.18797373650314828,0.18797373650314828,0.18797373650314828
llmlingua2,False,evidence_qa,multiple,512,12,1.0,0,0.11018095644054725,0.0389823690452905,0.0,0.0,0.0,0.0,0.0,0.0,0.0,0.0,0.0,0.09168060200668897,0.0,0.0,0.0,0.0,0.0,0.0,,,0.0,0.0,3.056910569105691,1011.5,0.22403849321472893,71.681887,83.84767535,492.5,0,756.15380859375,840.0,0.0,58.0,0.0,0.005555555555555556,0.005555555555555556,0.0,0.0,0.0
llmlingua_queryless,False,evidence_qa,multiple,1024,12,1.0,0,0.8476332562010311,0.21792125779770452,0.0,0.0,0.0,0.6666666666666666,0.027777777777777776,0.0,0.3333333333333333,0.0,0.0,0.7985247120029729,0.5833333333333334,0.0,0.0,0.3611111111111111,0.0,0.0,,,0.0,0.0,2.1784082590806975,814.0,1.2131062071287502,173.2089485,174.4409637,690.5,0,1193.2001953125,1334.0,0.0,67.0,0.0,0.4112439847733966,0.4112439847733966,0.23227573080514255,0.28187890540831717,0.23227573080514255
naive_first_n,False,evidence_qa,multiple,1024,12,1.0,0,0.7968314862176755,0.1367708453441017,0.0,0.0,0.0,0.6666666666666666,0.6666666666666666,0.0,0.6666666666666666,0.0,0.0,0.7166666666666667,0.6666666666666666,0.0,0.0,0.6666666666666666,0.0,0.0,,,0.0,0.0,1.466796875,478.0,0.7781557482594487,1.445883,1.5035648999999998,1024.0,0,0.0,0.0,0.0,,0.0,0.45033577533577535,0.45033577533577535,0.45033577533577535,0.45033577533577535,0.45033577533577535
head_tail,False,evidence_qa,multiple,1024,12,1.0,0,0.7411993058092802,0.1288635734368361,0.0,0.0,0.0,0.6666666666666666,0.6666666666666666,0.0,0.6666666666666666,0.0,0.0,0.747008547008547,0.6666666666666666,0.0,0.0,0.6666666666666666,0.0,0.0,,,0.0,0.0,1.4675133072152982,478.5,0.7239450435383549,1.7902405,1.9896216,1024.0,0,0.0,0.0,0.0,,0.0,0.4411375661375661,0.4411375661375661,0.4411375661375661,0.4411375661375661,0.4411375661375661
llmlingua2,False,evidence_qa,multiple,1024,12,1.0,0,0.690416311452117,0.11487636775664122,0.0,0.0,0.0,0.2222222222222222,0.0,0.0,0.0,0.0,0.0,0.6077299331103679,0.13888888888888887,0.0,0.0,0.0,0.0,0.0,,,0.0,0.0,1.511066398390342,508.0,0.6929606990341091,71.9898295,85.0057745,994.5,0,756.15380859375,840.0,0.0,59.0,0.0,0.03425925925925926,0.03425925925925926,0.0,0.019444444444444445,0.0
trimwise_structural,False,evidence_qa,multiple,1024,12,1.0,0,0.3156416189664271,0.05561425543222312,0.0,0.0,0.0,0.0,0.0,0.0,0.0,0.0,0.0,0.18656060324538584,0.0,0.0,0.0,0.0,0.0,0.0,,,0.0,0.0,1.4694076066018695,479.5,0.30868129532972605,138.9990765,149.53436714999998,1022.5,0,0.0,0.0,0.0,,0.0,0.25741818094759267,0.25741818094759267,0.22964040316981493,0.22964040316981493,0.22964040316981493
longllmlingua,True,instruction,beginning,128,4,1.0,0,0.2857142857142857,0.07786563576232822,0.0,0.0,0.0,0.0,0.0,0.0,0.0,0.0,0.0,0.23214285714285715,0.0,0.0,0.0,0.0,0.0,0.0,,,0.0,1.0,11.675,1494.5,2.060818417201396,301.8214885,1238.1509594999995,140.0,1,1681.2998046875,1937.0,0.0,,0.0,0.005555555555555556,0.005555555555555556,0.005555555555555556,0.005555555555555556,0.005555555555555556
llmlingua,True,instruction,beginning,128,4,1.0,0,0.17857142857142855,0.048852118166854364,0.0,0.0,0.0,0.0,0.0,0.0,0.0,0.0,0.0,0.14285714285714285,0.0,0.0,0.0,0.0,0.0,0.0,,,0.0,0.25,13.296626984126984,1511.5,1.439506184107513,150.03252550000002,2557.977193099999,123.0,1,1193.2021484375,1378.0,0.0,,0.0,0.0358974358974359,0.0358974358974359,0.02948717948717949,0.0358974358974359,0.0358974358974359
trimwise_hybrid,True,instruction,beginning,128,4,1.0,0,0.14285714285714285,0.03674673409186684,0.0,0.0,0.0,0.0,0.0,0.0,0.0,0.0,0.0,0.14285714285714285,0.0,0.0,0.0,0.0,0.0,0.0,,,0.0,0.0,13.024095238095239,1509.0,1.1383219954648527,46.7244035,799.0022617499997,125.5,1,0.0,0.0,0.0,,0.0,0.5067681773564127,0.5067681773564127,0.5067681773564127,0.5067681773564127,0.5067681773564127
trimwise_lexical,True,instruction,beginning,128,4,1.0,0,0.14285714285714285,0.03539823008849558,0.0,0.0,0.0,0.0,0.0,0.0,0.0,0.0,0.0,0.14285714285714285,0.0,0.0,0.0,0.0,0.0,0.0,,,0.0,0.0,12.972222222222221,1508.5,1.1337868480725624,5.741185,159.03216144999993,126.0,0,0.0,0.0,0.0,,0.0,0.503135698723934,0.503135698723934,0.503135698723934,0.503135698723934,0.503135698723934
recomp_extractive,True,instruction,beginning,128,4,1.0,0,0.0,0.0,0.0,0.0,0.0,0.0,0.0,0.0,0.0,0.0,0.0,0.0,0.0,0.0,0.0,0.0,0.0,0.0,,,0.0,0.0,12.866141732283465,1507.0,0.0,125.43673899999999,1008.3292853999995,127.0,1,936.111328125,1016.0,0.0,,0.0,0.3748898704781058,0.3748898704781058,0.3378528334410687,0.34248246307069835,0.34248246307069835
longllmlingua,True,instruction,beginning,256,4,1.0,0,0.3214285714285714,0.04749644129186209,0.0,0.0,0.0,0.0,0.0,0.0,0.0,0.0,0.0,0.26785714285714285,0.0,0.0,0.0,0.0,0.0,0.0,,,0.0,1.0,6.13373042694604,1368.0,1.2002325431693461,318.117634,1230.5901538499995,266.5,1,1870.71728515625,2088.0,0.0,67.0,0.0,0.04893162393162393,0.04893162393162393,0.042521367521367516,0.04893162393162393,0.04893162393162393
recomp_extractive,True,instruction,beginning,256,4,1.0,0,0.25,0.04046242774566474,0.25,0.25,0.25,0.25,0.25,0.25,0.25,0.25,0.25,0.25,0.25,0.25,0.25,0.25,0.25,0.25,,,0.0,0.0,6.397280943627451,1379.0,0.9765625,125.064392,1126.4784810499996,255.5,1,936.111328125,1016.0,0.0,68.0,0.0,0.4053029758912112,0.4053029758912112,0.36363630922454454,0.3682659388541742,0.3682659388541742
llmlingua,True,instruction,beginning,256,4,1.0,0,0.23214285714285715,0.03826430251033855,0.0,0.0,0.0,0.0,0.0,0.0,0.0,0.0,0.0,0.125,0.0,0.0,0.0,0.0,0.0,0.0,,,0.0,0.0,7.157040229885057,1406.5,1.023541837400311,156.83643849999999,1219.4554816499997,228.5,1,1870.71337890625,2064.0,0.0,52.0,0.0,0.08883861236802414,0.08883861236802414,0.08242835595776772,0.08883861236802414,0.08883861236802414
trimwise_hybrid,True,instruction,beginning,256,4,1.0,0,0.14285714285714285,0.019875868183833308,0.0,0.0,0.0,0.0,0.0,0.0,0.0,0.0,0.0,0.14285714285714285,0.0,0.0,0.0,0.0,0.0,0.0,,,0.0,0.0,6.409803921568628,1379.5,0.5607754912988818,47.335923,1046.6826201999995,255.0,1,686.13623046875,790.0,0.0,44.0,0.0,0.6125272331154684,0.6125272331154684,0.6125272331154684,0.6125272331154684,0.6125272331154684
trimwise_lexical,True,instruction,beginning,256,4,1.0,0,0.14285714285714285,0.019138755980861247,0.0,0.0,0.0,0.0,0.0,0.0,0.0,0.0,0.0,0.14285714285714285,0.0,0.0,0.0,0.0,0.0,0.0,,,0.0,0.0,6.384765625,1378.5,0.5580357142857143,6.952408999999999,21.78561244999999,256.0,0,686.13623046875,790.0,0.0,58.0,0.0,0.5799875505757859,0.5799875505757859,0.5799875505757859,0.5799875505757859,0.5799875505757859
recomp_extractive,True,instruction,beginning,512,4,1.0,0,1.0,0.08217427534916004,1.0,0.75,0.75,1.0,1.0,1.0,1.0,1.0,0.75,1.0,1.0,1.0,0.75,1.0,1.0,0.75,,,0.25,0.0,3.197651663405088,1123.0,1.955991621819961,126.16111950000001,127.1250813,511.0,0,936.111328125,1016.0,0.0,,0.0,0.4629533864827982,0.4629533864827982,0.3888793124087242,0.3935089420383538,0.3935089420383538
llmlingua,True,instruction,beginning,512,4,1.0,0,0.5714285714285714,0.04872741864946824,0.0,0.0,0.0,0.0,0.0,0.0,0.0,0.0,0.0,0.5714285714285714,0.0,0.0,0.0,0.0,0.0,0.0,,,0.0,0.0,3.677275349995445,1190.0,1.2921406803414306,171.2547735,172.2170104,444.5,0,1193.2021484375,1334.0,0.0,,0.0,0.15649225502166678,0.15649225502166678,0.13897088750029926,0.14538114391055568,0.14538114391055568
longllmlingua,True,instruction,beginning,512,4,1.0,0,0.5,0.03706588043630729,0.0,0.0,0.0,0.0,0.0,0.0,0.0,0.0,0.0,0.3392857142857143,0.0,0.0,0.0,0.0,0.0,0.0,,,0.0,1.0,2.950073651141267,1080.0,0.9003391015748877,345.194921,348.41818865,554.0,0,1681.2998046875,1866.0,0.0,,0.0,0.0767094017094017,0.0767094017094017,0.0655982905982906,0.060042735042735045,0.060042735042735045
trimwise_lexical,True,instruction,beginning,512,4,1.0,0,0.14285714285714285,0.018518518518518517,0.0,0.0,0.0,0.0,0.0,0.0,0.0,0.0,0.0,0.14285714285714285,0.0,0.0,0.0,0.0,0.0,0.0,,,0.0,0.0,5.735087719298246,1349.5,0.5012531328320802,6.351164499999999,6.6070602,285.0,0,0.0,0.0,0.0,,0.0,0.5846171802054155,0.5846171802054155,0.5846171802054155,0.5846171802054155,0.5846171802054155
trimwise_hybrid,True,instruction,beginning,512,4,1.0,0,0.14285714285714285,0.01789000161354535,0.0,0.0,0.0,0.0,0.0,0.0,0.0,0.0,0.0,0.14285714285714285,0.0,0.0,0.0,0.0,0.0,0.0,,,0.0,0.0,5.6364868721461185,1344.5,0.46225040982617105,46.517447000000004,51.601288149999995,290.0,0,0.0,0.0,0.0,,0.0,0.6282679738562091,0.6282679738562091,0.6282679738562091,0.6282679738562091,0.6282679738562091
llmlingua,True,instruction,beginning,1024,4,1.0,0,1.0,0.060379673802247937,1.0,1.0,1.0,1.0,1.0,1.0,1.0,1.0,1.0,1.0,1.0,1.0,1.0,1.0,1.0,1.0,,,0.0,0.0,2.420761992972229,959.0,1.489627846742858,185.990503,187.0673811,675.0,0,1870.71337890625,2042.0,0.0,52.0,0.0,0.4112439847733966,0.4112439847733966,0.23227573080514255,0.28187890540831717,0.23227573080514255
recomp_extractive,True,instruction,beginning,1024,4,1.0,0,1.0,0.038892931625967984,1.0,0.75,0.75,1.0,1.0,1.0,1.0,1.0,0.75,1.0,1.0,1.0,0.75,1.0,1.0,0.75,,,0.25,0.0,1.5985336286927097,612.0,0.9787178647206287,130.60664100000002,132.25912625,1022.5,0,936.111328125,1016.0,0.0,66.0,0.0,0.4972629222629223,0.4972629222629223,0.3805962555962556,0.3852258852258852,0.3852258852258852
longllmlingua,True,instruction,beginning,1024,4,1.0,0,0.5,0.022555543576807797,0.0,0.0,0.0,0.0,0.0,0.0,0.0,0.0,0.0,0.3392857142857143,0.0,0.0,0.0,0.0,0.0,0.0,,,0.0,0.0,1.7954983627997212,724.0,0.5492374505538579,389.7249645,393.87356639999996,910.5,0,1870.71728515625,2042.0,0.0,67.0,0.0,0.23955086308027485,0.23955086308027485,0.16482558835500014,0.19895257248198425,0.15927003279944454
trimwise_lexical,True,instruction,beginning,1024,4,1.0,0,0.14285714285714285,0.018518518518518517,0.0,0.0,0.0,0.0,0.0,0.0,0.0,0.0,0.0,0.14285714285714285,0.0,0.0,0.0,0.0,0.0,0.0,,,0.0,0.0,5.735087719298246,1349.5,0.5012531328320802,6.7348704999999995,6.8721623,285.0,0,686.13623046875,790.0,0.0,55.0,0.0,0.6096171802054154,0.6096171802054154,0.6096171802054154,0.6096171802054154,0.6096171802054154
trimwise_hybrid,True,instruction,beginning,1024,4,1.0,0,0.14285714285714285,0.01789000161354535,0.0,0.0,0.0,0.0,0.0,0.0,0.0,0.0,0.0,0.14285714285714285,0.0,0.0,0.0,0.0,0.0,0.0,,,0.0,0.0,5.6364868721461185,1344.5,0.46225040982617105,47.277243,51.243157249999996,290.0,0,686.13623046875,790.0,0.0,44.0,0.0,0.6421568627450981,0.6421568627450981,0.6421568627450981,0.6421568627450981,0.6421568627450981
naive_first_n,False,instruction,beginning,128,4,1.0,0,1.0,0.2772689033609243,1.0,1.0,1.0,1.0,1.0,1.0,1.0,1.0,1.0,1.0,1.0,1.0,1.0,1.0,1.0,1.0,,,0.0,0.0,12.76953125,1506.5,7.8125,0.9584385,205.41524994999992,128.0,0,0.0,0.0,0.0,48.0,0.0,0.1901912901912902,0.1901912901912902,0.16638176638176638,0.1901912901912902,0.1901912901912902
llmlingua_queryless,False,instruction,beginning,128,4,1.0,0,0.17857142857142855,0.048852118166854364,0.0,0.0,0.0,0.0,0.0,0.0,0.0,0.0,0.0,0.14285714285714285,0.0,0.0,0.0,0.0,0.0,0.0,,,0.0,0.25,13.296626984126984,1511.5,1.439506184107513,151.350275,2787.539059749999,123.0,1,1193.2021484375,1378.0,0.0,,0.0,0.0358974358974359,0.0358974358974359,0.02948717948717949,0.0358974358974359,0.0358974358974359
trimwise_structural,False,instruction,beginning,128,4,1.0,0,0.10714285714285714,0.03130482456140351,0.0,0.0,0.0,0.0,0.0,0.0,0.0,0.0,0.0,0.10714285714285714,0.0,0.0,0.0,0.0,0.0,0.0,,,0.0,0.0,12.76953125,1506.5,0.8370535714285715,13.767854,32.58104174999999,128.0,0,0.0,0.0,0.0,,0.0,0.1676033661327779,0.1676033661327779,0.14445521798462976,0.1676033661327779,0.1676033661327779
head_tail,False,instruction,beginning,128,4,1.0,0,0.10714285714285714,0.029474075687726795,0.0,0.0,0.0,0.0,0.0,0.0,0.0,0.0,0.0,0.10714285714285714,0.0,0.0,0.0,0.0,0.0,0.0,,,0.0,0.0,12.76953125,1506.5,0.8370535714285715,0.69831,0.80709175,128.0,0,0.0,0.0,0.0,,0.0,0.24538114391055568,0.24538114391055568,0.23982558835500012,0.23982558835500012,0.23982558835500012
llmlingua2,False,instruction,beginning,128,4,1.0,0,0.0,0.0,0.0,0.0,0.0,0.0,0.0,0.0,0.0,0.0,0.0,0.0,0.0,0.0,0.0,0.0,0.0,0.0,,,0.0,1.0,7.858173076923077,1426.5,0.0,85.09668149999999,788.7224362999997,208.0,1,1261.751953125,1386.0,0.0,66.0,0.0,0.0,0.0,0.0,0.0,0.0
head_tail,False,instruction,beginning,256,4,1.0,0,1.0,0.15179867731018626,1.0,0.0,0.0,1.0,1.0,1.0,1.0,1.0,0.0,1.0,1.0,1.0,0.0,1.0,1.0,0.0,,,1.0,0.0,6.397288602941177,1379.0,3.9139093137254903,0.8055475,0.8270471,255.5,0,0.0,0.0,0.0,,0.0,0.3369047619047619,0.3369047619047619,0.3130952380952381,0.3369047619047619,0.3130952380952381
naive_first_n,False,instruction,beginning,256,4,1.0,0,1.0,0.14396173774412116,1.0,1.0,1.0,1.0,1.0,1.0,1.0,1.0,1.0,1.0,1.0,1.0,1.0,1.0,1.0,1.0,,,0.0,0.0,6.384765625,1378.5,3.90625,0.575555,165.1606969999999,256.0,0,0.0,0.0,0.0,,0.0,0.21704314204314204,0.21704314204314204,0.2124135124135124,0.2124135124135124,0.2124135124135124
llmlingua_queryless,False,instruction,beginning,256,4,1.0,0,0.23214285714285715,0.03826430251033855,0.0,0.0,0.0,0.0,0.0,0.0,0.0,0.0,0.0,0.125,0.0,0.0,0.0,0.0,0.0,0.0,,,0.0,0.0,7.157040229885057,1406.5,1.023541837400311,154.8440125,156.78972994999998,228.5,0,1193.2021484375,1356.0,0.0,,0.0,0.08883861236802414,0.08883861236802414,0.08242835595776772,0.08883861236802414,0.08883861236802414
trimwise_structural,False,instruction,beginning,256,4,1.0,0,0.10714285714285714,0.01712737299243179,0.0,0.0,0.0,0.0,0.0,0.0,0.0,0.0,0.0,0.10714285714285714,0.0,0.0,0.0,0.0,0.0,0.0,,,0.0,0.0,6.397280943627451,1379.0,0.41907387955182074,31.1397435,34.29942835,255.5,0,0.0,0.0,0.0,,0.0,0.18334410687351865,0.18334410687351865,0.16945521798462973,0.18334410687351865,0.18334410687351865
llmlingua2,False,instruction,beginning,256,4,1.0,0,0.0,0.0,0.0,0.0,0.0,0.0,0.0,0.0,0.0,0.0,0.0,0.0,0.0,0.0,0.0,0.0,0.0,0.0,,,0.0,0.0,6.499225296442688,1383.0,0.0,85.01254399999999,86.5633274,251.5,0,1261.751953125,1386.0,0.0,66.0,0.0,0.0,0.0,0.0,0.0,0.0
head_tail,False,instruction,beginning,512,4,1.0,0,1.0,0.07583004306253072,1.0,0.0,0.0,1.0,1.0,1.0,1.0,1.0,0.0,1.0,1.0,1.0,0.0,1.0,1.0,0.0,,,1.0,0.0,3.195507430283757,1123.0,1.9550360812133072,1.0971975,1.1041338,511.5,0,0.0,0.0,0.0,,0.0,0.42632275132275127,0.42632275132275127,0.4216931216931217,0.4216931216931217,0.4216931216931217
naive_first_n,False,instruction,beginning,512,4,1.0,0,1.0,0.07383002360783225,1.0,1.0,1.0,1.0,1.0,1.0,1.0,1.0,1.0,1.0,1.0,1.0,1.0,1.0,1.0,1.0,,,0.0,0.0,3.1923828125,1122.5,1.953125,1.4370645,1.9780417499999998,512.0,0,0.0,0.0,0.0,48.0,0.0,0.23278388278388276,0.23278388278388276,0.23278388278388276,0.23278388278388276,0.23278388278388276
llmlingua_queryless,False,instruction,beginning,512,4,1.0,0,0.5714285714285714,0.04872741864946824,0.0,0.0,0.0,0.0,0.0,0.0,0.0,0.0,0.0,0.5714285714285714,0.0,0.0,0.0,0.0,0.0,0.0,,,0.0,0.0,3.677275349995445,1190.0,1.2921406803414306,169.114099,171.75523165,444.5,0,1193.2021484375,1334.0,0.0,,0.0,0.15649225502166678,0.15649225502166678,0.13897088750029926,0.14538114391055568,0.14538114391055568
trimwise_structural,False,instruction,beginning,512,4,1.0,0,0.125,0.010212631344955241,0.0,0.0,0.0,0.0,0.0,0.0,0.0,0.0,0.0,0.125,0.0,0.0,0.0,0.0,0.0,0.0,,,0.0,0.0,3.193359375,1123.0,0.24420887790047527,91.7920885,93.10814599999999,512.0,0,0.0,0.0,0.0,,0.0,0.20464040316981494,0.20464040316981494,0.18797373650314828,0.18797373650314828,0.18797373650314828
llmlingua2,False,instruction,beginning,512,4,1.0,0,0.0,0.0,0.0,0.0,0.0,0.0,0.0,0.0,0.0,0.0,0.0,0.0,0.0,0.0,0.0,0.0,0.0,0.0,,,0.0,0.0,3.2433649223791394,1130.5,0.0,84.557163,85.62172025,504.0,0,1261.751953125,1386.0,0.0,66.0,0.0,0.005555555555555556,0.005555555555555556,0.0,0.0,0.0
llmlingua_queryless,False,instruction,beginning,1024,4,1.0,0,1.0,0.060379673802247937,1.0,1.0,1.0,1.0,1.0,1.0,1.0,1.0,1.0,1.0,1.0,1.0,1.0,1.0,1.0,1.0,,,0.0,0.0,2.420761992972229,959.0,1.489627846742858,183.872684,186.501465,675.0,0,1193.2021484375,1334.0,0.0,,0.0,0.4112439847733966,0.4112439847733966,0.23227573080514255,0.28187890540831717,0.23227573080514255
head_tail,False,instruction,beginning,1024,4,1.0,0,1.0,0.03781234078221472,1.0,0.0,0.0,1.0,1.0,1.0,1.0,1.0,0.0,1.0,1.0,1.0,0.0,1.0,1.0,0.0,,,1.0,0.0,1.5966796875,611.0,0.9768011516373412,1.721326,1.7662764499999999,1024.0,0,0.0,0.0,0.0,,0.0,0.4411375661375661,0.4411375661375661,0.4411375661375661,0.4411375661375661,0.4411375661375661
naive_first_n,False,instruction,beginning,1024,4,1.0,0,1.0,0.03762194903290785,1.0,1.0,1.0,1.0,1.0,1.0,1.0,1.0,1.0,1.0,1.0,1.0,1.0,1.0,1.0,1.0,,,0.0,0.0,1.59619140625,610.5,0.9765625,1.4401985000000002,1.4907276,1024.0,0,0.0,0.0,0.0,,0.0,0.45033577533577535,0.45033577533577535,0.45033577533577535,0.45033577533577535,0.45033577533577535
llmlingua2,False,instruction,beginning,1024,4,1.0,0,0.5,0.017523533312088512,0.0,0.0,0.0,0.0,0.0,0.0,0.0,0.0,0.0,0.42857142857142855,0.0,0.0,0.0,0.0,0.0,0.0,,,0.0,0.0,1.6228015413004007,627.0,0.4964525618009009,85.6575455,85.8117478,1007.0,0,1261.751953125,1386.0,0.0,66.0,0.0,0.03425925925925926,0.03425925925925926,0.0,0.019444444444444445,0.0
trimwise_structural,False,instruction,beginning,1024,4,1.0,0,0.21428571428571427,0.00828734825215725,0.0,0.0,0.0,0.0,0.0,0.0,0.0,0.0,0.0,0.14285714285714285,0.0,0.0,0.0,0.0,0.0,0.0,,,0.0,0.0,1.6003917727717925,613.0,0.20972455116657338,165.695153,167.07262035,1021.0,0,0.0,0.0,0.0,,0.0,0.25741818094759267,0.25741818094759267,0.22964040316981493,0.22964040316981493,0.22964040316981493
llmlingua,True,instruction,end,128,4,1.0,0,0.9821428571428572,0.27395340587477734,1.0,0.75,0.75,1.0,0.75,0.75,0.75,0.75,0.5,0.9821428571428572,1.0,1.0,0.75,1.0,1.0,0.75,,,0.0,0.25,13.574135317624362,1518.0,7.8337104070177555,150.38811950000002,154.1022208,120.5,0,1193.2021484375,1379.0,0.0,,0.0,0.0358974358974359,0.0358974358974359,0.02948717948717949,0.0358974358974359,0.0358974358974359
longllmlingua,True,instruction,end,128,4,1.0,0,0.9821428571428572,0.25474481658692183,1.0,0.0,0.0,1.0,0.75,0.75,0.75,0.75,0.0,0.9821428571428572,1.0,1.0,0.0,1.0,1.0,0.0,,,0.0,1.0,10.975221876830203,1494.0,6.577997276909292,299.612249,299.76162135,149.0,0,1193.2060546875,1403.0,0.0,,0.0,0.005555555555555556,0.005555555555555556,0.005555555555555556,0.005555555555555556,0.005555555555555556
recomp_extractive,True,instruction,end,128,4,1.0,0,0.25,0.07608695652173914,0.25,0.25,0.25,0.25,0.25,0.25,0.25,0.25,0.25,0.25,0.25,0.25,0.25,0.25,0.25,0.25,,,0.0,0.0,12.925071866016747,1508.5,1.9841269841269842,118.89681250000001,120.13757805,126.5,0,448.01318359375,496.0,0.0,,0.0,0.3748898704781058,0.3748898704781058,0.3378528334410687,0.34248246307069835,0.34248246307069835
trimwise_hybrid,True,instruction,end,128,4,1.0,0,0.14285714285714285,0.03648881158623791,0.0,0.0,0.0,0.0,0.0,0.0,0.0,0.0,0.0,0.14285714285714285,0.0,0.0,0.0,0.0,0.0,0.0,,,0.0,0.0,12.976190476190476,1509.0,1.1360544217687074,54.045221,55.33375715,126.0,0,0.0,0.0,0.0,,0.0,0.5067681773564127,0.5067681773564127,0.5067681773564127,0.5067681773564127,0.5067681773564127
trimwise_lexical,True,instruction,end,128,4,1.0,0,0.14285714285714285,0.035722984492977186,0.0,0.0,0.0,0.0,0.0,0.0,0.0,0.0,0.0,0.14285714285714285,0.0,0.0,0.0,0.0,0.0,0.0,,,0.0,0.0,12.976190476190476,1509.0,1.1360544217687074,5.777053,6.0247656,126.0,0,0.0,0.0,0.0,,0.0,0.503135698723934,0.503135698723934,0.503135698723934,0.503135698723934,0.503135698723934
llmlingua,True,instruction,end,256,4,1.0,0,0.9821428571428572,0.16089481294388958,1.0,0.75,0.75,1.0,0.75,0.75,0.75,0.75,0.5,0.9821428571428572,1.0,1.0,0.75,1.0,1.0,0.75,,,0.0,0.25,7.258731346221994,1418.5,4.264735548736314,158.2498725,159.01238065,225.5,0,1870.71337890625,2088.0,0.0,65.0,0.0,0.08883861236802414,0.08883861236802414,0.08242835595776772,0.08883861236802414,0.08883861236802414
longllmlingua,True,instruction,end,256,4,1.0,0,0.9821428571428572,0.14882897828803432,1.0,0.5,0.5,1.0,0.75,0.75,0.75,0.75,0.25,0.9821428571428572,1.0,1.0,0.5,1.0,1.0,0.5,,,0.0,0.5,6.1358212102045115,1383.5,3.692721665387296,320.8154085,325.80108365,267.0,0,1193.2060546875,1380.0,0.0,69.0,0.0,0.04893162393162393,0.04893162393162393,0.042521367521367516,0.04893162393162393,0.04893162393162393
recomp_extractive,True,instruction,end,256,4,1.0,0,0.25,0.04,0.25,0.25,0.25,0.25,0.25,0.25,0.25,0.25,0.25,0.25,0.25,0.25,0.25,0.25,0.25,0.25,,,0.0,0.0,6.411764705882353,1380.0,0.9803921568627451,122.509083,126.9615669,255.0,0,448.01318359375,496.0,0.0,62.0,0.0,0.4053029758912112,0.4053029758912112,0.36363630922454454,0.3682659388541742,0.3682659388541742
trimwise_hybrid,True,instruction,end,256,4,1.0,0,0.14285714285714285,0.01962064450051977,0.0,0.0,0.0,0.0,0.0,0.0,0.0,0.0,0.0,0.14285714285714285,0.0,0.0,0.0,0.0,0.0,0.0,,,0.0,0.0,6.4118786909448815,1380.0,0.5607884658562936,55.2871795,57.72613315,255.0,0,686.13623046875,790.0,0.0,46.0,0.0,0.6125272331154684,0.6125272331154684,0.6125272331154684,0.6125272331154684,0.6125272331154684
trimwise_lexical,True,instruction,end,256,4,1.0,0,0.14285714285714285,0.019280175360030172,0.0,0.0,0.0,0.0,0.0,0.0,0.0,0.0,0.0,0.14285714285714285,0.0,0.0,0.0,0.0,0.0,0.0,,,0.0,0.0,6.38671875,1379.0,0.5580357142857143,7.6283034999999995,7.97633965,256.0,0,686.13623046875,790.0,0.0,47.0,0.0,0.5799875505757859,0.5799875505757859,0.5799875505757859,0.5799875505757859,0.5799875505757859
llmlingua,True,instruction,end,512,4,1.0,0,0.9821428571428572,0.08619543531670895,1.0,1.0,1.0,1.0,0.75,0.75,0.75,0.75,0.75,0.9821428571428572,1.0,1.0,1.0,1.0,1.0,1.0,,,0.0,0.0,3.7654767404197926,1214.0,2.2690258447761575,168.9959195,171.06849799999998,434.0,0,1193.2021484375,1334.0,0.0,,0.0,0.15649225502166678,0.15649225502166678,0.13897088750029926,0.14538114391055568,0.14538114391055568
longllmlingua,True,instruction,end,512,4,1.0,0,0.9821428571428572,0.08113903101494953,1.0,0.5,0.5,1.0,0.75,0.75,0.75,0.75,0.5,0.9821428571428572,1.0,1.0,0.5,1.0,1.0,0.5,,,0.0,0.5,3.1854877937555104,1136.0,1.9338837272183405,339.1450205,341.84761585,513.0,0,1193.2060546875,1334.0,0.0,,0.0,0.0767094017094017,0.0767094017094017,0.0655982905982906,0.060042735042735045,0.060042735042735045
recomp_extractive,True,instruction,end,512,4,1.0,0,0.7678571428571428,0.061502393599580304,0.75,0.75,0.75,0.75,0.75,0.75,0.75,0.75,0.75,0.7678571428571428,0.75,0.75,0.75,0.75,0.75,0.75,,,0.0,0.0,3.1964859038649704,1123.5,1.5006765227495107,125.62949950000001,127.13251715,512.0,0,448.01318359375,496.0,0.0,,0.0,0.4629533864827982,0.4629533864827982,0.3888793124087242,0.3935089420383538,0.3935089420383538
trimwise_lexical,True,instruction,end,512,4,1.0,0,0.14285714285714285,0.017349096501345636,0.0,0.0,0.0,0.0,0.0,0.0,0.0,0.0,0.0,0.14285714285714285,0.0,0.0,0.0,0.0,0.0,0.0,,,0.0,0.0,5.733333333333333,1349.0,0.4639060705952072,6.4472395,7.938415399999999,285.0,0,0.0,0.0,0.0,,0.0,0.5846171802054155,0.5846171802054155,0.5846171802054155,0.5846171802054155,0.5846171802054155
trimwise_hybrid,True,instruction,end,512,4,1.0,0,0.14285714285714285,0.016301862046542895,0.0,0.0,0.0,0.0,0.0,0.0,0.0,0.0,0.0,0.14285714285714285,0.0,0.0,0.0,0.0,0.0,0.0,,,0.0,0.0,4.974914089347079,1306.0,0.42811456946020154,55.824991,57.0621688,336.5,0,0.0,0.0,0.0,,0.0,0.6282679738562091,0.6282679738562091,0.6282679738562091,0.6282679738562091,0.6282679738562091
llmlingua,True,instruction,end,1024,4,1.0,0,0.9821428571428572,0.06076626238168302,1.0,0.5,0.5,1.0,0.75,0.75,0.75,0.75,0.5,0.9821428571428572,1.0,1.0,0.5,1.0,1.0,0.5,,,0.5,0.0,2.4833342957120257,977.0,1.469249516285467,187.8409395,189.56838495,658.0,0,1870.71337890625,2042.0,0.0,65.0,0.0,0.4112439847733966,0.4112439847733966,0.23227573080514255,0.28187890540831717,0.23227573080514255
longllmlingua,True,instruction,end,1024,4,1.0,0,1.0,0.045511814079505,1.0,1.0,1.0,1.0,1.0,1.0,1.0,1.0,1.0,1.0,1.0,1.0,1.0,1.0,1.0,1.0,,,0.0,0.0,1.8175840791292224,735.0,1.0990650838584846,396.096582,398.58001985,910.5,0,1193.2060546875,1334.0,0.0,69.0,0.0,0.23955086308027485,0.23955086308027485,0.16482558835500014,0.19895257248198425,0.15927003279944454
recomp_extractive,True,instruction,end,1024,4,1.0,0,1.0,0.03917558603169648,1.0,0.5,0.5,1.0,1.0,1.0,1.0,1.0,0.5,1.0,1.0,1.0,0.5,1.0,1.0,0.5,,,0.5,0.0,1.598241040851272,612.0,0.9775175735780091,136.14048050000002,137.9121691,1023.0,0,448.01318359375,496.0,0.0,62.0,0.0,0.4972629222629223,0.4972629222629223,0.3805962555962556,0.3852258852258852,0.3852258852258852
trimwise_lexical,True,instruction,end,1024,4,1.0,0,0.14285714285714285,0.017349096501345636,0.0,0.0,0.0,0.0,0.0,0.0,0.0,0.0,0.0,0.14285714285714285,0.0,0.0,0.0,0.0,0.0,0.0,,,0.0,0.0,5.733333333333333,1349.0,0.4639060705952072,6.7390545,8.50679825,285.0,0,686.13623046875,790.0,0.0,47.0,0.0,0.6096171802054154,0.6096171802054154,0.6096171802054154,0.6096171802054154,0.6096171802054154
trimwise_hybrid,True,instruction,end,1024,4,1.0,0,0.14285714285714285,0.016301862046542895,0.0,0.0,0.0,0.0,0.0,0.0,0.0,0.0,0.0,0.14285714285714285,0.0,0.0,0.0,0.0,0.0,0.0,,,0.0,0.0,4.974914089347079,1306.0,0.42811456946020154,55.8730715,58.6211507,336.5,0,686.13623046875,790.0,0.0,46.0,0.0,0.6421568627450981,0.6421568627450981,0.6421568627450981,0.6421568627450981,0.6421568627450981
trimwise_structural,False,instruction,end,128,4,1.0,0,1.0,0.30965621840242674,1.0,1.0,1.0,1.0,1.0,1.0,1.0,1.0,1.0,1.0,1.0,1.0,1.0,1.0,1.0,1.0,,,0.0,0.0,12.874015748031496,1508.0,7.858636811023622,12.633591,12.8443479,127.0,0,0.0,0.0,0.0,,0.0,0.1676033661327779,0.1676033661327779,0.14445521798462976,0.1676033661327779,0.1676033661327779
head_tail,False,instruction,end,128,4,1.0,0,1.0,0.2879848011155662,1.0,1.0,1.0,1.0,1.0,1.0,1.0,1.0,1.0,1.0,1.0,1.0,1.0,1.0,1.0,1.0,,,0.0,0.0,12.7734375,1507.0,7.8125,0.679767,0.69937355,128.0,0,0.0,0.0,0.0,,0.0,0.24538114391055568,0.24538114391055568,0.23982558835500012,0.23982558835500012,0.23982558835500012
llmlingua_queryless,False,instruction,end,128,4,1.0,0,0.9821428571428572,0.27395340587477734,1.0,0.75,0.75,1.0,0.75,0.75,0.75,0.75,0.5,0.9821428571428572,1.0,1.0,0.75,1.0,1.0,0.75,,,0.0,0.25,13.574135317624362,1518.0,7.8337104070177555,151.4974235,153.89792045000002,120.5,0,1193.2021484375,1379.0,0.0,59.0,0.0,0.0358974358974359,0.0358974358974359,0.02948717948717949,0.0358974358974359,0.0358974358974359
naive_first_n,False,instruction,end,128,4,1.0,0,0.08928571428571427,0.024333699125654744,0.0,0.0,0.0,0.0,0.0,0.0,0.0,0.0,0.0,0.08928571428571427,0.0,0.0,0.0,0.0,0.0,0.0,,,0.0,0.0,12.7734375,1507.0,0.6975446428571429,0.46523400000000004,0.4792209,128.0,0,0.0,0.0,0.0,,0.0,0.1901912901912902,0.1901912901912902,0.16638176638176638,0.1901912901912902,0.1901912901912902
llmlingua2,False,instruction,end,128,4,1.0,0,0.0,0.0,0.0,0.0,0.0,0.0,0.0,0.0,0.0,0.0,0.0,0.0,0.0,0.0,0.0,0.0,0.0,0.0,,,0.0,1.0,7.823728735947982,1426.0,0.0,84.3379535,84.90644595,211.0,0,774.033203125,850.0,0.0,59.0,0.0,0.0,0.0,0.0,0.0,0.0
trimwise_structural,False,instruction,end,256,4,1.0,0,1.0,0.16749786307508535,1.0,1.0,1.0,1.0,1.0,1.0,1.0,1.0,1.0,1.0,1.0,1.0,1.0,1.0,1.0,1.0,,,0.0,0.0,6.4243940095723335,1380.5,3.925428439092172,26.1283335,27.82016265,255.0,0,0.0,0.0,0.0,,0.0,0.18334410687351865,0.18334410687351865,0.16945521798462973,0.18334410687351865,0.18334410687351865
llmlingua_queryless,False,instruction,end,256,4,1.0,0,0.9821428571428572,0.16089481294388958,1.0,0.75,0.75,1.0,0.75,0.75,0.75,0.75,0.5,0.9821428571428572,1.0,1.0,0.75,1.0,1.0,0.75,,,0.0,0.25,7.258731346221994,1418.5,4.264735548736314,156.058277,158.51129889999999,225.5,0,1193.2021484375,1380.0,0.0,61.0,0.0,0.08883861236802414,0.08883861236802414,0.08242835595776772,0.08883861236802414,0.08883861236802414
head_tail,False,instruction,end,256,4,1.0,0,1.0,0.15199495731410625,1.0,0.0,0.0,1.0,1.0,1.0,1.0,1.0,0.0,1.0,1.0,1.0,0.0,1.0,1.0,0.0,,,1.0,0.0,6.38671875,1379.0,3.910079656862745,0.8131185000000001,0.8659692999999999,256.0,0,0.0,0.0,0.0,,0.0,0.3369047619047619,0.3369047619047619,0.3130952380952381,0.3369047619047619,0.3130952380952381
naive_first_n,False,instruction,end,256,4,1.0,0,0.14285714285714285,0.020468676785977576,0.0,0.0,0.0,0.0,0.0,0.0,0.0,0.0,0.0,0.14285714285714285,0.0,0.0,0.0,0.0,0.0,0.0,,,0.0,0.0,6.38671875,1379.0,0.5580357142857143,0.5583055,0.5955026499999999,256.0,0,0.0,0.0,0.0,,0.0,0.21704314204314204,0.21704314204314204,0.2124135124135124,0.2124135124135124,0.2124135124135124
llmlingua2,False,instruction,end,256,4,1.0,0,0.0,0.0,0.0,0.0,0.0,0.0,0.0,0.0,0.0,0.0,0.0,0.0,0.0,0.0,0.0,0.0,0.0,0.0,,,0.0,0.25,6.500692307692308,1387.5,0.0,84.5959345,85.54068600000001,251.5,0,774.033203125,850.0,0.0,59.0,0.0,0.0,0.0,0.0,0.0,0.0
llmlingua_queryless,False,instruction,end,512,4,1.0,0,0.9821428571428572,0.08619543531670895,1.0,1.0,1.0,1.0,0.75,0.75,0.75,0.75,0.75,0.9821428571428572,1.0,1.0,1.0,1.0,1.0,1.0,,,0.0,0.0,3.7654767404197926,1214.0,2.2690258447761575,168.8981,169.7718991,434.0,0,1193.2021484375,1334.0,0.0,61.0,0.0,0.15649225502166678,0.15649225502166678,0.13897088750029926,0.14538114391055568,0.14538114391055568
trimwise_structural,False,instruction,end,512,4,1.0,0,1.0,0.08489915981440595,1.0,1.0,1.0,1.0,1.0,1.0,1.0,1.0,1.0,1.0,1.0,1.0,1.0,1.0,1.0,1.0,,,0.0,0.0,3.1964859038649704,1123.5,1.9569584261665751,87.6333485,93.8523661,511.5,0,0.0,0.0,0.0,,0.0,0.20464040316981494,0.20464040316981494,0.18797373650314828,0.18797373650314828,0.18797373650314828
head_tail,False,instruction,end,512,4,1.0,0,1.0,0.07609689463934273,1.0,0.0,0.0,1.0,1.0,1.0,1.0,1.0,0.0,1.0,1.0,1.0,0.0,1.0,1.0,0.0,,,1.0,0.0,3.193359375,1123.0,1.953125,1.1147345,1.1370677,512.0,0,0.0,0.0,0.0,,0.0,0.42632275132275127,0.42632275132275127,0.4216931216931217,0.4216931216931217,0.4216931216931217
llmlingua2,False,instruction,end,512,4,1.0,0,0.17857142857142855,0.014750580127325743,0.0,0.0,0.0,0.0,0.0,0.0,0.0,0.0,0.0,0.17857142857142855,0.0,0.0,0.0,0.0,0.0,0.0,,,0.0,0.0,3.293229208924949,1138.5,0.35300683409129285,84.6893105,85.828772,502.5,0,774.033203125,850.0,0.0,59.0,0.0,0.005555555555555556,0.005555555555555556,0.0,0.0,0.0
naive_first_n,False,instruction,end,512,4,1.0,0,0.19642857142857142,0.014482807414744586,0.0,0.0,0.0,0.0,0.0,0.0,0.0,0.0,0.0,0.14285714285714285,0.0,0.0,0.0,0.0,0.0,0.0,,,0.0,0.0,3.193359375,1123.0,0.38364955357142855,0.899988,0.9419357500000001,512.0,0,0.0,0.0,0.0,,0.0,0.23278388278388276,0.23278388278388276,0.23278388278388276,0.23278388278388276,0.23278388278388276
llmlingua_queryless,False,instruction,end,1024,4,1.0,0,0.9821428571428572,0.06076626238168302,1.0,0.5,0.5,1.0,0.75,0.75,0.75,0.75,0.5,0.9821428571428572,1.0,1.0,0.5,1.0,1.0,0.5,,,0.5,0.0,2.4833342957120257,977.0,1.469249516285467,186.036141,188.59127605,658.0,0,1193.2021484375,1334.0,0.0,61.0,0.0,0.4112439847733966,0.4112439847733966,0.23227573080514255,0.28187890540831717,0.23227573080514255
trimwise_structural,False,instruction,end,1024,4,1.0,0,1.0,0.03980124279578739,1.0,1.0,1.0,1.0,1.0,1.0,1.0,1.0,1.0,1.0,1.0,1.0,1.0,1.0,1.0,1.0,,,0.0,0.0,1.6013712047012731,614.0,0.978953223748017,161.9487725,181.19556494999998,1021.0,0,0.0,0.0,0.0,,0.0,0.25741818094759267,0.25741818094759267,0.22964040316981493,0.22964040316981493,0.22964040316981493
head_tail,False,instruction,end,1024,4,1.0,0,1.0,0.03799592654529123,1.0,0.0,0.0,1.0,1.0,1.0,1.0,1.0,0.0,1.0,1.0,1.0,0.0,1.0,1.0,0.0,,,1.0,0.0,1.5966796875,611.0,0.9765625,1.7114440000000002,1.8013,1024.0,0,0.0,0.0,0.0,,0.0,0.4411375661375661,0.4411375661375661,0.4411375661375661,0.4411375661375661,0.4411375661375661
llmlingua2,False,instruction,end,1024,4,1.0,0,0.5,0.017539704763591814,0.0,0.0,0.0,0.0,0.0,0.0,0.0,0.0,0.0,0.42857142857142855,0.0,0.0,0.0,0.0,0.0,0.0,,,0.0,0.0,1.642391677261811,639.5,0.49780736885496635,85.4937715,85.8865808,1002.0,0,774.033203125,850.0,0.0,59.0,0.0,0.03425925925925926,0.03425925925925926,0.0,0.019444444444444445,0.0
naive_first_n,False,instruction,end,1024,4,1.0,0,0.21428571428571427,0.008090377367852378,0.0,0.0,0.0,0.0,0.0,0.0,0.0,0.0,0.0,0.14285714285714285,0.0,0.0,0.0,0.0,0.0,0.0,,,0.0,0.0,1.5966796875,611.0,0.20926339285714285,1.4593630000000002,1.52006765,1024.0,0,0.0,0.0,0.0,,0.0,0.45033577533577535,0.45033577533577535,0.45033577533577535,0.45033577533577535,0.45033577533577535
trimwise_lexical,True,instruction,middle,128,8,1.0,0,1.0,0.3516483516483517,1.0,0.0,0.0,1.0,1.0,1.0,1.0,1.0,0.0,1.0,1.0,1.0,0.0,1.0,1.0,0.0,,,1.0,0.0,12.972222222222221,1508.5,7.921006944444445,5.5795935,5.61434745,126.0,0,0.0,0.0,0.0,,0.0,0.503135698723934,0.503135698723934,0.503135698723934,0.503135698723934,0.503135698723934
trimwise_hybrid,True,instruction,middle,128,8,1.0,0,1.0,0.328166168912706,1.0,0.125,0.125,1.0,1.0,1.0,1.0,1.0,0.125,1.0,1.0,1.0,0.125,1.0,1.0,0.125,,,0.875,0.0,12.972222222222221,1508.5,7.914720108628839,42.1863865,43.27151495,126.5,0,0.0,0.0,0.0,,0.0,0.5067681773564127,0.5067681773564127,0.5067681773564127,0.5067681773564127,0.5067681773564127
longllmlingua,True,instruction,middle,128,8,1.0,0,0.4921875,0.16702054735974062,0.0,0.0,0.0,0.0,0.0,0.0,0.0,0.0,0.0,0.3515625,0.0,0.0,0.0,0.0,0.0,0.0,,,0.0,0.5,12.930737961225766,1512.5,3.889442444161535,298.822965,299.78103445,126.5,0,1193.2060546875,1403.0,0.0,,0.0,0.005555555555555556,0.005555555555555556,0.005555555555555556,0.005555555555555556,0.005555555555555556
llmlingua,True,instruction,middle,128,8,1.0,0,0.125,0.03731634976917421,0.0,0.0,0.0,0.0,0.0,0.0,0.0,0.0,0.0,0.1015625,0.0,0.0,0.0,0.0,0.0,0.0,,,0.0,0.25,13.509221311475411,1516.0,0.9849247181377125,149.59486800000002,152.7974081,121.0,0,1193.2021484375,1378.0,0.0,,0.0,0.0358974358974359,0.0358974358974359,0.02948717948717949,0.0358974358974359,0.0358974358974359
recomp_extractive,True,instruction,middle,128,8,1.0,0,0.0703125,0.02006856443204446,0.0,0.0,0.0,0.0,0.0,0.0,0.0,0.0,0.0,0.0625,0.0,0.0,0.0,0.0,0.0,0.0,,,0.0,0.0,12.870078740157481,1508.0,0.5522075853799525,120.940179,124.33800655,127.5,0,936.11279296875,1016.0,0.0,,0.0,0.3748898704781058,0.3748898704781058,0.3378528334410687,0.34248246307069835,0.34248246307069835
trimwise_lexical,True,instruction,middle,256,8,1.0,0,1.0,0.2377003869541183,1.0,0.0,0.0,1.0,1.0,1.0,1.0,1.0,0.0,1.0,1.0,1.0,0.0,1.0,1.0,0.0,,,1.0,0.0,8.225394088669951,1436.5,5.0290288529204785,6.355218499999999,6.7613432,200.0,0,686.13623046875,790.0,0.0,50.0,0.0,0.5799875505757859,0.5799875505757859,0.5799875505757859,0.5799875505757859,0.5799875505757859
trimwise_hybrid,True,instruction,middle,256,8,1.0,0,1.0,0.2185604426556021,1.0,0.0,0.0,1.0,1.0,1.0,1.0,1.0,0.0,1.0,1.0,1.0,0.0,1.0,1.0,0.0,,,1.0,0.0,7.913250469043152,1431.0,4.85690133916114,42.2047465,43.105499449999996,206.5,0,686.13623046875,790.0,0.0,46.0,0.0,0.6125272331154684,0.6125272331154684,0.6125272331154684,0.6125272331154684,0.6125272331154684
longllmlingua,True,instruction,middle,256,8,1.0,0,0.515625,0.10295964674618252,0.0,0.0,0.0,0.0,0.0,0.0,0.0,0.0,0.0,0.3671875,0.0,0.0,0.0,0.0,0.0,0.0,,,0.0,0.125,7.108695652173913,1406.5,2.2293463920144343,317.6837815,323.79913295,230.0,0,1193.2060546875,1380.0,0.0,69.0,0.0,0.04893162393162393,0.04893162393162393,0.042521367521367516,0.04893162393162393,0.04893162393162393
recomp_extractive,True,instruction,middle,256,8,1.0,0,0.2265625,0.03552066660512669,0.125,0.125,0.125,0.125,0.125,0.125,0.125,0.125,0.125,0.1953125,0.125,0.125,0.125,0.125,0.125,0.125,,,0.0,0.0,6.388671875,1379.0,0.8860906259649529,121.034003,127.96321855000001,256.0,0,448.01904296875,496.0,0.0,61.0,0.0,0.4053029758912112,0.4053029758912112,0.36363630922454454,0.3682659388541742,0.3682659388541742
llmlingua,True,instruction,middle,256,8,1.0,0,0.1796875,0.03298428039770289,0.0,0.0,0.0,0.0,0.0,0.0,0.0,0.0,0.0,0.1171875,0.0,0.0,0.0,0.0,0.0,0.0,,,0.0,0.0,7.157040229885057,1413.5,0.7864050768275399,156.93993,162.10761879999998,228.5,0,1870.71337890625,2076.0,0.0,64.0,0.0,0.08883861236802414,0.08883861236802414,0.08242835595776772,0.08883861236802414,0.08883861236802414
trimwise_lexical,True,instruction,middle,512,8,1.0,0,1.0,0.2377003869541183,1.0,0.0,0.0,1.0,1.0,1.0,1.0,1.0,0.0,1.0,1.0,1.0,0.0,1.0,1.0,0.0,,,1.0,0.0,8.225394088669951,1436.5,5.0290288529204785,5.823472499999999,5.9079067499999995,200.0,0,0.0,0.0,0.0,,0.0,0.5846171802054155,0.5846171802054155,0.5846171802054155,0.5846171802054155,0.5846171802054155
trimwise_hybrid,True,instruction,middle,512,8,1.0,0,1.0,0.2185604426556021,1.0,0.0,0.0,1.0,1.0,1.0,1.0,1.0,0.0,1.0,1.0,1.0,0.0,1.0,1.0,0.0,,,1.0,0.0,7.913250469043152,1431.0,4.85690133916114,42.845352,43.8367857,206.5,0,0.0,0.0,0.0,,0.0,0.6282679738562091,0.6282679738562091,0.6282679738562091,0.6282679738562091,0.6282679738562091
longllmlingua,True,instruction,middle,512,8,1.0,0,0.6484375,0.06063457851424781,0.0,0.0,0.0,0.0,0.0,0.0,0.0,0.0,0.0,0.5078125,0.0,0.0,0.0,0.0,0.0,0.0,,,0.0,0.5,3.207760832877388,1137.5,1.2805384704633773,339.994233,344.64532015,509.5,0,1193.2060546875,1334.0,0.0,,0.0,0.0767094017094017,0.0767094017094017,0.0655982905982906,0.060042735042735045,0.060042735042735045
recomp_extractive,True,instruction,middle,512,8,1.0,0,0.5703125,0.04636589600016145,0.5,0.25,0.25,0.5,0.5,0.5,0.5,0.5,0.25,0.5546875,0.5,0.5,0.25,0.5,0.5,0.25,,,0.625,0.0,3.20078661601627,1124.0,1.1157458903823652,127.156342,134.0062801,511.0,0,936.11279296875,1016.0,0.0,,0.0,0.4629533864827982,0.4629533864827982,0.3888793124087242,0.3935089420383538,0.3935089420383538
llmlingua,True,instruction,middle,512,8,1.0,0,0.4296875,0.041648443164759685,0.0,0.0,0.0,0.0,0.0,0.0,0.0,0.0,0.0,0.2890625,0.0,0.0,0.0,0.0,0.0,0.0,,,0.0,0.0,3.6741708075788795,1191.0,0.9681177105419476,167.9559585,168.76882265,445.0,0,1193.2021484375,1334.0,0.0,,0.0,0.15649225502166678,0.15649225502166678,0.13897088750029926,0.14538114391055568,0.14538114391055568
trimwise_lexical,True,instruction,middle,1024,8,1.0,0,1.0,0.2377003869541183,1.0,0.0,0.0,1.0,1.0,1.0,1.0,1.0,0.0,1.0,1.0,1.0,0.0,1.0,1.0,0.0,,,1.0,0.0,8.225394088669951,1436.5,5.0290288529204785,6.375929,7.075778349999999,200.0,0,686.13623046875,790.0,0.0,50.0,0.0,0.6096171802054154,0.6096171802054154,0.6096171802054154,0.6096171802054154,0.6096171802054154
trimwise_hybrid,True,instruction,middle,1024,8,1.0,0,1.0,0.2185604426556021,1.0,0.0,0.0,1.0,1.0,1.0,1.0,1.0,0.0,1.0,1.0,1.0,0.0,1.0,1.0,0.0,,,1.0,0.0,7.913250469043152,1431.0,4.85690133916114,41.9577625,42.5347318,206.5,0,686.13623046875,790.0,0.0,46.0,0.0,0.6421568627450981,0.6421568627450981,0.6421568627450981,0.6421568627450981,0.6421568627450981
llmlingua,True,instruction,middle,1024,8,1.0,0,0.75,0.051187118894509456,0.0,0.0,0.0,0.0,0.0,0.0,0.0,0.0,0.0,0.71875,0.0,0.0,0.0,0.0,0.0,0.0,,,0.0,0.0,2.420761992972229,959.0,1.1081473660834054,186.81928299999998,190.13140865,680.0,0,1870.71337890625,2042.0,0.0,64.0,0.0,0.4112439847733966,0.4112439847733966,0.23227573080514255,0.28187890540831717,0.23227573080514255
longllmlingua,True,instruction,middle,1024,8,1.0,0,0.796875,0.04130978940072246,0.625,0.25,0.25,0.625,0.0,0.0,0.0,0.0,0.0,0.6640625,0.0,0.0,0.0,0.0,0.0,0.0,,,0.5,0.0,1.8056713541730192,729.5,0.8758609874855359,397.71276950000004,405.5128204,912.0,0,1193.2060546875,1334.0,0.0,69.0,0.0,0.23955086308027485,0.23955086308027485,0.16482558835500014,0.19895257248198425,0.15927003279944454
recomp_extractive,True,instruction,middle,1024,8,1.0,0,0.90625,0.038386045628191784,0.875,0.0,0.0,0.875,0.875,0.875,0.875,0.875,0.0,0.8984375,0.875,0.875,0.0,0.875,0.875,0.0,,,1.0,0.0,1.5966796875,611.0,0.8854877701287832,130.692853,133.47896824999998,1024.0,0,448.01904296875,496.0,0.0,61.0,0.0,0.4972629222629223,0.4972629222629223,0.3805962555962556,0.3852258852258852,0.3852258852258852
head_tail,False,instruction,middle,128,8,1.0,0,0.1875,0.0585275296440345,0.0,0.0,0.0,0.0,0.0,0.0,0.0,0.0,0.0,0.1640625,0.0,0.0,0.0,0.0,0.0,0.0,,,0.0,0.0,12.76953125,1506.5,1.46484375,0.6619685,0.7495573,128.0,0,0.0,0.0,0.0,,0.0,0.24538114391055568,0.24538114391055568,0.23982558835500012,0.23982558835500012,0.23982558835500012
naive_first_n,False,instruction,middle,128,8,1.0,0,0.1796875,0.05626973731727168,0.0,0.0,0.0,0.0,0.0,0.0,0.0,0.0,0.0,0.1484375,0.0,0.0,0.0,0.0,0.0,0.0,,,0.0,0.0,12.76953125,1506.5,1.40380859375,0.43380799999999997,0.5148973499999999,128.0,0,0.0,0.0,0.0,,0.0,0.1901912901912902,0.1901912901912902,0.16638176638176638,0.1901912901912902,0.1901912901912902
trimwise_structural,False,instruction,middle,128,8,1.0,0,0.140625,0.04629786733449615,0.0,0.0,0.0,0.0,0.0,0.0,0.0,0.0,0.0,0.125,0.0,0.0,0.0,0.0,0.0,0.0,,,0.0,0.0,12.76953125,1506.5,1.1005704365079365,12.9336635,13.089713849999999,128.0,0,0.0,0.0,0.0,,0.0,0.1676033661327779,0.1676033661327779,0.14445521798462976,0.1676033661327779,0.1676033661327779
llmlingua_queryless,False,instruction,middle,128,8,1.0,0,0.125,0.03731634976917421,0.0,0.0,0.0,0.0,0.0,0.0,0.0,0.0,0.0,0.1015625,0.0,0.0,0.0,0.0,0.0,0.0,,,0.0,0.25,13.509221311475411,1516.0,0.9849247181377125,149.930408,151.24591895,121.0,0,1193.2021484375,1378.0,0.0,57.0,0.0,0.0358974358974359,0.0358974358974359,0.02948717948717949,0.0358974358974359,0.0358974358974359
llmlingua2,False,instruction,middle,128,8,1.0,0,0.0625,0.028985507246376812,0.0,0.0,0.0,0.0,0.0,0.0,0.0,0.0,0.0,0.0625,0.0,0.0,0.0,0.0,0.0,0.0,,,0.0,1.0,7.858173076923077,1426.5,0.3005232700467849,84.33388500000001,86.86517465,208.0,0,774.033203125,850.0,0.0,59.0,0.0,0.0,0.0,0.0,0.0,0.0
head_tail,False,instruction,middle,256,8,1.0,0,0.2734375,0.04720406333309559,0.0,0.0,0.0,0.0,0.0,0.0,0.0,0.0,0.0,0.171875,0.0,0.0,0.0,0.0,0.0,0.0,,,1.0,0.0,6.397288602941177,1379.0,1.0695513556985294,0.803813,0.83287355,256.0,0,0.0,0.0,0.0,,0.0,0.3369047619047619,0.3369047619047619,0.3130952380952381,0.3369047619047619,0.3130952380952381
llmlingua2,False,instruction,middle,256,8,1.0,0,0.15625,0.044739620864980886,0.0,0.0,0.0,0.0,0.0,0.0,0.0,0.0,0.0,0.15625,0.0,0.0,0.0,0.0,0.0,0.0,,,0.0,0.125,6.500153824855021,1383.5,0.6198716175903789,84.497063,85.82115245,251.5,0,774.033203125,850.0,0.0,59.0,0.0,0.0,0.0,0.0,0.0,0.0
naive_first_n,False,instruction,middle,256,8,1.0,0,0.234375,0.0384991089783719,0.0,0.0,0.0,0.0,0.0,0.0,0.0,0.0,0.0,0.21875,0.0,0.0,0.0,0.0,0.0,0.0,,,0.0,0.0,6.384765625,1378.5,0.91552734375,0.578638,0.5958073,256.0,0,0.0,0.0,0.0,,0.0,0.21704314204314204,0.21704314204314204,0.2124135124135124,0.2124135124135124,0.2124135124135124
llmlingua_queryless,False,instruction,middle,256,8,1.0,0,0.1796875,0.03298428039770289,0.0,0.0,0.0,0.0,0.0,0.0,0.0,0.0,0.0,0.1171875,0.0,0.0,0.0,0.0,0.0,0.0,,,0.0,0.0,7.157040229885057,1413.5,0.7864050768275399,154.271836,156.2207328,228.5,0,1193.2021484375,1368.0,0.0,57.0,0.0,0.08883861236802414,0.08883861236802414,0.08242835595776772,0.08883861236802414,0.08883861236802414
trimwise_structural,False,instruction,middle,256,8,1.0,0,0.140625,0.02571847870537009,0.0,0.0,0.0,0.0,0.0,0.0,0.0,0.0,0.0,0.125,0.0,0.0,0.0,0.0,0.0,0.0,,,0.0,0.0,6.407843137254902,1379.0,0.5507525275735294,28.763379,28.98223335,255.0,0,0.0,0.0,0.0,,0.0,0.18334410687351865,0.18334410687351865,0.16945521798462973,0.18334410687351865,0.18334410687351865
llmlingua_queryless,False,instruction,middle,512,8,1.0,0,0.4296875,0.041648443164759685,0.0,0.0,0.0,0.0,0.0,0.0,0.0,0.0,0.0,0.2890625,0.0,0.0,0.0,0.0,0.0,0.0,,,0.0,0.0,3.6741708075788795,1191.0,0.9681177105419476,169.8089785,171.91826295,445.0,0,1193.2021484375,1334.0,0.0,55.0,0.0,0.15649225502166678,0.15649225502166678,0.13897088750029926,0.14538114391055568,0.14538114391055568
llmlingua2,False,instruction,middle,512,8,1.0,0,0.3203125,0.030271007530812896,0.0,0.0,0.0,0.0,0.0,0.0,0.0,0.0,0.0,0.3046875,0.0,0.0,0.0,0.0,0.0,0.0,,,0.0,0.0,3.2615290222592304,1133.0,0.6351885046076177,84.485739,85.06937275,503.5,0,774.033203125,850.0,0.0,59.0,0.0,0.005555555555555556,0.005555555555555556,0.0,0.0,0.0
head_tail,False,instruction,middle,512,8,1.0,0,0.3125,0.027004076335307207,0.0,0.0,0.0,0.0,0.0,0.0,0.0,0.0,0.0,0.2265625,0.0,0.0,0.0,0.0,0.0,0.0,,,1.0,0.0,3.193359375,1123.0,0.6106501689395792,1.100165,1.15358155,512.0,0,0.0,0.0,0.0,,0.0,0.42632275132275127,0.42632275132275127,0.4216931216931217,0.4216931216931217,0.4216931216931217
naive_first_n,False,instruction,middle,512,8,1.0,0,0.296875,0.025027952113628637,0.0,0.0,0.0,0.0,0.0,0.0,0.0,0.0,0.0,0.25,0.0,0.0,0.0,0.0,0.0,0.0,,,0.0,0.0,3.1923828125,1122.5,0.579833984375,0.853862,0.90570035,512.0,0,0.0,0.0,0.0,,0.0,0.23278388278388276,0.23278388278388276,0.23278388278388276,0.23278388278388276,0.23278388278388276
trimwise_structural,False,instruction,middle,512,8,1.0,0,0.21875,0.02063898783207825,0.0,0.0,0.0,0.0,0.0,0.0,0.0,0.0,0.0,0.1875,0.0,0.0,0.0,0.0,0.0,0.0,,,0.0,0.0,3.195505519202544,1123.0,0.42778464131686395,89.0864645,94.47928895,511.5,0,0.0,0.0,0.0,,0.0,0.20464040316981494,0.20464040316981494,0.18797373650314828,0.18797373650314828,0.18797373650314828
llmlingua_queryless,False,instruction,middle,1024,8,1.0,0,0.75,0.051187118894509456,0.0,0.0,0.0,0.0,0.0,0.0,0.0,0.0,0.0,0.71875,0.0,0.0,0.0,0.0,0.0,0.0,,,0.0,0.0,2.420761992972229,959.0,1.1081473660834054,185.020213,185.9059169,680.0,0,1193.2021484375,1334.0,0.0,56.0,0.0,0.4112439847733966,0.4112439847733966,0.23227573080514255,0.28187890540831717,0.23227573080514255
naive_first_n,False,instruction,middle,1024,8,1.0,0,1.0,0.043008339317576756,1.0,1.0,1.0,1.0,1.0,1.0,1.0,1.0,1.0,1.0,1.0,1.0,1.0,1.0,1.0,1.0,,,0.0,0.0,1.59619140625,610.5,0.9765625,1.445442,1.5026109,1024.0,0,0.0,0.0,0.0,,0.0,0.45033577533577535,0.45033577533577535,0.45033577533577535,0.45033577533577535,0.45033577533577535
llmlingua2,False,instruction,middle,1024,8,1.0,0,0.578125,0.023174945233027947,0.0,0.0,0.0,0.0,0.0,0.0,0.0,0.0,0.0,0.5234375,0.0,0.0,0.0,0.0,0.0,0.0,,,0.0,0.0,1.6394182547642928,637.5,0.5746402049335231,85.243725,86.5791124,1002.5,0,774.033203125,850.0,0.0,59.0,0.0,0.03425925925925926,0.03425925925925926,0.0,0.019444444444444445,0.0
head_tail,False,instruction,middle,1024,8,1.0,0,0.3125,0.013507665950244836,0.0,0.0,0.0,0.0,0.0,0.0,0.0,0.0,0.0,0.25,0.0,0.0,0.0,0.0,0.0,0.0,,,1.0,0.0,1.5969713198008308,611.0,0.3052876492050037,1.7409720000000002,1.816427,1024.0,0,0.0,0.0,0.0,,0.0,0.4411375661375661,0.4411375661375661,0.4411375661375661,0.4411375661375661,0.4411375661375661
trimwise_structural,False,instruction,middle,1024,8,1.0,0,0.25,0.011117649699698024,0.0,0.0,0.0,0.0,0.0,0.0,0.0,0.0,0.0,0.25,0.0,0.0,0.0,0.0,0.0,0.0,,,0.0,0.0,1.6003917727717925,613.0,0.2447084744823366,163.43992250000002,177.12101815,1021.0,0,0.0,0.0,0.0,,0.0,0.25741818094759267,0.25741818094759267,0.22964040316981493,0.22964040316981493,0.22964040316981493
trimwise_hybrid,True,instruction,multiple,128,10,1.0,0,0.7142857142857143,0.4545454545454545,0.0,0.0,0.0,0.6666666666666666,0.6666666666666666,0.0,0.6666666666666666,0.0,0.0,0.7857142857142857,0.6666666666666666,0.0,0.0,0.6666666666666666,0.0,0.0,,,1.0,0.0,12.968253968253968,1508.0,5.660076530612246,42.2162285,44.211895049999995,126.0,0,0.0,0.0,0.0,,0.0,0.5067681773564127,0.5067681773564127,0.5067681773564127,0.5067681773564127,0.5067681773564127
trimwise_lexical,True,instruction,multiple,128,10,1.0,0,0.42857142857142855,0.26086956521739124,0.0,0.0,0.0,0.3333333333333333,0.3333333333333333,0.0,0.3333333333333333,0.0,0.0,0.40476190476190477,0.3333333333333333,0.0,0.0,0.3333333333333333,0.0,0.0,,,0.0,0.0,13.072,1509.0,3.423172103487064,6.448138,6.74759255,125.0,0,0.0,0.0,0.0,,0.0,0.503135698723934,0.503135698723934,0.503135698723934,0.503135698723934,0.503135698723934
recomp_extractive,True,instruction,multiple,128,10,1.0,0,0.3880952380952381,0.25228727287323544,0.0,0.0,0.0,0.3333333333333333,0.3333333333333333,0.0,0.3333333333333333,0.0,0.0,0.45138888888888895,0.3333333333333333,0.0,0.0,0.3333333333333333,0.0,0.0,,,0.0,0.0,12.765625,1506.0,3.034044572553431,118.8299845,119.56496575,128.0,0,448.02490234375,496.0,0.0,,0.0,0.3748898704781058,0.3748898704781058,0.3378528334410687,0.34248246307069835,0.34248246307069835
longllmlingua,True,instruction,multiple,128,10,1.0,0,0.19523809523809524,0.11240500379124559,0.0,0.0,0.0,0.0,0.0,0.0,0.0,0.0,0.0,0.14494047619047618,0.0,0.0,0.0,0.0,0.0,0.0,,,0.0,1.0,10.559166666666666,1484.5,1.2263544852053554,307.223468,316.95626705,155.0,0,1193.2060546875,1403.0,0.0,,0.0,0.005555555555555556,0.005555555555555556,0.005555555555555556,0.005555555555555556,0.005555555555555556
llmlingua,True,instruction,multiple,128,10,1.0,0,0.15,0.09543199377546188,0.0,0.0,0.0,0.0,0.0,0.0,0.0,0.0,0.0,0.14454365079365078,0.0,0.0,0.0,0.0,0.0,0.0,,,0.0,0.2,13.509221311475411,1515.0,1.1986183041552487,150.6597445,153.97540665,121.0,0,1193.2021484375,1379.0,0.0,,0.0,0.0358974358974359,0.0358974358974359,0.02948717948717949,0.0358974358974359,0.0358974358974359
trimwise_hybrid,True,instruction,multiple,256,10,1.0,0,0.7142857142857143,0.2732265472368526,0.0,0.0,0.0,0.6666666666666666,0.6666666666666666,0.0,0.6666666666666666,0.0,0.0,0.7857142857142857,0.6666666666666666,0.0,0.0,0.6666666666666666,0.0,0.0,,,1.0,0.0,6.458498023715415,1381.0,2.8233790229119418,42.633322,43.460344449999994,253.0,0,686.13623046875,790.0,0.0,47.0,0.0,0.6125272331154684,0.6125272331154684,0.6125272331154684,0.6125272331154684,0.6125272331154684
trimwise_lexical,True,instruction,multiple,256,10,1.0,0,0.7142857142857143,0.26098348205809757,0.0,0.0,0.0,0.6666666666666666,0.6666666666666666,0.0,0.6666666666666666,0.0,0.0,0.7857142857142857,0.6666666666666666,0.0,0.0,0.6666666666666666,0.0,0.0,,,1.0,0.0,6.458498023715415,1381.0,2.821049368363947,8.323779,8.7702725,253.0,0,686.13623046875,790.0,0.0,44.0,0.0,0.5799875505757859,0.5799875505757859,0.5799875505757859,0.5799875505757859,0.5799875505757859
recomp_extractive,True,instruction,multiple,256,10,1.0,0,0.42857142857142855,0.1597297460648268,0.0,0.0,0.0,0.3333333333333333,0.3333333333333333,0.0,0.3333333333333333,0.0,0.0,0.45138888888888895,0.3333333333333333,0.0,0.0,0.3333333333333333,0.0,0.0,,,0.0,0.0,6.38671875,1379.0,1.67531074929972,122.7416465,130.09993305,256.0,0,448.02490234375,496.0,0.0,65.0,0.0,0.4053029758912112,0.4053029758912112,0.36363630922454454,0.3682659388541742,0.3682659388541742
longllmlingua,True,instruction,multiple,256,10,1.0,0,0.29285714285714287,0.11056947319709667,0.0,0.0,0.0,0.0,0.0,0.0,0.0,0.0,0.0,0.18303571428571427,0.0,0.0,0.0,0.0,0.0,0.0,,,0.0,0.7,6.323219096079018,1377.0,1.0958922665295092,318.4008565,329.1150791,258.5,0,1193.2060546875,1380.0,0.0,69.0,0.0,0.04893162393162393,0.04893162393162393,0.042521367521367516,0.04893162393162393,0.04893162393162393
llmlingua,True,instruction,multiple,256,10,1.0,0,0.20238095238095238,0.0853388976304253,0.0,0.0,0.0,0.0,0.0,0.0,0.0,0.0,0.0,0.14732142857142858,0.0,0.0,0.0,0.0,0.0,0.0,,,0.0,0.0,7.368493150684932,1418.0,0.8971033408127476,157.56264900000002,159.4165684,222.0,0,1870.71337890625,2088.0,0.0,66.0,0.0,0.08883861236802414,0.08883861236802414,0.08242835595776772,0.08883861236802414,0.08883861236802414
trimwise_hybrid,True,instruction,multiple,512,10,1.0,0,0.7142857142857143,0.2731008717310087,0.0,0.0,0.0,0.6666666666666666,0.6666666666666666,0.0,0.6666666666666666,0.0,0.0,0.7857142857142857,0.6666666666666666,0.0,0.0,0.6666666666666666,0.0,0.0,,,1.0,0.0,6.458498023715415,1381.0,2.8180338532348754,42.828439,46.9848139,253.0,0,0.0,0.0,0.0,,0.0,0.6282679738562091,0.6282679738562091,0.6282679738562091,0.6282679738562091,0.6282679738562091
trimwise_lexical,True,instruction,multiple,512,10,1.0,0,0.7142857142857143,0.14195703071202312,0.0,0.0,0.0,0.6666666666666666,0.6666666666666666,0.0,0.6666666666666666,0.0,0.0,0.7857142857142857,0.6666666666666666,0.0,0.0,0.6666666666666666,0.0,0.0,,,1.0,0.0,3.1923828125,1122.0,1.3961845503333072,11.3496035,13.379230749999996,512.0,0,0.0,0.0,0.0,,0.0,0.5846171802054155,0.5846171802054155,0.5846171802054155,0.5846171802054155,0.5846171802054155
recomp_extractive,True,instruction,multiple,512,10,1.0,0,0.6261904761904762,0.1289069329832844,0.0,0.0,0.0,0.5666666666666667,0.5666666666666667,0.0,0.5666666666666667,0.0,0.0,0.6409722222222223,0.5666666666666667,0.0,0.0,0.5666666666666667,0.0,0.0,,,0.0,0.0,3.1986301369863015,1123.5,1.2252680395788453,124.7327085,127.3487095,511.0,0,448.02490234375,496.0,0.0,,0.0,0.4629533864827982,0.4629533864827982,0.3888793124087242,0.3935089420383538,0.3935089420383538
llmlingua,True,instruction,multiple,512,10,1.0,0,0.4119047619047619,0.09754588319405502,0.0,0.0,0.0,0.0,0.0,0.0,0.0,0.0,0.0,0.32728174603174603,0.0,0.0,0.0,0.0,0.0,0.0,,,0.0,0.0,3.6885063796828503,1195.5,0.9349651390263871,169.413234,170.37565995,443.0,0,1193.2021484375,1334.0,0.0,,0.0,0.15649225502166678,0.15649225502166678,0.13897088750029926,0.14538114391055568,0.14538114391055568
longllmlingua,True,instruction,multiple,512,10,1.0,0,0.43809523809523804,0.09461935854643268,0.0,0.0,0.0,0.0,0.0,0.0,0.0,0.0,0.0,0.2685515873015873,0.0,0.0,0.0,0.0,0.0,0.0,,,0.0,0.8,3.0820329922999523,1113.0,0.8341433236087449,346.7708355,359.06094889999997,532.0,0,1193.2060546875,1334.0,0.0,,0.0,0.0767094017094017,0.0767094017094017,0.0655982905982906,0.060042735042735045,0.060042735042735045
trimwise_hybrid,True,instruction,multiple,1024,10,1.0,0,0.7142857142857143,0.2731008717310087,0.0,0.0,0.0,0.6666666666666666,0.6666666666666666,0.0,0.6666666666666666,0.0,0.0,0.7857142857142857,0.6666666666666666,0.0,0.0,0.6666666666666666,0.0,0.0,,,1.0,0.0,6.458498023715415,1381.0,2.8180338532348754,42.778447,44.80279779999999,253.0,0,686.13623046875,790.0,0.0,47.0,0.0,0.6421568627450981,0.6421568627450981,0.6421568627450981,0.6421568627450981,0.6421568627450981
llmlingua,True,instruction,multiple,1024,10,1.0,0,0.7666666666666667,0.12930168760552876,0.0,0.0,0.0,0.5333333333333333,0.3333333333333333,0.0,0.3333333333333333,0.0,0.0,0.7409722222222224,0.3333333333333333,0.0,0.0,0.3333333333333333,0.0,0.0,,,0.0,0.0,2.413589364844904,957.0,1.1287268099943435,188.549374,191.80386670000001,680.0,0,1870.71337890625,2042.0,0.0,66.0,0.0,0.4112439847733966,0.4112439847733966,0.23227573080514255,0.28187890540831717,0.23227573080514255
trimwise_lexical,True,instruction,multiple,1024,10,1.0,0,0.7142857142857143,0.1173163418830027,0.0,0.0,0.0,0.6666666666666666,0.6666666666666666,0.0,0.6666666666666666,0.0,0.0,0.7857142857142857,0.6666666666666666,0.0,0.0,0.6666666666666666,0.0,0.0,,,1.0,0.0,2.481050113176613,977.0,1.0759563125522569,14.2916525,15.693644699999998,659.0,0,686.13623046875,790.0,0.0,44.0,0.0,0.6096171802054154,0.6096171802054154,0.6096171802054154,0.6096171802054154,0.6096171802054154
recomp_extractive,True,instruction,multiple,1024,10,1.0,0,0.8571428571428571,0.09344185951235952,0.5,0.0,0.0,0.8333333333333333,0.8333333333333333,0.5,0.8333333333333333,0.5,0.0,0.861111111111111,0.8333333333333333,0.5,0.0,0.8333333333333333,0.5,0.0,,,0.5,0.0,1.5974596010508308,611.5,0.8385465160813033,132.7661075,136.8447981,1023.5,0,448.02490234375,496.0,0.0,65.0,0.0,0.4972629222629223,0.4972629222629223,0.3805962555962556,0.3852258852258852,0.3852258852258852
longllmlingua,True,instruction,multiple,1024,10,1.0,0,0.5523809523809524,0.06775133966506583,0.0,0.0,0.0,0.06666666666666667,0.0,0.0,0.0,0.0,0.0,0.41676587301587303,0.0,0.0,0.0,0.0,0.0,0.0,,,0.0,0.0,1.7173269032796807,689.0,0.5823837002584215,399.4724545,428.77865855,951.5,0,1193.2060546875,1334.0,8230.995983001776,70.0,0.0,0.23955086308027485,0.23955086308027485,0.16482558835500014,0.19895257248198425,0.15927003279944454
naive_first_n,False,instruction,multiple,128,10,1.0,0,0.3904761904761905,0.25650097512408443,0.0,0.0,0.0,0.3333333333333333,0.3333333333333333,0.0,0.3333333333333333,0.0,0.0,0.45972222222222225,0.3333333333333333,0.0,0.0,0.3333333333333333,0.0,0.0,,,0.0,0.0,12.765625,1506.0,3.050595238095238,0.433396,0.4787494,128.0,0,0.0,0.0,0.0,,0.0,0.1901912901912902,0.1901912901912902,0.16638176638176638,0.1901912901912902,0.1901912901912902
llmlingua_queryless,False,instruction,multiple,128,10,1.0,0,0.15,0.09543199377546188,0.0,0.0,0.0,0.0,0.0,0.0,0.0,0.0,0.0,0.14454365079365078,0.0,0.0,0.0,0.0,0.0,0.0,,,0.0,0.2,13.509221311475411,1515.0,1.1986183041552487,152.465394,154.29004675,121.0,0,1193.2021484375,1379.0,0.0,66.0,0.0,0.0358974358974359,0.0358974358974359,0.02948717948717949,0.0358974358974359,0.0358974358974359
head_tail,False,instruction,multiple,128,10,1.0,0,0.10476190476190475,0.0680823569253741,0.0,0.0,0.0,0.0,0.0,0.0,0.0,0.0,0.0,0.08055555555555556,0.0,0.0,0.0,0.0,0.0,0.0,,,0.0,0.0,12.765625,1506.0,0.8184523809523808,0.6877155,0.7164144499999999,128.0,0,0.0,0.0,0.0,,0.0,0.24538114391055568,0.24538114391055568,0.23982558835500012,0.23982558835500012,0.23982558835500012
trimwise_structural,False,instruction,multiple,128,10,1.0,0,0.04523809523809523,0.030914243399956364,0.0,0.0,0.0,0.0,0.0,0.0,0.0,0.0,0.0,0.06329365079365079,0.0,0.0,0.0,0.0,0.0,0.0,,,0.0,0.0,12.76953125,1506.0,0.35445485608941735,12.9579625,13.0619818,128.0,0,0.0,0.0,0.0,,0.0,0.1676033661327779,0.1676033661327779,0.14445521798462976,0.1676033661327779,0.1676033661327779
llmlingua2,False,instruction,multiple,128,10,1.0,0,0.0,0.0,0.0,0.0,0.0,0.0,0.0,0.0,0.0,0.0,0.0,0.0,0.0,0.0,0.0,0.0,0.0,0.0,,,0.0,1.0,7.855769230769231,1426.0,0.0,84.9667595,85.77506665,208.5,0,774.033203125,850.0,0.0,59.0,0.0,0.0,0.0,0.0,0.0,0.0
head_tail,False,instruction,multiple,256,10,1.0,0,1.0,0.3974083518244632,1.0,0.0,0.0,1.0,1.0,1.0,1.0,1.0,0.0,1.0,1.0,1.0,0.0,1.0,1.0,0.0,,,1.0,0.0,6.3828125,1378.0,3.9108455882352944,0.8892610000000001,0.9936086,256.0,0,0.0,0.0,0.0,,0.0,0.3369047619047619,0.3369047619047619,0.3130952380952381,0.3369047619047619,0.3130952380952381
naive_first_n,False,instruction,multiple,256,10,1.0,0,0.4166666666666667,0.15865024513865597,0.0,0.0,0.0,0.3333333333333333,0.3333333333333333,0.0,0.3333333333333333,0.0,0.0,0.45972222222222225,0.3333333333333333,0.0,0.0,0.3333333333333333,0.0,0.0,,,0.0,0.0,6.3828125,1378.0,1.6276041666666667,0.5888180000000001,0.6945539999999999,256.0,0,0.0,0.0,0.0,,0.0,0.21704314204314204,0.21704314204314204,0.2124135124135124,0.2124135124135124,0.2124135124135124
llmlingua_queryless,False,instruction,multiple,256,10,1.0,0,0.20238095238095238,0.0853388976304253,0.0,0.0,0.0,0.0,0.0,0.0,0.0,0.0,0.0,0.14732142857142858,0.0,0.0,0.0,0.0,0.0,0.0,,,0.0,0.0,7.368493150684932,1418.0,0.8971033408127476,156.1879155,158.58280635,222.0,0,1193.2021484375,1380.0,0.0,66.0,0.0,0.08883861236802414,0.08883861236802414,0.08242835595776772,0.08883861236802414,0.08883861236802414
trimwise_structural,False,instruction,multiple,256,10,1.0,0,0.04285714285714286,0.017842535990546173,0.0,0.0,0.0,0.0,0.0,0.0,0.0,0.0,0.0,0.06329365079365079,0.0,0.0,0.0,0.0,0.0,0.0,,,0.0,0.0,6.407843137254902,1379.0,0.16795809531161543,28.881509,29.301499749999998,255.0,0,0.0,0.0,0.0,,0.0,0.18334410687351865,0.18334410687351865,0.16945521798462973,0.18334410687351865,0.18334410687351865
llmlingua2,False,instruction,multiple,256,10,1.0,0,0.0,0.0,0.0,0.0,0.0,0.0,0.0,0.0,0.0,0.0,0.0,0.0,0.0,0.0,0.0,0.0,0.0,0.0,,,0.0,0.1,6.487237237237237,1382.5,0.0,84.19262,84.97076555,252.5,0,774.033203125,850.0,0.0,59.0,0.0,0.0,0.0,0.0,0.0,0.0
head_tail,False,instruction,multiple,512,10,1.0,0,1.0,0.21203853413795487,1.0,0.0,0.0,1.0,1.0,1.0,1.0,1.0,0.0,1.0,1.0,1.0,0.0,1.0,1.0,0.0,,,1.0,0.0,3.19140625,1122.0,1.9538894324853229,1.152199,1.30115425,512.0,0,0.0,0.0,0.0,,0.0,0.42632275132275127,0.42632275132275127,0.4216931216931217,0.4216931216931217,0.4216931216931217
naive_first_n,False,instruction,multiple,512,10,1.0,0,0.4714285714285714,0.09755511168669326,0.0,0.0,0.0,0.3333333333333333,0.3333333333333333,0.0,0.3333333333333333,0.0,0.0,0.45972222222222225,0.3333333333333333,0.0,0.0,0.3333333333333333,0.0,0.0,,,0.0,0.0,3.19140625,1122.0,0.9207589285714285,0.8847235,0.90414805,512.0,0,0.0,0.0,0.0,,0.0,0.23278388278388276,0.23278388278388276,0.23278388278388276,0.23278388278388276,0.23278388278388276
llmlingua_queryless,False,instruction,multiple,512,10,1.0,0,0.4119047619047619,0.09754588319405502,0.0,0.0,0.0,0.0,0.0,0.0,0.0,0.0,0.0,0.32728174603174603,0.0,0.0,0.0,0.0,0.0,0.0,,,0.0,0.0,3.6885063796828503,1195.5,0.9349651390263871,171.7622785,172.55732020000002,443.0,0,1193.2021484375,1334.0,0.0,66.0,0.0,0.15649225502166678,0.15649225502166678,0.13897088750029926,0.14538114391055568,0.14538114391055568
trimwise_structural,False,instruction,multiple,512,10,1.0,0,0.13095238095238096,0.03002278841561772,0.0,0.0,0.0,0.0,0.0,0.0,0.0,0.0,0.0,0.08472222222222223,0.0,0.0,0.0,0.0,0.0,0.0,,,0.0,0.0,3.197651663405088,1123.0,0.25621318124387127,88.740466,93.98359239999999,511.0,0,0.0,0.0,0.0,,0.0,0.20464040316981494,0.20464040316981494,0.18797373650314828,0.18797373650314828,0.18797373650314828
llmlingua2,False,instruction,multiple,512,10,1.0,0,0.030952380952380953,0.007095544019143689,0.0,0.0,0.0,0.0,0.0,0.0,0.0,0.0,0.0,0.034027777777777775,0.0,0.0,0.0,0.0,0.0,0.0,,,0.0,0.1,3.2356943153701065,1129.0,0.06126173355153134,84.899231,85.6330066,505.5,0,774.033203125,850.0,0.0,59.0,0.0,0.005555555555555556,0.005555555555555556,0.0,0.0,0.0
llmlingua_queryless,False,instruction,multiple,1024,10,1.0,0,0.7666666666666667,0.12930168760552876,0.0,0.0,0.0,0.5333333333333333,0.3333333333333333,0.0,0.3333333333333333,0.0,0.0,0.7409722222222224,0.3333333333333333,0.0,0.0,0.3333333333333333,0.0,0.0,,,0.0,0.0,2.413589364844904,957.0,1.1287268099943435,186.587508,188.13949474999998,680.0,0,1193.2021484375,1334.0,0.0,66.0,0.0,0.4112439847733966,0.4112439847733966,0.23227573080514255,0.28187890540831717,0.23227573080514255
head_tail,False,instruction,multiple,1024,10,1.0,0,1.0,0.10953812374141576,1.0,0.0,0.0,1.0,1.0,1.0,1.0,1.0,0.0,1.0,1.0,1.0,0.0,1.0,1.0,0.0,,,1.0,0.0,1.5969713198008308,611.0,0.9769443426197458,1.8108905000000002,1.8855296,1024.0,0,0.0,0.0,0.0,,0.0,0.4411375661375661,0.4411375661375661,0.4411375661375661,0.4411375661375661,0.4411375661375661
naive_first_n,False,instruction,multiple,1024,10,1.0,0,0.47619047619047616,0.05191212900873281,0.0,0.0,0.0,0.3333333333333333,0.3333333333333333,0.0,0.3333333333333333,0.0,0.0,0.45972222222222225,0.3333333333333333,0.0,0.0,0.3333333333333333,0.0,0.0,,,0.0,0.0,1.595703125,610.0,0.46502976190476186,1.4491455,1.5050253,1024.0,0,0.0,0.0,0.0,,0.0,0.45033577533577535,0.45033577533577535,0.45033577533577535,0.45033577533577535,0.45033577533577535
llmlingua2,False,instruction,multiple,1024,10,1.0,0,0.4309523809523809,0.04380453050219066,0.0,0.0,0.0,0.0,0.0,0.0,0.0,0.0,0.0,0.31666666666666665,0.0,0.0,0.0,0.0,0.0,0.0,,,0.0,0.0,1.6251782962299126,628.5,0.4274313167383393,84.99269050000001,87.612693,1011.0,0,774.033203125,850.0,0.0,59.0,0.0,0.03425925925925926,0.03425925925925926,0.0,0.019444444444444445,0.0
trimwise_structural,False,instruction,multiple,1024,10,1.0,0,0.20476190476190476,0.02300689758118979,0.0,0.0,0.0,0.0,0.0,0.0,0.0,0.0,0.0,0.13234126984126982,0.0,0.0,0.0,0.0,0.0,0.0,,,0.0,0.0,1.6003917727717925,613.0,0.20043869172230444,163.88682599999999,175.80083605,1021.0,0,0.0,0.0,0.0,,0.0,0.25741818094759267,0.25741818094759267,0.22964040316981493,0.22964040316981493,0.22964040316981493
trimwise_hybrid,True,procedure,beginning,128,4,1.0,0,1.0,0.22499999999999998,1.0,1.0,1.0,1.0,1.0,1.0,1.0,1.0,1.0,1.0,1.0,1.0,1.0,1.0,1.0,1.0,,,0.0,0.0,12.883064516129032,1473.5,8.032514080901178,40.689542,41.2614942,124.0,0,0.0,0.0,0.0,,0.0,0.5067681773564127,0.5067681773564127,0.5067681773564127,0.5067681773564127,0.5067681773564127
trimwise_lexical,True,procedure,beginning,128,4,1.0,0,1.0,0.20679320679320679,1.0,1.0,1.0,1.0,1.0,1.0,1.0,1.0,1.0,1.0,1.0,1.0,1.0,1.0,1.0,1.0,,,0.0,0.0,12.578740157480315,1470.5,7.954692138892474,5.443020499999999,5.4856266,127.0,0,0.0,0.0,0.0,,0.0,0.503135698723934,0.503135698723934,0.503135698723934,0.503135698723934,0.503135698723934
recomp_extractive,True,procedure,beginning,128,4,1.0,0,0.8611111111111112,0.1731443843512809,0.75,0.75,0.75,0.75,0.75,0.75,0.75,0.75,0.75,0.8611111111111112,0.75,0.75,0.75,0.75,0.75,0.75,,,0.0,0.0,12.517778051181104,1469.5,6.742809492563429,118.02211750000001,123.5576038,128.0,0,936.10986328125,1016.0,0.0,,0.0,0.3748898704781058,0.3748898704781058,0.3378528334410687,0.34248246307069835,0.34248246307069835
longllmlingua,True,procedure,beginning,128,4,1.0,0,0.5555555555555556,0.0525195862148388,0.0,0.0,0.0,0.0,0.0,0.0,0.0,0.0,0.0,0.5,0.0,0.0,0.0,0.0,0.0,0.0,,,0.0,1.0,5.818382845943576,1323.5,2.0165431828926605,278.27611449999995,280.60688220000003,277.5,0,1681.2998046875,1936.0,0.0,,0.0,0.005555555555555556,0.005555555555555556,0.005555555555555556,0.005555555555555556,0.005555555555555556
llmlingua,True,procedure,beginning,128,4,1.0,0,0.25,0.0242676207400754,0.0,0.0,0.0,0.0,0.0,0.0,0.0,0.0,0.0,0.1111111111111111,0.0,0.0,0.0,0.0,0.0,0.0,,,0.0,1.0,6.250965481249533,1343.5,0.9755076821250961,137.53365,139.0224772,255.5,0,1193.201171875,1380.0,0.0,,0.0,0.0358974358974359,0.0358974358974359,0.02948717948717949,0.0358974358974359,0.0358974358974359
trimwise_lexical,True,procedure,beginning,256,4,1.0,0,1.0,0.12371280113367975,1.0,1.0,1.0,1.0,1.0,1.0,1.0,1.0,1.0,1.0,1.0,1.0,1.0,1.0,1.0,1.0,,,0.0,0.0,7.485966447536924,1385.5,4.647119692902157,5.9772585,6.0733343,214.0,0,686.13623046875,790.0,0.0,54.0,0.0,0.5799875505757859,0.5799875505757859,0.5799875505757859,0.5799875505757859,0.5799875505757859
trimwise_hybrid,True,procedure,beginning,256,4,1.0,0,1.0,0.11707410236822002,1.0,1.0,1.0,1.0,1.0,1.0,1.0,1.0,1.0,1.0,1.0,1.0,1.0,1.0,1.0,1.0,,,0.0,0.0,6.882966061961265,1365.5,4.278593997099425,42.3939965,44.60027695,233.0,0,686.13623046875,790.0,0.0,44.0,0.0,0.6125272331154684,0.6125272331154684,0.6125272331154684,0.6125272331154684,0.6125272331154684
recomp_extractive,True,procedure,beginning,256,4,1.0,0,1.0,0.10148630261752434,1.0,1.0,1.0,1.0,1.0,1.0,1.0,1.0,1.0,1.0,1.0,1.0,1.0,1.0,1.0,1.0,,,0.0,0.0,6.252466299019607,1342.0,3.9139093137254903,116.907422,119.6860799,255.5,0,936.10986328125,1016.0,0.0,68.0,0.0,0.4053029758912112,0.4053029758912112,0.36363630922454454,0.3682659388541742,0.3682659388541742
longllmlingua,True,procedure,beginning,256,4,1.0,0,0.5833333333333334,0.03969655692258457,0.0,0.0,0.0,0.0,0.0,0.0,0.0,0.0,0.0,0.5277777777777778,0.0,0.0,0.0,0.0,0.0,0.0,,,0.0,1.0,4.197966936712598,1215.5,1.5089838913227633,296.71630949999997,297.1431445,386.0,0,1870.71728515625,2088.0,0.0,68.0,0.0,0.04893162393162393,0.04893162393162393,0.042521367521367516,0.04893162393162393,0.04893162393162393
llmlingua,True,procedure,beginning,256,4,1.0,0,0.25,0.017789664940135997,0.0,0.0,0.0,0.0,0.0,0.0,0.0,0.0,0.0,0.1111111111111111,0.0,0.0,0.0,0.0,0.0,0.0,,,0.0,1.0,4.5840550015207056,1250.5,0.7139304817298373,142.616111,143.1155379,353.5,0,1870.71240234375,2088.0,0.0,53.0,0.0,0.08883861236802414,0.08883861236802414,0.08242835595776772,0.08883861236802414,0.08883861236802414
trimwise_lexical,True,procedure,beginning,512,4,1.0,0,1.0,0.12371280113367975,1.0,1.0,1.0,1.0,1.0,1.0,1.0,1.0,1.0,1.0,1.0,1.0,1.0,1.0,1.0,1.0,,,0.0,0.0,7.485966447536924,1385.5,4.647119692902157,5.6331655000000005,5.7566979,214.0,0,0.0,0.0,0.0,,0.0,0.5846171802054155,0.5846171802054155,0.5846171802054155,0.5846171802054155,0.5846171802054155
trimwise_hybrid,True,procedure,beginning,512,4,1.0,0,1.0,0.11707410236822002,1.0,1.0,1.0,1.0,1.0,1.0,1.0,1.0,1.0,1.0,1.0,1.0,1.0,1.0,1.0,1.0,,,0.0,0.0,6.882966061961265,1365.5,4.278593997099425,41.6648285,42.07583085,233.0,0,0.0,0.0,0.0,,0.0,0.6282679738562091,0.6282679738562091,0.6282679738562091,0.6282679738562091,0.6282679738562091
recomp_extractive,True,procedure,beginning,512,4,1.0,0,1.0,0.05039654105167829,1.0,1.0,1.0,1.0,1.0,1.0,1.0,1.0,1.0,1.0,1.0,1.0,1.0,1.0,1.0,1.0,,,0.0,0.0,3.1232919730392155,1085.5,1.9550398284313726,122.02611300000001,122.88736645,512.0,0,936.10986328125,1016.0,0.0,,0.0,0.4629533864827982,0.4629533864827982,0.3888793124087242,0.3935089420383538,0.3935089420383538
longllmlingua,True,procedure,beginning,512,4,1.0,0,0.6666666666666666,0.028861073651185155,0.0,0.0,0.0,0.0,0.0,0.0,0.0,0.0,0.0,0.5277777777777778,0.0,0.0,0.0,0.0,0.0,0.0,,,0.0,1.0,2.576990738868443,992.0,1.0796966720974623,314.65154,316.11573105,629.0,0,1681.2998046875,1866.0,0.0,,0.0,0.0767094017094017,0.0767094017094017,0.0655982905982906,0.060042735042735045,0.060042735042735045
llmlingua,True,procedure,beginning,512,4,1.0,0,0.4444444444444444,0.020770086386333025,0.0,0.0,0.0,0.0,0.0,0.0,0.0,0.0,0.0,0.4444444444444444,0.0,0.0,0.0,0.0,0.0,0.0,,,0.0,1.0,2.9913016824467,1069.0,0.8276302651677173,154.9921625,157.94362755,535.5,0,1193.201171875,1334.0,0.0,,0.0,0.15649225502166678,0.15649225502166678,0.13897088750029926,0.14538114391055568,0.14538114391055568
trimwise_lexical,True,procedure,beginning,1024,4,1.0,0,1.0,0.12371280113367975,1.0,1.0,1.0,1.0,1.0,1.0,1.0,1.0,1.0,1.0,1.0,1.0,1.0,1.0,1.0,1.0,,,0.0,0.0,7.485966447536924,1385.5,4.647119692902157,5.9757035,6.18152515,214.0,0,686.13623046875,790.0,0.0,54.0,0.0,0.6096171802054154,0.6096171802054154,0.6096171802054154,0.6096171802054154,0.6096171802054154
trimwise_hybrid,True,procedure,beginning,1024,4,1.0,0,1.0,0.11707410236822002,1.0,1.0,1.0,1.0,1.0,1.0,1.0,1.0,1.0,1.0,1.0,1.0,1.0,1.0,1.0,1.0,,,0.0,0.0,6.882966061961265,1365.5,4.278593997099425,41.779015,43.13233165,233.0,0,686.13623046875,790.0,0.0,44.0,0.0,0.6421568627450981,0.6421568627450981,0.6421568627450981,0.6421568627450981,0.6421568627450981
llmlingua,True,procedure,beginning,1024,4,1.0,0,1.0,0.03391094811980693,1.0,1.0,1.0,1.0,1.0,1.0,1.0,1.0,1.0,1.0,1.0,1.0,1.0,1.0,1.0,1.0,,,0.0,0.0,2.0475501571783603,826.5,1.284850802703935,173.6112095,175.4531636,779.5,0,1870.71240234375,2042.0,0.0,53.0,0.0,0.4112439847733966,0.4112439847733966,0.23227573080514255,0.28187890540831717,0.23227573080514255
recomp_extractive,True,procedure,beginning,1024,4,1.0,0,1.0,0.02444592378714773,1.0,1.0,1.0,1.0,1.0,1.0,1.0,1.0,1.0,1.0,1.0,1.0,1.0,1.0,1.0,1.0,,,0.0,0.0,1.5631184895833332,575.5,0.9787159800687137,123.3147285,129.30093925,1021.5,0,936.10986328125,1016.0,0.0,68.0,0.0,0.4972629222629223,0.4972629222629223,0.3805962555962556,0.3852258852258852,0.3852258852258852
longllmlingua,True,procedure,beginning,1024,4,1.0,0,0.6666666666666666,0.018011530767257172,0.0,0.0,0.0,0.0,0.0,0.0,0.0,0.0,0.0,0.5555555555555556,0.0,0.0,0.0,0.0,0.0,0.0,,,0.0,0.25,1.6049806027870626,609.5,0.6687604363723386,358.7968775,360.83130925,995.5,0,1870.71728515625,2042.0,0.0,68.0,0.0,0.23955086308027485,0.23955086308027485,0.16482558835500014,0.19895257248198425,0.15927003279944454
naive_first_n,False,procedure,beginning,128,4,1.0,0,1.0,0.20247064909360804,1.0,1.0,1.0,1.0,1.0,1.0,1.0,1.0,1.0,1.0,1.0,1.0,1.0,1.0,1.0,1.0,,,0.0,0.0,12.48046875,1469.5,7.8125,1.0914125000000001,1.2103836499999998,128.0,0,0.0,0.0,0.0,48.0,0.0,0.1901912901912902,0.1901912901912902,0.16638176638176638,0.1901912901912902,0.1901912901912902
llmlingua_queryless,False,procedure,beginning,128,4,1.0,0,0.25,0.0242676207400754,0.0,0.0,0.0,0.0,0.0,0.0,0.0,0.0,0.0,0.1111111111111111,0.0,0.0,0.0,0.0,0.0,0.0,,,0.0,1.0,6.250965481249533,1343.5,0.9755076821250961,138.09186449999999,138.38629525,255.5,0,1193.201171875,1380.0,0.0,,0.0,0.0358974358974359,0.0358974358974359,0.02948717948717949,0.0358974358974359,0.0358974358974359
head_tail,False,procedure,beginning,128,4,1.0,0,0.05555555555555555,0.010874704491725768,0.0,0.0,0.0,0.0,0.0,0.0,0.0,0.0,0.0,0.05555555555555555,0.0,0.0,0.0,0.0,0.0,0.0,,,0.0,0.0,12.562992125984252,1470.0,0.43402777777777773,0.6825585000000001,0.69746,127.5,0,0.0,0.0,0.0,,0.0,0.24538114391055568,0.24538114391055568,0.23982558835500012,0.23982558835500012,0.23982558835500012
llmlingua2,False,procedure,beginning,128,4,1.0,0,0.0,0.0,0.0,0.0,0.0,0.0,0.0,0.0,0.0,0.0,0.0,0.0,0.0,0.0,0.0,0.0,0.0,0.0,,,0.0,1.0,7.500154293775348,1384.5,0.0,83.7788585,84.75466019999999,214.0,0,1261.751953125,1386.0,0.0,64.0,0.0,0.0,0.0,0.0,0.0,0.0
trimwise_structural,False,procedure,beginning,128,4,1.0,0,0.0,0.0,0.0,0.0,0.0,0.0,0.0,0.0,0.0,0.0,0.0,0.0,0.0,0.0,0.0,0.0,0.0,0.0,,,0.0,0.0,12.48046875,1469.5,0.0,13.5236145,13.8234075,128.0,0,0.0,0.0,0.0,,0.0,0.1676033661327779,0.1676033661327779,0.14445521798462976,0.1676033661327779,0.1676033661327779
head_tail,False,procedure,beginning,256,4,1.0,0,1.0,0.10533523571483946,1.0,1.0,1.0,1.0,1.0,1.0,1.0,1.0,1.0,1.0,1.0,1.0,1.0,1.0,1.0,1.0,,,0.0,0.0,6.264705882352941,1342.5,3.9139093137254903,0.796724,0.92484955,255.5,0,0.0,0.0,0.0,,0.0,0.3369047619047619,0.3369047619047619,0.3130952380952381,0.3369047619047619,0.3130952380952381
naive_first_n,False,procedure,beginning,256,4,1.0,0,1.0,0.10000460433421327,1.0,1.0,1.0,1.0,1.0,1.0,1.0,1.0,1.0,1.0,1.0,1.0,1.0,1.0,1.0,1.0,,,0.0,0.0,6.240234375,1341.5,3.90625,0.5747765,0.59468975,256.0,0,0.0,0.0,0.0,,0.0,0.21704314204314204,0.21704314204314204,0.2124135124135124,0.2124135124135124,0.2124135124135124
llmlingua_queryless,False,procedure,beginning,256,4,1.0,0,0.25,0.017789664940135997,0.0,0.0,0.0,0.0,0.0,0.0,0.0,0.0,0.0,0.1111111111111111,0.0,0.0,0.0,0.0,0.0,0.0,,,0.0,1.0,4.5840550015207056,1250.5,0.7139304817298373,141.16357549999998,141.3927329,353.5,0,1193.201171875,1380.0,0.0,,0.0,0.08883861236802414,0.08883861236802414,0.08242835595776772,0.08883861236802414,0.08883861236802414
llmlingua2,False,procedure,beginning,256,4,1.0,0,0.08333333333333333,0.014441524895341588,0.0,0.0,0.0,0.0,0.0,0.0,0.0,0.0,0.0,0.08333333333333333,0.0,0.0,0.0,0.0,0.0,0.0,,,0.0,0.25,6.344126482213439,1344.0,0.3269698554391633,84.33051599999999,84.7757327,251.5,0,1261.751953125,1386.0,0.0,64.0,0.0,0.0,0.0,0.0,0.0,0.0
trimwise_structural,False,procedure,beginning,256,4,1.0,0,0.0,0.0,0.0,0.0,0.0,0.0,0.0,0.0,0.0,0.0,0.0,0.0,0.0,0.0,0.0,0.0,0.0,0.0,,,0.0,0.0,6.256862745098039,1342.0,0.0,28.860964,30.5907467,255.0,0,0.0,0.0,0.0,,0.0,0.18334410687351865,0.18334410687351865,0.16945521798462973,0.18334410687351865,0.18334410687351865
head_tail,False,procedure,beginning,512,4,1.0,0,1.0,0.05077746803494548,1.0,1.0,1.0,1.0,1.0,1.0,1.0,1.0,1.0,1.0,1.0,1.0,1.0,1.0,1.0,1.0,,,0.0,0.0,3.120233763454012,1085.5,1.9540805406066535,1.136256,1.13993295,512.0,0,0.0,0.0,0.0,,0.0,0.42632275132275127,0.42632275132275127,0.4216931216931217,0.4216931216931217,0.4216931216931217
naive_first_n,False,procedure,beginning,512,4,1.0,0,1.0,0.049421942362300644,1.0,1.0,1.0,1.0,1.0,1.0,1.0,1.0,1.0,1.0,1.0,1.0,1.0,1.0,1.0,1.0,,,0.0,0.0,3.1201171875,1085.5,1.953125,1.4985355,1.6693689,512.0,0,0.0,0.0,0.0,48.0,0.0,0.23278388278388276,0.23278388278388276,0.23278388278388276,0.23278388278388276,0.23278388278388276
llmlingua_queryless,False,procedure,beginning,512,4,1.0,0,0.4444444444444444,0.020770086386333025,0.0,0.0,0.0,0.0,0.0,0.0,0.0,0.0,0.0,0.4444444444444444,0.0,0.0,0.0,0.0,0.0,0.0,,,0.0,1.0,2.9913016824467,1069.0,0.8276302651677173,153.839808,155.0041632,535.5,0,1193.201171875,1334.0,0.0,,0.0,0.15649225502166678,0.15649225502166678,0.13897088750029926,0.14538114391055568,0.14538114391055568
llmlingua2,False,procedure,beginning,512,4,1.0,0,0.1111111111111111,0.006124043334632825,0.0,0.0,0.0,0.0,0.0,0.0,0.0,0.0,0.0,0.1111111111111111,0.0,0.0,0.0,0.0,0.0,0.0,,,0.0,0.25,3.184809849194175,1094.5,0.22181837077848035,85.163096,87.91526775,501.0,0,1261.751953125,1386.0,0.0,64.0,0.0,0.005555555555555556,0.005555555555555556,0.0,0.0,0.0
trimwise_structural,False,procedure,beginning,512,4,1.0,0,0.08333333333333333,0.0046951708981268015,0.0,0.0,0.0,0.0,0.0,0.0,0.0,0.0,0.0,0.08333333333333333,0.0,0.0,0.0,0.0,0.0,0.0,,,0.0,0.0,3.1323529411764706,1087.5,0.16307934655978068,85.94166849999999,90.81682655,510.5,0,0.0,0.0,0.0,,0.0,0.20464040316981494,0.20464040316981494,0.18797373650314828,0.18797373650314828,0.18797373650314828
llmlingua_queryless,False,procedure,beginning,1024,4,1.0,0,1.0,0.03391094811980693,1.0,1.0,1.0,1.0,1.0,1.0,1.0,1.0,1.0,1.0,1.0,1.0,1.0,1.0,1.0,1.0,,,0.0,0.0,2.0475501571783603,826.5,1.284850802703935,171.5200475,172.158332,779.5,0,1193.201171875,1334.0,0.0,,0.0,0.4112439847733966,0.4112439847733966,0.23227573080514255,0.28187890540831717,0.23227573080514255
head_tail,False,procedure,beginning,1024,4,1.0,0,1.0,0.02489995813092087,1.0,1.0,1.0,1.0,1.0,1.0,1.0,1.0,1.0,1.0,1.0,1.0,1.0,1.0,1.0,1.0,,,0.0,0.0,1.56005859375,573.5,0.9768011516373412,1.7521955,1.78481485,1024.0,0,0.0,0.0,0.0,,0.0,0.4411375661375661,0.4411375661375661,0.4411375661375661,0.4411375661375661,0.4411375661375661
naive_first_n,False,procedure,beginning,1024,4,1.0,0,1.0,0.024821831348561633,1.0,1.0,1.0,1.0,1.0,1.0,1.0,1.0,1.0,1.0,1.0,1.0,1.0,1.0,1.0,1.0,,,0.0,0.0,1.56005859375,573.5,0.9765625,1.427353,1.4573626,1024.0,0,0.0,0.0,0.0,,0.0,0.45033577533577535,0.45033577533577535,0.45033577533577535,0.45033577533577535,0.45033577533577535
trimwise_structural,False,procedure,beginning,1024,4,1.0,0,0.7777777777777778,0.02002137744134797,0.75,0.75,0.75,0.75,0.75,0.75,0.75,0.75,0.75,0.7777777777777778,0.75,0.75,0.75,0.75,0.75,0.75,,,0.0,0.0,1.5631115459882583,575.5,0.7607958889443645,162.219454,175.68339025,1022.0,0,0.0,0.0,0.0,,0.0,0.25741818094759267,0.25741818094759267,0.22964040316981493,0.22964040316981493,0.22964040316981493
llmlingua2,False,procedure,beginning,1024,4,1.0,0,0.6666666666666666,0.015175522470685043,0.0,0.0,0.0,0.0,0.0,0.0,0.0,0.0,0.0,0.5555555555555556,0.0,0.0,0.0,0.0,0.0,0.0,,,0.0,0.25,1.5711528279601799,580.0,0.6549583399546419,84.4826475,86.8662894,1015.5,0,1261.751953125,1386.0,0.0,64.0,0.0,0.03425925925925926,0.03425925925925926,0.0,0.019444444444444445,0.0
recomp_extractive,True,procedure,end,128,4,1.0,0,1.0,0.19851713189235365,1.0,1.0,1.0,1.0,1.0,1.0,1.0,1.0,1.0,1.0,1.0,1.0,1.0,1.0,1.0,1.0,,,0.0,0.0,12.4921875,1471.0,7.827878937007874,114.441979,116.46862564999999,128.0,0,448.01611328125,496.0,0.0,,0.0,0.3748898704781058,0.3748898704781058,0.3378528334410687,0.34248246307069835,0.34248246307069835
trimwise_lexical,True,procedure,end,128,4,1.0,0,1.0,0.1970029574447531,1.0,1.0,1.0,1.0,1.0,1.0,1.0,1.0,1.0,1.0,1.0,1.0,1.0,1.0,1.0,1.0,,,0.0,0.0,12.772849462365592,1473.5,7.937263890400796,5.4203955,5.52698365,126.5,0,0.0,0.0,0.0,,0.0,0.503135698723934,0.503135698723934,0.503135698723934,0.503135698723934,0.503135698723934
trimwise_hybrid,True,procedure,end,128,4,1.0,0,1.0,0.1948672618739413,1.0,1.0,1.0,1.0,1.0,1.0,1.0,1.0,1.0,1.0,1.0,1.0,1.0,1.0,1.0,1.0,,,0.0,0.0,12.671464566929135,1472.5,7.874753937007874,50.394853,54.906902,127.5,0,0.0,0.0,0.0,,0.0,0.5067681773564127,0.5067681773564127,0.5067681773564127,0.5067681773564127,0.5067681773564127
llmlingua,True,procedure,end,128,4,1.0,0,1.0,0.14404580909571654,1.0,0.0,0.0,1.0,1.0,1.0,1.0,1.0,0.0,1.0,1.0,1.0,0.0,1.0,1.0,0.0,,,0.0,1.0,9.237152130792811,1404.5,5.799625659254869,144.521339,155.52225015,192.5,0,1193.2021484375,1380.0,0.0,,0.0,0.0358974358974359,0.0358974358974359,0.02948717948717949,0.0358974358974359,0.0358974358974359
longllmlingua,True,procedure,end,128,4,1.0,0,1.0,0.12805546285013544,1.0,0.0,0.0,1.0,1.0,1.0,1.0,1.0,0.0,1.0,1.0,1.0,0.0,1.0,1.0,0.0,,,0.0,1.0,7.6308823529411764,1375.5,4.820261437908497,287.761848,302.15140735,221.0,0,1193.2060546875,1404.0,0.0,,0.0,0.005555555555555556,0.005555555555555556,0.005555555555555556,0.005555555555555556,0.005555555555555556
trimwise_hybrid,True,procedure,end,256,4,1.0,0,1.0,0.12639089473621848,1.0,1.0,1.0,1.0,1.0,1.0,1.0,1.0,1.0,1.0,1.0,1.0,1.0,1.0,1.0,1.0,,,0.0,0.0,7.921325744894543,1397.0,4.920912928762895,50.880702,55.26170465,204.0,0,686.13623046875,790.0,0.0,46.0,0.0,0.6125272331154684,0.6125272331154684,0.6125272331154684,0.6125272331154684,0.6125272331154684
trimwise_lexical,True,procedure,end,256,4,1.0,0,1.0,0.11274200796325921,1.0,1.0,1.0,1.0,1.0,1.0,1.0,1.0,1.0,1.0,1.0,1.0,1.0,1.0,1.0,1.0,,,0.0,0.0,7.191597508268572,1374.5,4.426580911934511,6.695266999999999,7.2182964,225.0,0,686.13623046875,790.0,0.0,47.0,0.0,0.5799875505757859,0.5799875505757859,0.5799875505757859,0.5799875505757859,0.5799875505757859
recomp_extractive,True,procedure,end,256,4,1.0,0,1.0,0.10237411531388323,1.0,1.0,1.0,1.0,1.0,1.0,1.0,1.0,1.0,1.0,1.0,1.0,1.0,1.0,1.0,1.0,,,0.0,0.0,6.270588235294118,1344.0,3.9139093137254903,118.85091249999999,121.9019857,255.5,0,448.01611328125,496.0,0.0,62.0,0.0,0.4053029758912112,0.4053029758912112,0.36363630922454454,0.3682659388541742,0.3682659388541742
llmlingua,True,procedure,end,256,4,1.0,0,1.0,0.09174637843631288,1.0,0.5,0.5,1.0,1.0,1.0,1.0,1.0,0.5,1.0,1.0,1.0,0.5,1.0,1.0,0.5,,,0.0,0.5,5.796885909789136,1310.5,3.637675030000071,151.495508,158.047544,286.0,0,1870.71337890625,2088.0,0.0,65.0,0.0,0.08883861236802414,0.08883861236802414,0.08242835595776772,0.08883861236802414,0.08883861236802414
longllmlingua,True,procedure,end,256,4,1.0,0,1.0,0.08646944817552431,1.0,0.25,0.25,1.0,1.0,1.0,1.0,1.0,0.25,1.0,1.0,1.0,0.25,1.0,1.0,0.25,,,0.0,0.75,5.080903225806452,1286.5,3.212074663687567,306.095427,320.71028685000005,327.0,0,1193.2060546875,1380.0,0.0,69.0,0.0,0.04893162393162393,0.04893162393162393,0.042521367521367516,0.04893162393162393,0.04893162393162393
trimwise_hybrid,True,procedure,end,512,4,1.0,0,1.0,0.12639089473621848,1.0,1.0,1.0,1.0,1.0,1.0,1.0,1.0,1.0,1.0,1.0,1.0,1.0,1.0,1.0,1.0,,,0.0,0.0,7.921325744894543,1397.0,4.920912928762895,48.4510225,54.6378226,204.0,0,0.0,0.0,0.0,,0.0,0.6282679738562091,0.6282679738562091,0.6282679738562091,0.6282679738562091,0.6282679738562091
trimwise_lexical,True,procedure,end,512,4,1.0,0,1.0,0.11274200796325921,1.0,1.0,1.0,1.0,1.0,1.0,1.0,1.0,1.0,1.0,1.0,1.0,1.0,1.0,1.0,1.0,,,0.0,0.0,7.191597508268572,1374.5,4.426580911934511,5.6808245,5.84913895,225.0,0,0.0,0.0,0.0,,0.0,0.5846171802054155,0.5846171802054155,0.5846171802054155,0.5846171802054155,0.5846171802054155
llmlingua,True,procedure,end,512,4,1.0,0,1.0,0.05295857029898939,1.0,0.5,0.5,1.0,1.0,1.0,1.0,1.0,0.5,1.0,1.0,1.0,0.5,1.0,1.0,0.5,,,0.0,0.5,3.368994272683884,1119.0,2.0922842299691387,161.054441,166.62595645,478.5,0,1193.2021484375,1334.0,0.0,,0.0,0.15649225502166678,0.15649225502166678,0.13897088750029926,0.14538114391055568,0.14538114391055568
recomp_extractive,True,procedure,end,512,4,1.0,0,1.0,0.05102242655656672,1.0,1.0,1.0,1.0,1.0,1.0,1.0,1.0,1.0,1.0,1.0,1.0,1.0,1.0,1.0,1.0,,,0.0,0.0,3.123046875,1087.0,1.953125,120.0927205,121.1291701,512.0,0,448.01611328125,496.0,0.0,,0.0,0.4629533864827982,0.4629533864827982,0.3888793124087242,0.3935089420383538,0.3935089420383538
longllmlingua,True,procedure,end,512,4,1.0,0,1.0,0.04796491410341008,1.0,0.25,0.25,1.0,1.0,1.0,1.0,1.0,0.25,1.0,1.0,1.0,0.25,1.0,1.0,0.25,,,0.0,0.75,2.8766620442124156,1054.5,1.7952369448868946,325.22945749999997,342.09587400000004,565.5,0,1193.2060546875,1334.0,0.0,,0.0,0.0767094017094017,0.0767094017094017,0.0655982905982906,0.060042735042735045,0.060042735042735045
trimwise_hybrid,True,procedure,end,1024,4,1.0,0,1.0,0.12639089473621848,1.0,1.0,1.0,1.0,1.0,1.0,1.0,1.0,1.0,1.0,1.0,1.0,1.0,1.0,1.0,1.0,,,0.0,0.0,7.921325744894543,1397.0,4.920912928762895,49.03605,55.84926365,204.0,0,686.13623046875,790.0,0.0,46.0,0.0,0.6421568627450981,0.6421568627450981,0.6421568627450981,0.6421568627450981,0.6421568627450981
trimwise_lexical,True,procedure,end,1024,4,1.0,0,1.0,0.11274200796325921,1.0,1.0,1.0,1.0,1.0,1.0,1.0,1.0,1.0,1.0,1.0,1.0,1.0,1.0,1.0,1.0,,,0.0,0.0,7.191597508268572,1374.5,4.426580911934511,6.1471055,6.290521200000001,225.0,0,686.13623046875,790.0,0.0,47.0,0.0,0.6096171802054154,0.6096171802054154,0.6096171802054154,0.6096171802054154,0.6096171802054154
llmlingua,True,procedure,end,1024,4,1.0,0,1.0,0.03817703004497998,1.0,1.0,1.0,1.0,1.0,1.0,1.0,1.0,1.0,1.0,1.0,1.0,1.0,1.0,1.0,1.0,,,0.0,0.0,2.3019844961240308,899.5,1.4341746086085172,182.4987595,191.097547,702.5,0,1870.71337890625,2042.0,0.0,65.0,0.0,0.4112439847733966,0.4112439847733966,0.23227573080514255,0.28187890540831717,0.23227573080514255
longllmlingua,True,procedure,end,1024,4,1.0,0,1.0,0.02826270606737732,1.0,0.75,0.75,1.0,1.0,1.0,1.0,1.0,0.75,1.0,1.0,1.0,0.75,1.0,1.0,0.75,,,0.0,0.25,1.685656192524358,647.0,1.042491527873544,380.7240455,401.9190616,954.0,0,1193.2060546875,1334.0,0.0,69.0,0.0,0.23955086308027485,0.23955086308027485,0.16482558835500014,0.19895257248198425,0.15927003279944454
recomp_extractive,True,procedure,end,1024,4,1.0,0,1.0,0.02499199323106204,1.0,1.0,1.0,1.0,1.0,1.0,1.0,1.0,1.0,1.0,1.0,1.0,1.0,1.0,1.0,1.0,,,0.0,0.0,1.5625601990582192,575.5,0.9777566922439948,124.9046065,129.16217519999998,1022.5,0,448.01611328125,496.0,0.0,63.0,0.0,0.4972629222629223,0.4972629222629223,0.3805962555962556,0.3852258852258852,0.3852258852258852
trimwise_structural,False,procedure,end,128,4,1.0,0,1.0,0.22186112872542804,1.0,1.0,1.0,1.0,1.0,1.0,1.0,1.0,1.0,1.0,1.0,1.0,1.0,1.0,1.0,1.0,,,0.0,0.0,12.69047619047619,1473.0,7.936507936507937,12.898733,13.02136995,126.0,0,0.0,0.0,0.0,,0.0,0.1676033661327779,0.1676033661327779,0.14445521798462976,0.1676033661327779,0.1676033661327779
head_tail,False,procedure,end,128,4,1.0,0,1.0,0.19847482763403834,1.0,1.0,1.0,1.0,1.0,1.0,1.0,1.0,1.0,1.0,1.0,1.0,1.0,1.0,1.0,1.0,,,0.0,0.0,12.590551181102363,1472.0,7.843257874015748,0.6618124999999999,0.75273925,127.5,0,0.0,0.0,0.0,,0.0,0.24538114391055568,0.24538114391055568,0.23982558835500012,0.23982558835500012,0.23982558835500012
llmlingua_queryless,False,procedure,end,128,4,1.0,0,1.0,0.14404580909571654,1.0,0.0,0.0,1.0,1.0,1.0,1.0,1.0,0.0,1.0,1.0,1.0,0.0,1.0,1.0,0.0,,,0.0,1.0,9.237152130792811,1404.5,5.799625659254869,145.274191,151.22176185,192.5,0,1193.2021484375,1380.0,0.0,61.0,0.0,0.0358974358974359,0.0358974358974359,0.02948717948717949,0.0358974358974359,0.0358974358974359
naive_first_n,False,procedure,end,128,4,1.0,0,0.4444444444444444,0.0849111734455353,0.0,0.0,0.0,0.0,0.0,0.0,0.0,0.0,0.0,0.4444444444444444,0.0,0.0,0.0,0.0,0.0,0.0,,,0.0,0.0,12.4921875,1471.0,3.472222222222222,0.43624850000000004,0.5719164499999999,128.0,0,0.0,0.0,0.0,,0.0,0.1901912901912902,0.1901912901912902,0.16638176638176638,0.1901912901912902,0.1901912901912902
llmlingua2,False,procedure,end,128,4,1.0,0,0.0,0.0,0.0,0.0,0.0,0.0,0.0,0.0,0.0,0.0,0.0,0.0,0.0,0.0,0.0,0.0,0.0,0.0,,,0.0,1.0,7.578199052132701,1388.0,0.0,84.092292,84.4461367,211.0,0,774.033203125,850.0,0.0,59.0,0.0,0.0,0.0,0.0,0.0,0.0
trimwise_structural,False,procedure,end,256,4,1.0,0,1.0,0.11540948275862067,1.0,1.0,1.0,1.0,1.0,1.0,1.0,1.0,1.0,1.0,1.0,1.0,1.0,1.0,1.0,1.0,,,0.0,0.0,6.320158102766799,1346.0,3.9486788459742925,29.3895275,31.0614109,253.0,0,0.0,0.0,0.0,,0.0,0.18334410687351865,0.18334410687351865,0.16945521798462973,0.18334410687351865,0.18334410687351865
head_tail,False,procedure,end,256,4,1.0,0,1.0,0.10592916525524415,1.0,1.0,1.0,1.0,1.0,1.0,1.0,1.0,1.0,1.0,1.0,1.0,1.0,1.0,1.0,1.0,,,0.0,0.0,6.24609375,1343.0,3.90625,0.794427,0.8338508,256.0,0,0.0,0.0,0.0,,0.0,0.3369047619047619,0.3369047619047619,0.3130952380952381,0.3369047619047619,0.3130952380952381
llmlingua_queryless,False,procedure,end,256,4,1.0,0,1.0,0.09174637843631288,1.0,0.5,0.5,1.0,1.0,1.0,1.0,1.0,0.5,1.0,1.0,1.0,0.5,1.0,1.0,0.5,,,0.0,0.5,5.796885909789136,1310.5,3.637675030000071,149.9519025,157.7425978,286.0,0,1193.2021484375,1380.0,0.0,61.0,0.0,0.08883861236802414,0.08883861236802414,0.08242835595776772,0.08883861236802414,0.08883861236802414
naive_first_n,False,procedure,end,256,4,1.0,0,0.4444444444444444,0.04330639005575692,0.0,0.0,0.0,0.0,0.0,0.0,0.0,0.0,0.0,0.4444444444444444,0.0,0.0,0.0,0.0,0.0,0.0,,,0.0,0.0,6.24609375,1343.0,1.736111111111111,0.546118,0.5687759,256.0,0,0.0,0.0,0.0,,0.0,0.21704314204314204,0.21704314204314204,0.2124135124135124,0.2124135124135124,0.2124135124135124
llmlingua2,False,procedure,end,256,4,1.0,0,0.0,0.0,0.0,0.0,0.0,0.0,0.0,0.0,0.0,0.0,0.0,0.0,0.0,0.0,0.0,0.0,0.0,0.0,,,0.0,0.0,6.570078580138192,1353.5,0.0,83.7750365,84.013701,246.5,0,774.033203125,850.0,0.0,59.0,0.0,0.0,0.0,0.0,0.0,0.0
trimwise_structural,False,procedure,end,512,4,1.0,0,1.0,0.055988449369678214,1.0,1.0,1.0,1.0,1.0,1.0,1.0,1.0,1.0,1.0,1.0,1.0,1.0,1.0,1.0,1.0,,,0.0,0.0,3.1251203981164384,1087.0,1.9569584261665751,84.0675235,86.92189005,511.5,0,0.0,0.0,0.0,,0.0,0.20464040316981494,0.20464040316981494,0.18797373650314828,0.18797373650314828,0.18797373650314828
llmlingua_queryless,False,procedure,end,512,4,1.0,0,1.0,0.05295857029898939,1.0,0.5,0.5,1.0,1.0,1.0,1.0,1.0,0.5,1.0,1.0,1.0,0.5,1.0,1.0,0.5,,,0.0,0.5,3.368994272683884,1119.0,2.0922842299691387,162.92388649999998,171.53349434999998,478.5,0,1193.2021484375,1334.0,0.0,61.0,0.0,0.15649225502166678,0.15649225502166678,0.13897088750029926,0.14538114391055568,0.14538114391055568
head_tail,False,procedure,end,512,4,1.0,0,1.0,0.050746358340002226,1.0,1.0,1.0,1.0,1.0,1.0,1.0,1.0,1.0,1.0,1.0,1.0,1.0,1.0,1.0,1.0,,,0.0,0.0,3.123046875,1087.0,1.953125,1.0977735000000002,1.2402960499999998,512.0,0,0.0,0.0,0.0,,0.0,0.42632275132275127,0.42632275132275127,0.4216931216931217,0.4216931216931217,0.4216931216931217
naive_first_n,False,procedure,end,512,4,1.0,0,0.4444444444444444,0.02171357080060671,0.0,0.0,0.0,0.0,0.0,0.0,0.0,0.0,0.0,0.4444444444444444,0.0,0.0,0.0,0.0,0.0,0.0,,,0.0,0.0,3.123046875,1087.0,0.8680555555555555,0.878456,0.90359435,512.0,0,0.0,0.0,0.0,,0.0,0.23278388278388276,0.23278388278388276,0.23278388278388276,0.23278388278388276,0.23278388278388276
llmlingua2,False,procedure,end,512,4,1.0,0,0.16666666666666666,0.009491293385913943,0.0,0.0,0.0,0.0,0.0,0.0,0.0,0.0,0.0,0.1111111111111111,0.0,0.0,0.0,0.0,0.0,0.0,,,0.0,0.0,3.2817805383022773,1110.0,0.3423259505040043,84.077971,84.493632,486.5,0,774.033203125,850.0,0.0,58.0,0.0,0.005555555555555556,0.005555555555555556,0.0,0.0,0.0
llmlingua_queryless,False,procedure,end,1024,4,1.0,0,1.0,0.03817703004497998,1.0,1.0,1.0,1.0,1.0,1.0,1.0,1.0,1.0,1.0,1.0,1.0,1.0,1.0,1.0,1.0,,,0.0,0.0,2.3019844961240308,899.5,1.4341746086085172,180.249883,187.2419345,702.5,0,1193.2021484375,1334.0,0.0,61.0,0.0,0.4112439847733966,0.4112439847733966,0.23227573080514255,0.28187890540831717,0.23227573080514255
trimwise_structural,False,procedure,end,1024,4,1.0,0,1.0,0.025611819680840822,1.0,1.0,1.0,1.0,1.0,1.0,1.0,1.0,1.0,1.0,1.0,1.0,1.0,1.0,1.0,1.0,,,0.0,0.0,1.5640891235185252,576.5,0.9779962793108932,156.14490999999998,165.260787,1022.5,0,0.0,0.0,0.0,,0.0,0.25741818094759267,0.25741818094759267,0.22964040316981493,0.22964040316981493,0.22964040316981493
head_tail,False,procedure,end,1024,4,1.0,0,1.0,0.02495146112411771,1.0,1.0,1.0,1.0,1.0,1.0,1.0,1.0,1.0,1.0,1.0,1.0,1.0,1.0,1.0,1.0,,,0.0,0.0,1.561796932276393,575.0,0.9770398032746823,1.7389505,1.77750885,1023.5,0,0.0,0.0,0.0,,0.0,0.4411375661375661,0.4411375661375661,0.4411375661375661,0.4411375661375661,0.4411375661375661
llmlingua2,False,procedure,end,1024,4,1.0,0,0.6666666666666666,0.015327330028425621,0.0,0.0,0.0,0.0,0.0,0.0,0.0,0.0,0.0,0.41666666666666663,0.0,0.0,0.0,0.0,0.0,0.0,,,0.0,0.0,1.5965,596.5,0.6649438092562031,84.552829,85.2890219,1000.0,0,774.033203125,850.0,0.0,59.0,0.0,0.03425925925925926,0.03425925925925926,0.0,0.019444444444444445,0.0
naive_first_n,False,procedure,end,1024,4,1.0,0,0.4444444444444444,0.010982613397436686,0.0,0.0,0.0,0.0,0.0,0.0,0.0,0.0,0.0,0.4444444444444444,0.0,0.0,0.0,0.0,0.0,0.0,,,0.0,0.0,1.5615234375,575.0,0.43402777777777773,1.491954,1.5071548,1024.0,0,0.0,0.0,0.0,,0.0,0.45033577533577535,0.45033577533577535,0.45033577533577535,0.45033577533577535,0.45033577533577535
trimwise_hybrid,True,procedure,multiple,128,12,1.0,0,0.7704545454545455,0.44278290297753436,0.3333333333333333,0.3333333333333333,0.3333333333333333,0.7083333333333334,0.7083333333333334,0.3333333333333333,0.7083333333333334,0.3333333333333333,0.3333333333333333,0.7425925925925926,0.7083333333333334,0.3333333333333333,0.3333333333333333,0.7083333333333334,0.3333333333333333,0.3333333333333333,0.9166666666666666,0.6666666666666666,0.0,0.0,12.772,1472.0,6.11913546909856,41.713946,43.74497815,126.0,0,0.0,0.0,0.0,,0.0,0.5067681773564127,0.5067681773564127,0.5067681773564127,0.5067681773564127,0.5067681773564127
trimwise_lexical,True,procedure,multiple,128,12,1.0,0,0.7035984848484849,0.4081784631959849,0.0,0.0,0.0,0.625,0.625,0.0,0.625,0.0,0.0,0.6777777777777777,0.625,0.0,0.0,0.625,0.0,0.0,0.75,0.0,0.0,0.0,12.678571428571427,1471.5,5.591498316498316,5.6920405,5.87554475,126.0,0,0.0,0.0,0.0,,0.0,0.503135698723934,0.503135698723934,0.503135698723934,0.503135698723934,0.503135698723934
recomp_extractive,True,procedure,multiple,128,12,1.0,0,0.5166666666666667,0.22081756125873775,0.5,0.5,0.5,0.5,0.5,0.5,0.5,0.5,0.5,0.515993265993266,0.5,0.5,0.5,0.5,0.5,0.5,0.0,0.0,0.0,0.0,12.484375,1469.5,4.036586491141732,116.5456755,117.85926694999999,128.0,0,448.02490234375,495.0,0.0,,0.0,0.3748898704781058,0.3748898704781058,0.3378528334410687,0.34248246307069835,0.34248246307069835
llmlingua,True,procedure,multiple,128,12,1.0,0,0.3354166666666667,0.10488039366665958,0.0,0.0,0.0,0.16666666666666666,0.16666666666666666,0.0,0.16666666666666666,0.0,0.0,0.2880892255892256,0.16666666666666666,0.0,0.0,0.16666666666666666,0.0,0.0,0.0,0.0,0.0,0.6666666666666666,6.3228009912792515,1344.0,1.5299102314749113,140.4354915,151.54225885,252.5,0,1193.201171875,1380.0,0.0,,0.0,0.0358974358974359,0.0358974358974359,0.02948717948717949,0.0358974358974359,0.0358974358974359
longllmlingua,True,procedure,multiple,128,12,1.0,0,0.3409090909090909,0.10208609050624796,0.0,0.0,0.0,0.16666666666666666,0.16666666666666666,0.0,0.16666666666666666,0.0,0.0,0.29734848484848486,0.16666666666666666,0.0,0.0,0.16666666666666666,0.0,0.0,0.0,0.0,0.0,1.0,5.82437813586769,1322.5,1.4073963605964224,281.118842,306.2033584,274.5,0,1193.2060546875,1404.0,0.0,,0.0,0.005555555555555556,0.005555555555555556,0.005555555555555556,0.005555555555555556,0.005555555555555556
trimwise_hybrid,True,procedure,multiple,256,12,1.0,0,0.7954545454545454,0.32162891725798887,0.5,0.5,0.5,0.75,0.75,0.5,0.75,0.5,0.5,0.775,0.75,0.5,0.5,0.75,0.5,0.5,1.0,1.0,0.0,0.0,7.85751714478895,1403.5,3.875178813503158,41.9720995,43.95703175,203.5,0,686.13623046875,790.0,0.0,46.0,0.0,0.6125272331154684,0.6125272331154684,0.6125272331154684,0.6125272331154684,0.6125272331154684
trimwise_lexical,True,procedure,multiple,256,12,1.0,0,0.7765151515151515,0.2670740450259516,0.5,0.5,0.5,0.75,0.75,0.5,0.75,0.5,0.5,0.775,0.75,0.5,0.5,0.75,0.5,0.5,1.0,1.0,0.0,0.0,6.930664916885389,1380.5,3.251516259414199,6.9149235000000004,7.718356699999999,237.0,0,686.13623046875,790.0,0.0,43.0,0.0,0.5799875505757859,0.5799875505757859,0.5799875505757859,0.5799875505757859,0.5799875505757859
recomp_extractive,True,procedure,multiple,256,12,1.0,0,0.5166666666666667,0.12057715452953073,0.5,0.5,0.5,0.5,0.5,0.5,0.5,0.5,0.5,0.515993265993266,0.5,0.5,0.5,0.5,0.5,0.5,0.0,0.0,0.0,0.0,6.248046875,1342.0,2.0195695465686274,116.1465475,120.87258994999999,256.0,0,448.02490234375,495.0,0.0,65.0,0.0,0.4053029758912112,0.4053029758912112,0.36363630922454454,0.3682659388541742,0.3682659388541742
longllmlingua,True,procedure,multiple,256,12,1.0,0,0.39943181818181817,0.09249974298181297,0.0,0.0,0.0,0.16666666666666666,0.16666666666666666,0.0,0.16666666666666666,0.0,0.0,0.3196548821548822,0.16666666666666666,0.0,0.0,0.16666666666666666,0.0,0.0,0.0,0.0,0.0,0.75,4.331271265078874,1227.5,1.1735326780958475,298.5214375,317.77627265,368.5,0,1193.2060546875,1380.0,0.0,69.0,0.0,0.04893162393162393,0.04893162393162393,0.042521367521367516,0.04893162393162393,0.04893162393162393
llmlingua,True,procedure,multiple,256,12,1.0,0,0.3857954545454545,0.08835013215894892,0.0,0.0,0.0,0.16666666666666666,0.16666666666666666,0.0,0.16666666666666666,0.0,0.0,0.3036826599326599,0.16666666666666666,0.0,0.0,0.16666666666666666,0.0,0.0,0.0,0.0,0.0,0.6666666666666666,4.722364286961075,1260.0,1.241867681964497,144.934234,157.3711446,338.5,0,1870.71240234375,2088.0,0.0,66.0,0.0,0.08883861236802414,0.08883861236802414,0.08242835595776772,0.08883861236802414,0.08883861236802414
trimwise_hybrid,True,procedure,multiple,512,12,1.0,0,0.7954545454545454,0.3079915641187752,0.5,0.5,0.5,0.75,0.75,0.5,0.75,0.5,0.5,0.775,0.75,0.5,0.5,0.75,0.5,0.5,1.0,1.0,0.0,0.0,7.85751714478895,1403.5,3.6796307853659407,42.212532499999995,45.44471394999999,203.5,0,0.0,0.0,0.0,,0.0,0.6282679738562091,0.6282679738562091,0.6282679738562091,0.6282679738562091,0.6282679738562091
trimwise_lexical,True,procedure,multiple,512,12,1.0,0,0.7765151515151515,0.22965238205778882,0.5,0.5,0.5,0.75,0.75,0.5,0.75,0.5,0.5,0.775,0.75,0.5,0.5,0.75,0.5,0.5,1.0,1.0,0.0,0.0,6.2374380750176925,1331.5,2.7095188981960967,6.3668185,7.48576355,267.5,0,0.0,0.0,0.0,,0.0,0.5846171802054155,0.5846171802054155,0.5846171802054155,0.5846171802054155,0.5846171802054155
recomp_extractive,True,procedure,multiple,512,12,1.0,0,0.7770833333333332,0.11841468684891023,0.5,0.5,0.5,0.7291666666666666,0.7291666666666666,0.5,0.7291666666666666,0.5,0.5,0.764520202020202,0.7291666666666666,0.5,0.5,0.7291666666666666,0.5,0.5,0.4583333333333333,0.0,0.0,0.0,3.1292870572886686,1087.0,1.5219825274137042,123.0395615,126.1100635,511.5,0,448.02490234375,495.0,0.0,,0.0,0.4629533864827982,0.4629533864827982,0.3888793124087242,0.3935089420383538,0.3935089420383538
llmlingua,True,procedure,multiple,512,12,1.0,0,0.5437500000000001,0.08287745974271372,0.0,0.0,0.0,0.16666666666666666,0.16666666666666666,0.0,0.16666666666666666,0.0,0.0,0.39707491582491583,0.16666666666666666,0.0,0.0,0.16666666666666666,0.0,0.0,0.0,0.0,0.0,0.6666666666666666,3.0600763526906984,1075.0,1.095302142368938,154.70611,168.4302545,522.0,0,1193.201171875,1334.0,0.0,,0.0,0.15649225502166678,0.15649225502166678,0.13897088750029926,0.14538114391055568,0.14538114391055568
longllmlingua,True,procedure,multiple,512,12,1.0,0,0.506060606060606,0.0743483532492621,0.0,0.0,0.0,0.20833333333333334,0.16666666666666666,0.0,0.16666666666666666,0.0,0.0,0.37487373737373736,0.16666666666666666,0.0,0.0,0.16666666666666666,0.0,0.0,0.08333333333333333,0.0,0.0,0.8333333333333334,2.6542828712789186,995.0,0.8763860225779713,319.716903,346.2332968,601.5,0,1193.2060546875,1334.0,0.0,,0.0,0.0767094017094017,0.0767094017094017,0.0655982905982906,0.060042735042735045,0.060042735042735045
trimwise_hybrid,True,procedure,multiple,1024,12,1.0,0,0.7954545454545454,0.3079915641187752,0.5,0.5,0.5,0.75,0.75,0.5,0.75,0.5,0.5,0.775,0.75,0.5,0.5,0.75,0.5,0.5,1.0,1.0,0.0,0.0,7.85751714478895,1403.5,3.6796307853659407,41.950713,44.050498000000005,203.5,0,686.13623046875,790.0,0.0,46.0,0.0,0.6421568627450981,0.6421568627450981,0.6421568627450981,0.6421568627450981,0.6421568627450981
trimwise_lexical,True,procedure,multiple,1024,12,1.0,0,0.7765151515151515,0.22965238205778882,0.5,0.5,0.5,0.75,0.75,0.5,0.75,0.5,0.5,0.775,0.75,0.5,0.5,0.75,0.5,0.5,1.0,1.0,0.0,0.0,6.2374380750176925,1331.5,2.7095188981960967,7.4497175,7.876980049999999,267.5,0,686.13623046875,790.0,0.0,43.0,0.0,0.6096171802054154,0.6096171802054154,0.6096171802054154,0.6096171802054154,0.6096171802054154
llmlingua,True,procedure,multiple,1024,12,1.0,0,0.7642045454545454,0.08750918592853357,0.3333333333333333,0.3333333333333333,0.3333333333333333,0.5416666666666666,0.16666666666666666,0.0,0.16666666666666666,0.0,0.0,0.6741582491582491,0.22916666666666666,0.08333333333333333,0.08333333333333333,0.16666666666666666,0.0,0.0,0.25,0.0,0.0,0.0,2.1167805638788133,843.5,1.0419174054593636,177.367362,190.78023779999998,755.5,0,1870.71240234375,2042.0,0.0,66.0,0.0,0.4112439847733966,0.4112439847733966,0.23227573080514255,0.28187890540831717,0.23227573080514255
recomp_extractive,True,procedure,multiple,1024,12,1.0,0,0.9083333333333333,0.07356823811369485,0.5833333333333334,0.5833333333333334,0.5833333333333334,0.8541666666666666,0.8541666666666666,0.5833333333333334,0.8541666666666666,0.5833333333333334,0.5833333333333334,0.8834175084175083,0.8541666666666666,0.5833333333333334,0.5833333333333334,0.8541666666666666,0.5833333333333334,0.5833333333333334,0.7083333333333334,0.0,0.0,0.0,1.5627744493829423,575.5,0.8887306056552866,123.7349255,127.91597175,1023.0,0,448.02490234375,495.0,0.0,65.0,0.0,0.4972629222629223,0.4972629222629223,0.3805962555962556,0.3852258852258852,0.3852258852258852
longllmlingua,True,procedure,multiple,1024,12,1.0,0,0.6321969696969697,0.059503189589333205,0.0,0.0,0.0,0.2916666666666667,0.16666666666666666,0.0,0.16666666666666666,0.0,0.0,0.4639730639730639,0.16666666666666666,0.0,0.0,0.16666666666666666,0.0,0.0,0.25,0.0,0.0,0.0,1.6441812564366631,625.5,0.655919144640616,368.693829,404.32144265,971.0,0,1193.2060546875,1334.0,4130.0970739685,70.0,0.0,0.23955086308027485,0.23955086308027485,0.16482558835500014,0.19895257248198425,0.15927003279944454
naive_first_n,False,procedure,multiple,128,12,1.0,0,0.3670454545454545,0.17677505982294053,0.0,0.0,0.0,0.25,0.25,0.0,0.25,0.0,0.0,0.35763888888888884,0.25,0.0,0.0,0.25,0.0,0.0,0.0,0.0,0.0,0.0,12.48046875,1469.5,2.8675426136363633,0.4481765,0.5629530500000001,128.0,0,0.0,0.0,0.0,,0.0,0.1901912901912902,0.1901912901912902,0.16638176638176638,0.1901912901912902,0.1901912901912902
llmlingua_queryless,False,procedure,multiple,128,12,1.0,0,0.3354166666666667,0.10488039366665958,0.0,0.0,0.0,0.16666666666666666,0.16666666666666666,0.0,0.16666666666666666,0.0,0.0,0.2880892255892256,0.16666666666666666,0.0,0.0,0.16666666666666666,0.0,0.0,0.0,0.0,0.0,0.6666666666666666,6.3228009912792515,1344.0,1.5299102314749113,141.24026099999998,154.5099802,252.5,0,1193.201171875,1380.0,0.0,66.0,0.0,0.0358974358974359,0.0358974358974359,0.02948717948717949,0.0358974358974359,0.0358974358974359
head_tail,False,procedure,multiple,128,12,1.0,0,0.17821969696969697,0.0958716183611365,0.0,0.0,0.0,0.0,0.0,0.0,0.0,0.0,0.0,0.13846801346801346,0.0,0.0,0.0,0.0,0.0,0.0,0.0,0.0,0.0,0.0,12.5748031496063,1470.0,1.3985395602183248,0.7255645,1.0996304,127.5,0,0.0,0.0,0.0,,0.0,0.24538114391055568,0.24538114391055568,0.23982558835500012,0.23982558835500012,0.23982558835500012
trimwise_structural,False,procedure,multiple,128,12,1.0,0,0.07859848484848485,0.04563768562646841,0.0,0.0,0.0,0.0,0.0,0.0,0.0,0.0,0.0,0.07539983164983165,0.0,0.0,0.0,0.0,0.0,0.0,0.0,0.0,0.0,0.0,12.52958907480315,1470.0,0.618263411616635,12.5774625,13.0455473,127.5,0,0.0,0.0,0.0,,0.0,0.1676033661327779,0.1676033661327779,0.14445521798462976,0.1676033661327779,0.1676033661327779
llmlingua2,False,procedure,multiple,128,12,1.0,0,0.0,0.0,0.0,0.0,0.0,0.0,0.0,0.0,0.0,0.0,0.0,0.0,0.0,0.0,0.0,0.0,0.0,0.0,0.0,0.0,0.0,1.0,7.53066037735849,1384.5,0.0,84.17934500000001,87.22649155,212.0,0,774.033203125,850.0,0.0,59.0,0.0,0.0,0.0,0.0,0.0,0.0
head_tail,False,procedure,multiple,256,12,1.0,0,0.625,0.16913273253237113,0.5,0.5,0.5,0.5,0.5,0.5,0.5,0.5,0.5,0.5867003367003367,0.5,0.5,0.5,0.5,0.5,0.5,0.0,0.0,0.0,0.0,6.264705882352941,1342.5,2.447820925245098,0.8772785,1.06016395,255.0,0,0.0,0.0,0.0,,0.0,0.3369047619047619,0.3369047619047619,0.3130952380952381,0.3369047619047619,0.3130952380952381
naive_first_n,False,procedure,multiple,256,12,1.0,0,0.44810606060606056,0.12240825090071565,0.0,0.0,0.0,0.25,0.25,0.0,0.25,0.0,0.0,0.386679292929293,0.25,0.0,0.0,0.25,0.0,0.0,0.0,0.0,0.0,0.0,6.240234375,1341.5,1.7504142992424245,0.579518,0.8295903999999996,256.0,0,0.0,0.0,0.0,,0.0,0.21704314204314204,0.21704314204314204,0.2124135124135124,0.2124135124135124,0.2124135124135124
llmlingua_queryless,False,procedure,multiple,256,12,1.0,0,0.3857954545454545,0.08835013215894892,0.0,0.0,0.0,0.16666666666666666,0.16666666666666666,0.0,0.16666666666666666,0.0,0.0,0.3036826599326599,0.16666666666666666,0.0,0.0,0.16666666666666666,0.0,0.0,0.0,0.0,0.0,0.6666666666666666,4.722364286961075,1260.0,1.241867681964497,143.23793949999998,156.63250325,338.5,0,1193.201171875,1380.0,0.0,66.0,0.0,0.08883861236802414,0.08883861236802414,0.08242835595776772,0.08883861236802414,0.08883861236802414
llmlingua2,False,procedure,multiple,256,12,1.0,0,0.09071969696969696,0.04767965663393133,0.0,0.0,0.0,0.0,0.0,0.0,0.0,0.0,0.0,0.09375,0.0,0.0,0.0,0.0,0.0,0.0,0.0,0.0,0.0,0.16666666666666666,6.4606487527752385,1351.0,0.3619488687033312,84.4042245,84.71274595,248.0,0,774.033203125,850.0,0.0,59.0,0.0,0.0,0.0,0.0,0.0,0.0
trimwise_structural,False,procedure,multiple,256,12,1.0,0,0.07859848484848485,0.027798644166067712,0.0,0.0,0.0,0.0,0.0,0.0,0.0,0.0,0.0,0.07539983164983165,0.0,0.0,0.0,0.0,0.0,0.0,0.0,0.0,0.0,0.0,6.275073336421183,1342.5,0.30878763634042616,28.6655515,30.017399599999997,254.5,0,0.0,0.0,0.0,,0.0,0.18334410687351865,0.18334410687351865,0.16945521798462973,0.18334410687351865,0.18334410687351865
head_tail,False,procedure,multiple,512,12,1.0,0,0.69375,0.09971834987953403,0.5,0.5,0.5,0.5,0.5,0.5,0.5,0.5,0.5,0.6102693602693603,0.5,0.5,0.5,0.5,0.5,0.5,0.0,0.0,0.0,0.0,3.1231691841976517,1086.0,1.3558723066495435,1.1772595,1.3789103999999999,512.0,0,0.0,0.0,0.0,,0.0,0.42632275132275127,0.42632275132275127,0.4216931216931217,0.4216931216931217,0.4216931216931217
llmlingua_queryless,False,procedure,multiple,512,12,1.0,0,0.5437500000000001,0.08287745974271372,0.0,0.0,0.0,0.16666666666666666,0.16666666666666666,0.0,0.16666666666666666,0.0,0.0,0.39707491582491583,0.16666666666666666,0.0,0.0,0.16666666666666666,0.0,0.0,0.0,0.0,0.0,0.6666666666666666,3.0600763526906984,1075.0,1.095302142368938,156.679967,170.75997025,522.0,0,1193.201171875,1334.0,0.0,63.0,0.0,0.15649225502166678,0.15649225502166678,0.13897088750029926,0.14538114391055568,0.14538114391055568
naive_first_n,False,procedure,multiple,512,12,1.0,0,0.559469696969697,0.08197150851879938,0.0,0.0,0.0,0.25,0.25,0.0,0.25,0.0,0.0,0.401936026936027,0.25,0.0,0.0,0.25,0.0,0.0,0.0,0.0,0.0,0.0,3.1201171875,1085.5,1.0927142518939394,0.8821330000000001,0.90685525,512.0,0,0.0,0.0,0.0,,0.0,0.23278388278388276,0.23278388278388276,0.23278388278388276,0.23278388278388276,0.23278388278388276
llmlingua2,False,procedure,multiple,512,12,1.0,0,0.20321969696969697,0.039008212795523224,0.0,0.0,0.0,0.0,0.0,0.0,0.0,0.0,0.0,0.1857744107744108,0.0,0.0,0.0,0.0,0.0,0.0,0.0,0.0,0.0,0.16666666666666666,3.237021555610196,1105.0,0.4078579940039487,84.5673405,85.3388035,494.0,0,774.033203125,850.0,0.0,59.0,0.0,0.005555555555555556,0.005555555555555556,0.0,0.0,0.0
trimwise_structural,False,procedure,multiple,512,12,1.0,0,0.19393939393939394,0.03777055055135709,0.0,0.0,0.0,0.041666666666666664,0.041666666666666664,0.0,0.041666666666666664,0.0,0.0,0.1785563973063973,0.041666666666666664,0.0,0.0,0.041666666666666664,0.0,0.0,0.08333333333333333,0.0,0.0,0.0,3.132222478032309,1087.5,0.37962029489307136,83.579813,87.60009409999999,510.5,0,0.0,0.0,0.0,,0.0,0.20464040316981494,0.20464040316981494,0.18797373650314828,0.18797373650314828,0.18797373650314828
llmlingua_queryless,False,procedure,multiple,1024,12,1.0,0,0.7642045454545454,0.08750918592853357,0.3333333333333333,0.3333333333333333,0.3333333333333333,0.5416666666666666,0.16666666666666666,0.0,0.16666666666666666,0.0,0.0,0.6741582491582491,0.22916666666666666,0.08333333333333333,0.08333333333333333,0.16666666666666666,0.0,0.0,0.25,0.0,0.0,0.0,2.1167805638788133,843.5,1.0419174054593636,175.2886465,188.81580484999998,755.5,0,1193.201171875,1334.0,0.0,64.0,0.0,0.4112439847733966,0.4112439847733966,0.23227573080514255,0.28187890540831717,0.23227573080514255
naive_first_n,False,procedure,multiple,1024,12,1.0,0,0.8636363636363636,0.07452942300458656,0.5,0.5,0.5,0.75,0.75,0.5,0.75,0.5,0.5,0.7916666666666666,0.75,0.5,0.5,0.75,0.5,0.5,1.0,1.0,0.0,0.0,1.56005859375,573.5,0.8433948863636364,1.4620785,1.58332755,1024.0,0,0.0,0.0,0.0,,0.0,0.45033577533577535,0.45033577533577535,0.45033577533577535,0.45033577533577535,0.45033577533577535
head_tail,False,procedure,multiple,1024,12,1.0,0,0.7125,0.052360810939894635,0.5,0.5,0.5,0.5,0.5,0.5,0.5,0.5,0.5,0.6102693602693603,0.5,0.5,0.5,0.5,0.5,0.5,0.0,0.0,0.0,0.0,1.56005859375,573.5,0.69580078125,1.805174,2.0629099,1024.0,0,0.0,0.0,0.0,,0.0,0.4411375661375661,0.4411375661375661,0.4411375661375661,0.4411375661375661,0.4411375661375661
llmlingua2,False,procedure,multiple,1024,12,1.0,0,0.6850378787878788,0.05076917245784052,0.0,0.0,0.0,0.20833333333333334,0.0,0.0,0.0,0.0,0.0,0.5633417508417509,0.08333333333333333,0.0,0.0,0.0,0.0,0.0,0.0,0.0,0.0,0.16666666666666666,1.5875755455684546,591.0,0.6771588805513589,84.62160399999999,85.91546405,1006.0,0,774.033203125,850.0,0.0,59.0,0.0,0.03425925925925926,0.03425925925925926,0.0,0.019444444444444445,0.0
trimwise_structural,False,procedure,multiple,1024,12,1.0,0,0.4801136363636364,0.041720099896107504,0.0,0.0,0.0,0.1875,0.1875,0.0,0.1875,0.0,0.0,0.3620791245791246,0.1875,0.0,0.0,0.1875,0.0,0.0,0.2916666666666667,0.0,0.0,0.0,1.5633870711151916,575.5,0.46979844618562033,159.4939415,169.78052505,1022.0,0,0.0,0.0,0.0,,0.0,0.25741818094759267,0.25741818094759267,0.22964040316981493,0.22964040316981493,0.22964040316981493
trimwise_hybrid,True,real_source,beginning,128,21,1.0,0,0.741810372167515,0.23205487669239394,0.6190476190476191,0.6190476190476191,0.6190476190476191,0.6190476190476191,0.6190476190476191,0.6190476190476191,0.6190476190476191,0.6190476190476191,0.6190476190476191,0.6825297718154861,0.6190476190476191,0.6190476190476191,0.6190476190476191,0.6190476190476191,0.6190476190476191,0.6190476190476191,,,0.0,0.0,68.14285714285714,8460.0,6.240996000841453,116.71172,284.564151,125.0,0,0.0,0.0,0.0,,0.0,0.5067681773564127,0.5067681773564127,0.5067681773564127,0.5067681773564127,0.5067681773564127
trimwise_lexical,True,real_source,beginning,128,21,1.0,0,0.7240854592358351,0.21743229482245352,0.5714285714285714,0.5714285714285714,0.5714285714285714,0.5714285714285714,0.5714285714285714,0.5714285714285714,0.5714285714285714,0.5714285714285714,0.5714285714285714,0.6620524421276301,0.5714285714285714,0.5714285714285714,0.5714285714285714,0.5714285714285714,0.5714285714285714,0.5714285714285714,,,0.0,0.0,67.60629921259843,8459.0,5.875458679516534,22.599371,56.393199,126.0,0,0.0,0.0,0.0,,0.0,0.503135698723934,0.503135698723934,0.503135698723934,0.503135698723934,0.503135698723934
recomp_extractive,True,real_source,beginning,128,21,1.0,0,0.4933985157061229,0.1529982599110439,0.23809523809523808,0.23809523809523808,0.23809523809523808,0.23809523809523808,0.23809523809523808,0.23809523809523808,0.23809523809523808,0.23809523809523808,0.23809523809523808,0.3840134251467732,0.23809523809523808,0.23809523809523808,0.23809523809523808,0.23809523809523808,0.23809523809523808,0.23809523809523808,,,0.0,0.0,67.078125,8458.0,3.8576052252889186,891.181755,2374.576569,128.0,0,1039.443359375,1276.0,0.0,,0.0,0.3748898704781058,0.3748898704781058,0.3378528334410687,0.34248246307069835,0.34248246307069835
longllmlingua,True,real_source,beginning,128,21,1.0,0,0.3827668788029265,0.10555494166216157,0.047619047619047616,0.0,0.0,0.047619047619047616,0.0,0.0,0.0,0.0,0.0,0.23245103758004537,0.0,0.0,0.0,0.0,0.0,0.0,,,0.0,0.8095238095238095,58.725190839694655,8481.0,2.367653895275118,1719.255332,4154.625053,161.0,1,1681.466796875,1938.0,0.0,,0.0,0.005555555555555556,0.005555555555555556,0.005555555555555556,0.005555555555555556,0.005555555555555556
llmlingua,True,real_source,beginning,128,21,1.0,0,0.2771338319475098,0.08682839496908759,0.0,0.0,0.0,0.0,0.0,0.0,0.0,0.0,0.0,0.17450943669726804,0.0,0.0,0.0,0.0,0.0,0.0,,,0.0,0.6190476190476191,67.21052631578948,8487.0,2.0227136624117947,827.024127,2106.325703,132.0,0,1193.369140625,1378.0,0.0,,0.0,0.0358974358974359,0.0358974358974359,0.02948717948717949,0.0358974358974359,0.0358974358974359
trimwise_lexical,True,real_source,beginning,256,21,1.0,0,0.8620885067313638,0.14301239546482838,0.7142857142857143,0.7142857142857143,0.7142857142857143,0.7142857142857143,0.7142857142857143,0.7142857142857143,0.7142857142857143,0.7142857142857143,0.7142857142857143,0.7888635174349461,0.7142857142857143,0.7142857142857143,0.7142857142857143,0.7142857142857143,0.7142857142857143,0.7142857142857143,,,0.0,0.0,40.91880341880342,8396.0,3.726355525897782,25.206499,60.074246,245.0,0,686.13623046875,790.0,0.0,54.0,0.0,0.5799875505757859,0.5799875505757859,0.5799875505757859,0.5799875505757859,0.5799875505757859
trimwise_hybrid,True,real_source,beginning,256,21,1.0,0,0.8935142238713667,0.13668880290348637,0.8095238095238095,0.8095238095238095,0.8095238095238095,0.8095238095238095,0.8095238095238095,0.8095238095238095,0.8095238095238095,0.8095238095238095,0.8095238095238095,0.8444650587507729,0.8095238095238095,0.8095238095238095,0.8095238095238095,0.8095238095238095,0.8095238095238095,0.8095238095238095,,,0.0,0.0,37.40234375,8396.0,3.6640724971952947,120.972314,289.703339,255.0,0,686.13623046875,790.0,0.0,48.0,0.0,0.6125272331154684,0.6125272331154684,0.6125272331154684,0.6125272331154684,0.6125272331154684
longllmlingua,True,real_source,beginning,256,21,1.0,0,0.4658508262927255,0.1088076345010009,0.09523809523809523,0.0,0.0,0.09523809523809523,0.047619047619047616,0.047619047619047616,0.047619047619047616,0.047619047619047616,0.0,0.2926636090520154,0.0,0.0,0.0,0.0,0.0,0.0,,,0.0,0.3333333333333333,44.98830409356725,8470.0,2.4210526314218077,1655.693292,4634.971161,179.0,1,1193.51953125,1408.0,30916.94915102562,72.0,0.0,0.04893162393162393,0.04893162393162393,0.042521367521367516,0.04893162393162393,0.04893162393162393
recomp_extractive,True,real_source,beginning,256,21,1.0,0,0.5744273323364434,0.09592526390795923,0.23809523809523808,0.23809523809523808,0.23809523809523808,0.23809523809523808,0.23809523809523808,0.23809523809523808,0.23809523809523808,0.23809523809523808,0.23809523809523808,0.4109614770948252,0.23809523809523808,0.23809523809523808,0.23809523809523808,0.23809523809523808,0.23809523809523808,0.23809523809523808,,,0.0,0.0,33.5390625,8330.0,2.246994048492456,902.687192,2396.176557,256.0,1,952.50048828125,1068.0,20589.165145996958,71.0,0.0,0.4053029758912112,0.4053029758912112,0.36363630922454454,0.3682659388541742,0.3682659388541742
llmlingua,True,real_source,beginning,256,21,1.0,0,0.28126292350053644,0.07559152742744484,0.0,0.0,0.0,0.0,0.0,0.0,0.0,0.0,0.0,0.18011167759362656,0.0,0.0,0.0,0.0,0.0,0.0,,,0.0,0.09523809523809523,61.14772727272727,8485.0,1.6501455527350912,848.820784,2066.371332,171.0,0,1870.88037109375,2088.0,0.0,63.0,0.0,0.08883861236802414,0.08883861236802414,0.08242835595776772,0.08883861236802414,0.08883861236802414
trimwise_hybrid,True,real_source,beginning,512,21,1.0,0,0.9339053803339519,0.10700769974152054,0.8571428571428571,0.8571428571428571,0.8571428571428571,0.8571428571428571,0.8571428571428571,0.8571428571428571,0.8571428571428571,0.8571428571428571,0.8571428571428571,0.8869820655534942,0.8571428571428571,0.8571428571428571,0.8571428571428571,0.8571428571428571,0.8571428571428571,0.8571428571428571,,,0.0,0.0,26.077966101694916,8074.0,2.809860490283225,118.234037,286.198887,337.0,0,0.0,0.0,0.0,,0.0,0.6282679738562091,0.6282679738562091,0.6282679738562091,0.6282679738562091,0.6282679738562091
trimwise_lexical,True,real_source,beginning,512,21,1.0,0,0.8760340849626564,0.10378325066739766,0.7142857142857143,0.7142857142857143,0.7142857142857143,0.7142857142857143,0.7142857142857143,0.7142857142857143,0.7142857142857143,0.7142857142857143,0.7142857142857143,0.7888635174349461,0.7142857142857143,0.7142857142857143,0.7142857142857143,0.7142857142857143,0.7142857142857143,0.7142857142857143,,,0.0,0.0,28.065573770491802,8074.0,2.577323721110381,23.298263,57.150497,391.0,0,0.0,0.0,0.0,,0.0,0.5846171802054155,0.5846171802054155,0.5846171802054155,0.5846171802054155,0.5846171802054155
longllmlingua,True,real_source,beginning,512,21,1.0,0,0.5518668457204496,0.09614153544315383,0.14285714285714285,0.14285714285714285,0.14285714285714285,0.14285714285714285,0.047619047619047616,0.047619047619047616,0.047619047619047616,0.047619047619047616,0.047619047619047616,0.3601555565457549,0.0,0.0,0.0,0.0,0.0,0.0,,,0.0,0.0,35.45161290322581,8435.0,2.109542429199528,1737.760034,4155.587847,259.0,0,1681.466796875,1938.0,0.0,,0.0,0.0767094017094017,0.0767094017094017,0.0655982905982906,0.060042735042735045,0.060042735042735045
llmlingua,True,real_source,beginning,512,21,1.0,0,0.3816318612664878,0.07727042210671459,0.047619047619047616,0.047619047619047616,0.047619047619047616,0.047619047619047616,0.0,0.0,0.0,0.0,0.0,0.20836925335120232,0.0,0.0,0.0,0.0,0.0,0.0,,,0.0,0.0,48.38364779874214,8448.0,1.5917655803320125,885.28015,2138.474169,226.0,0,1193.369140625,1380.0,0.0,,0.0,0.15649225502166678,0.15649225502166678,0.13897088750029926,0.14538114391055568,0.14538114391055568
recomp_extractive,True,real_source,beginning,512,21,1.0,0,0.7010212234814182,0.06178022396232091,0.38095238095238093,0.38095238095238093,0.38095238095238093,0.38095238095238093,0.38095238095238093,0.38095238095238093,0.38095238095238093,0.38095238095238093,0.38095238095238093,0.5298330767713784,0.38095238095238093,0.38095238095238093,0.38095238095238093,0.38095238095238093,0.38095238095238093,0.38095238095238093,,,0.0,0.0,16.76953125,8074.0,1.369940398063242,908.346214,2450.342363,512.0,0,1039.443359375,1276.0,0.0,,0.0,0.4629533864827982,0.4629533864827982,0.3888793124087242,0.3935089420383538,0.3935089420383538
trimwise_lexical,True,real_source,beginning,1024,21,1.0,0,0.892700751629323,0.10157364302356059,0.7619047619047619,0.7619047619047619,0.7619047619047619,0.7619047619047619,0.7619047619047619,0.7619047619047619,0.7619047619047619,0.7619047619047619,0.7619047619047619,0.8245778031492318,0.7619047619047619,0.7619047619047619,0.7619047619047619,0.7619047619047619,0.7619047619047619,0.7619047619047619,,,0.0,0.0,19.861261261261262,7688.0,2.5126541274549927,26.391825,61.203848,391.0,0,686.13623046875,790.0,0.0,54.0,0.0,0.6096171802054154,0.6096171802054154,0.6096171802054154,0.6096171802054154,0.6096171802054154
trimwise_hybrid,True,real_source,beginning,1024,21,1.0,0,0.9339053803339519,0.0928475412354898,0.8571428571428571,0.8571428571428571,0.8571428571428571,0.8571428571428571,0.8571428571428571,0.8571428571428571,0.8571428571428571,0.8571428571428571,0.8571428571428571,0.8869820655534942,0.8571428571428571,0.8571428571428571,0.8571428571428571,0.8571428571428571,0.8571428571428571,0.8571428571428571,,,0.0,0.0,18.75482912332838,7929.0,2.478280874743006,118.774642,278.091718,367.0,0,686.13623046875,790.0,0.0,48.0,0.0,0.6421568627450981,0.6421568627450981,0.6421568627450981,0.6421568627450981,0.6421568627450981
longllmlingua,True,real_source,beginning,1024,21,1.0,0,0.622107608419605,0.06869355794989136,0.23809523809523808,0.23809523809523808,0.23809523809523808,0.23809523809523808,0.047619047619047616,0.047619047619047616,0.047619047619047616,0.047619047619047616,0.047619047619047616,0.4163415866799475,0.0,0.0,0.0,0.0,0.0,0.0,,,0.0,0.0,20.033854166666668,8378.0,1.4927348616584275,1759.294051,4314.553235,403.0,0,1193.51953125,1406.0,4140.698751958553,71.0,0.0,0.23955086308027485,0.23955086308027485,0.16482558835500014,0.19895257248198425,0.15927003279944454
llmlingua,True,real_source,beginning,1024,21,1.0,0,0.48835806759875133,0.06478293123675206,0.14285714285714285,0.14285714285714285,0.14285714285714285,0.14285714285714285,0.0,0.0,0.0,0.0,0.0,0.30865141725344586,0.047619047619047616,0.047619047619047616,0.047619047619047616,0.0,0.0,0.0,,,0.0,0.0,29.006756756756758,8290.0,1.2174146740129284,906.0543,2297.541369,373.0,0,1870.88037109375,2088.0,0.0,64.0,0.0,0.4112439847733966,0.4112439847733966,0.23227573080514255,0.28187890540831717,0.23227573080514255
recomp_extractive,True,real_source,beginning,1024,21,1.0,0,0.863653994293092,0.038908568656587206,0.6190476190476191,0.6190476190476191,0.6190476190476191,0.6190476190476191,0.5714285714285714,0.5714285714285714,0.5714285714285714,0.5714285714285714,0.5714285714285714,0.682252438455446,0.5714285714285714,0.5714285714285714,0.5714285714285714,0.5714285714285714,0.5714285714285714,0.5714285714285714,,,0.0,0.0,8.384765625,7562.0,0.8436270825456889,919.631292,2508.26869,1024.0,0,952.50048828125,1068.0,4125.468187965453,70.0,0.0,0.4972629222629223,0.4972629222629223,0.3805962555962556,0.3852258852258852,0.3852258852258852
head_tail,False,real_source,beginning,128,21,1.0,0,0.8117354309858058,0.2614238142488887,0.7142857142857143,0.7142857142857143,0.7142857142857143,0.7142857142857143,0.6666666666666666,0.6666666666666666,0.6666666666666666,0.6666666666666666,0.6666666666666666,0.771631759877637,0.6666666666666666,0.6666666666666666,0.6666666666666666,0.6666666666666666,0.6666666666666666,0.6666666666666666,,,0.0,0.0,67.078125,8458.0,6.349401179484907,3.33537,7.594293,128.0,0,0.0,0.0,0.0,,0.0,0.24538114391055568,0.24538114391055568,0.23982558835500012,0.23982558835500012,0.23982558835500012
naive_first_n,False,real_source,beginning,128,21,1.0,0,0.8205044231131188,0.23036157482423597,0.7619047619047619,0.7619047619047619,0.7619047619047619,0.7619047619047619,0.7619047619047619,0.7619047619047619,0.7619047619047619,0.7619047619047619,0.7619047619047619,0.8013702239789195,0.7619047619047619,0.7619047619047619,0.7619047619047619,0.7619047619047619,0.7619047619047619,0.7619047619047619,,,0.0,0.0,67.078125,8458.0,6.410190805571241,3.07408,5.060853,128.0,0,0.0,0.0,0.0,49.0,0.0,0.1901912901912902,0.1901912901912902,0.16638176638176638,0.1901912901912902,0.1901912901912902
trimwise_structural,False,real_source,beginning,128,21,1.0,0,0.4198279174951442,0.11814240510659978,0.09523809523809523,0.09523809523809523,0.09523809523809523,0.09523809523809523,0.09523809523809523,0.09523809523809523,0.09523809523809523,0.09523809523809523,0.09523809523809523,0.2830759771858611,0.09523809523809523,0.09523809523809523,0.09523809523809523,0.09523809523809523,0.09523809523809523,0.09523809523809523,,,0.0,0.0,67.078125,8458.0,3.2962984262076227,45.478986,110.044172,128.0,0,0.0,0.0,0.0,,0.0,0.1676033661327779,0.1676033661327779,0.14445521798462976,0.1676033661327779,0.1676033661327779
llmlingua_queryless,False,real_source,beginning,128,21,1.0,0,0.2771338319475098,0.08682839496908759,0.0,0.0,0.0,0.0,0.0,0.0,0.0,0.0,0.0,0.17450943669726804,0.0,0.0,0.0,0.0,0.0,0.0,,,0.0,0.6190476190476191,67.21052631578948,8487.0,2.0227136624117947,849.607036,2074.484704,132.0,0,1193.369140625,1380.0,0.0,,0.0,0.0358974358974359,0.0358974358974359,0.02948717948717949,0.0358974358974359,0.0358974358974359
llmlingua2,False,real_source,beginning,128,21,1.0,0,0.008403361344537816,0.009523809523809526,0.0,0.0,0.0,0.0,0.0,0.0,0.0,0.0,0.0,0.008403361344537816,0.0,0.0,0.0,0.0,0.0,0.0,,,0.0,0.9047619047619048,12.941638608305276,7874.0,0.09035872413481522,393.571181,1071.565494,736.0,0,1422.29150390625,1640.0,0.0,69.0,0.0,0.0,0.0,0.0,0.0,0.0
head_tail,False,real_source,beginning,256,21,1.0,0,0.8576736307171089,0.15177624114373162,0.7619047619047619,0.7619047619047619,0.7619047619047619,0.7619047619047619,0.7619047619047619,0.7619047619047619,0.7619047619047619,0.7619047619047619,0.7619047619047619,0.8138151703369095,0.7619047619047619,0.7619047619047619,0.7619047619047619,0.7619047619047619,0.7619047619047619,0.7619047619047619,,,0.0,0.0,33.5390625,8330.0,3.3556089184685733,3.374561,7.415026,256.0,0,0.0,0.0,0.0,,0.0,0.3369047619047619,0.3369047619047619,0.3130952380952381,0.3369047619047619,0.3130952380952381
naive_first_n,False,real_source,beginning,256,21,1.0,0,0.9279503105590062,0.1427637577321448,0.9047619047619048,0.9047619047619048,0.9047619047619048,0.9047619047619048,0.9047619047619048,0.9047619047619048,0.9047619047619048,0.9047619047619048,0.9047619047619048,0.9184265010351967,0.9047619047619048,0.9047619047619048,0.9047619047619048,0.9047619047619048,0.9047619047619048,0.9047619047619048,,,0.0,0.0,33.5390625,8330.0,3.6248059006211184,2.040314,4.317679,256.0,0,0.0,0.0,0.0,,0.0,0.21704314204314204,0.21704314204314204,0.2124135124135124,0.2124135124135124,0.2124135124135124
trimwise_structural,False,real_source,beginning,256,21,1.0,0,0.4971887837421209,0.07847509393576856,0.14285714285714285,0.14285714285714285,0.14285714285714285,0.14285714285714285,0.14285714285714285,0.14285714285714285,0.14285714285714285,0.14285714285714285,0.14285714285714285,0.3295500539533825,0.14285714285714285,0.14285714285714285,0.14285714285714285,0.14285714285714285,0.14285714285714285,0.14285714285714285,,,0.0,0.0,33.5390625,8330.0,1.949592989224697,64.142444,157.720351,255.0,0,0.0,0.0,0.0,,0.0,0.18334410687351865,0.18334410687351865,0.16945521798462973,0.18334410687351865,0.18334410687351865
llmlingua_queryless,False,real_source,beginning,256,21,1.0,0,0.28126292350053644,0.07559152742744484,0.0,0.0,0.0,0.0,0.0,0.0,0.0,0.0,0.0,0.18011167759362656,0.0,0.0,0.0,0.0,0.0,0.0,,,0.0,0.09523809523809523,61.14772727272727,8485.0,1.6501455527350912,860.195396,2064.949359,171.0,0,1193.369140625,1380.0,0.0,,0.0,0.08883861236802414,0.08883861236802414,0.08242835595776772,0.08883861236802414,0.08883861236802414
llmlingua2,False,real_source,beginning,256,21,1.0,0,0.04289958407605467,0.009001908161572026,0.0,0.0,0.0,0.0,0.0,0.0,0.0,0.0,0.0,0.03144045496986673,0.0,0.0,0.0,0.0,0.0,0.0,,,0.0,0.7619047619047619,12.058988764044944,7874.0,0.17781723370198677,395.576758,1067.65776,736.0,0,1422.29150390625,1640.0,0.0,69.0,0.0,0.0,0.0,0.0,0.0,0.0
head_tail,False,real_source,beginning,512,21,1.0,0,0.9664596273291925,0.0874241344343812,0.9047619047619048,0.9047619047619048,0.9047619047619048,0.9047619047619048,0.9047619047619048,0.9047619047619048,0.9047619047619048,0.9047619047619048,0.9047619047619048,0.9246376811594204,0.9047619047619048,0.9047619047619048,0.9047619047619048,0.9047619047619048,0.9047619047619048,0.9047619047619048,,,0.0,0.0,16.76953125,8074.0,1.8888926592438122,3.646379,7.675743,512.0,0,0.0,0.0,0.0,,0.0,0.42632275132275127,0.42632275132275127,0.4216931216931217,0.4216931216931217,0.4216931216931217
naive_first_n,False,real_source,beginning,512,21,1.0,0,0.9714285714285713,0.08310595658189733,0.9523809523809523,0.9523809523809523,0.9523809523809523,0.9523809523809523,0.9523809523809523,0.9523809523809523,0.9523809523809523,0.9523809523809523,0.9523809523809523,0.9619047619047618,0.9523809523809523,0.9523809523809523,0.9523809523809523,0.9523809523809523,0.9523809523809523,0.9523809523809523,,,0.0,0.0,16.76953125,8074.0,1.8973214285714286,3.332727,6.38686,512.0,0,0.0,0.0,0.0,49.0,0.0,0.23278388278388276,0.23278388278388276,0.23278388278388276,0.23278388278388276,0.23278388278388276
llmlingua_queryless,False,real_source,beginning,512,21,1.0,0,0.3816318612664878,0.07727042210671459,0.047619047619047616,0.047619047619047616,0.047619047619047616,0.047619047619047616,0.0,0.0,0.0,0.0,0.0,0.20836925335120232,0.0,0.0,0.0,0.0,0.0,0.0,,,0.0,0.0,48.38364779874214,8448.0,1.5917655803320125,900.897529,2115.051362,226.0,0,1193.369140625,1380.0,0.0,,0.0,0.15649225502166678,0.15649225502166678,0.13897088750029926,0.14538114391055568,0.14538114391055568
trimwise_structural,False,real_source,beginning,512,21,1.0,0,0.6056288110742463,0.05090341863325699,0.2857142857142857,0.2857142857142857,0.2857142857142857,0.2857142857142857,0.14285714285714285,0.14285714285714285,0.14285714285714285,0.14285714285714285,0.14285714285714285,0.3874154509448047,0.14285714285714285,0.14285714285714285,0.14285714285714285,0.14285714285714285,0.14285714285714285,0.14285714285714285,,,0.0,0.0,16.76953125,8074.0,1.1840929938615845,103.605106,317.35309,512.0,0,0.0,0.0,0.0,,0.0,0.20464040316981494,0.20464040316981494,0.18797373650314828,0.18797373650314828,0.18797373650314828
llmlingua2,False,real_source,beginning,512,21,1.0,0,0.11094027979643994,0.013940351194948747,0.0,0.0,0.0,0.0,0.0,0.0,0.0,0.0,0.0,0.08203356559560811,0.0,0.0,0.0,0.0,0.0,0.0,,,0.0,0.7619047619047619,8.965355805243446,7874.0,0.2182172641284016,395.955766,1064.452224,736.0,0,1422.29150390625,1640.0,0.0,69.0,0.0,0.005555555555555556,0.005555555555555556,0.0,0.0,0.0
llmlingua_queryless,False,real_source,beginning,1024,21,1.0,0,0.48835806759875133,0.06478293123675206,0.14285714285714285,0.14285714285714285,0.14285714285714285,0.14285714285714285,0.0,0.0,0.0,0.0,0.0,0.30865141725344586,0.047619047619047616,0.047619047619047616,0.047619047619047616,0.0,0.0,0.0,,,0.0,0.0,29.006756756756758,8290.0,1.2174146740129284,913.123539,2305.224608,373.0,0,1193.369140625,1380.0,0.0,,0.0,0.4112439847733966,0.4112439847733966,0.23227573080514255,0.28187890540831717,0.23227573080514255
head_tail,False,real_source,beginning,1024,21,1.0,0,0.980952380952381,0.04410759177274467,0.9523809523809523,0.9523809523809523,0.9523809523809523,0.9523809523809523,0.9523809523809523,0.9523809523809523,0.9523809523809523,0.9523809523809523,0.9523809523809523,0.9619047619047618,0.9523809523809523,0.9523809523809523,0.9523809523809523,0.9523809523809523,0.9523809523809523,0.9523809523809523,,,0.0,0.0,8.384765625,7562.0,0.9583977900470705,4.39046,8.32919,1024.0,0,0.0,0.0,0.0,,0.0,0.4411375661375661,0.4411375661375661,0.4411375661375661,0.4411375661375661,0.4411375661375661
naive_first_n,False,real_source,beginning,1024,21,1.0,0,0.9714285714285713,0.04338695072773175,0.9523809523809523,0.9523809523809523,0.9523809523809523,0.9523809523809523,0.9523809523809523,0.9523809523809523,0.9523809523809523,0.9523809523809523,0.9523809523809523,0.9619047619047618,0.9523809523809523,0.9523809523809523,0.9523809523809523,0.9523809523809523,0.9523809523809523,0.9523809523809523,,,0.0,0.0,8.384765625,7562.0,0.9486607142857143,2.850266,5.209561,1024.0,0,0.0,0.0,0.0,,0.0,0.45033577533577535,0.45033577533577535,0.45033577533577535,0.45033577533577535,0.45033577533577535
trimwise_structural,False,real_source,beginning,1024,21,1.0,0,0.7495963592156285,0.0319721156408099,0.5238095238095238,0.5238095238095238,0.5238095238095238,0.5238095238095238,0.2857142857142857,0.2857142857142857,0.2857142857142857,0.2857142857142857,0.2857142857142857,0.4961197351663303,0.2857142857142857,0.2857142857142857,0.2857142857142857,0.2857142857142857,0.2857142857142857,0.2857142857142857,,,0.0,0.0,8.392961876832844,7563.0,0.732801573357245,211.327642,485.271044,1023.0,0,0.0,0.0,0.0,,0.0,0.25741818094759267,0.25741818094759267,0.22964040316981493,0.22964040316981493,0.22964040316981493
llmlingua2,False,real_source,beginning,1024,21,1.0,0,0.22887635826384717,0.01168483050802296,0.09523809523809523,0.0,0.0,0.09523809523809523,0.0,0.0,0.0,0.0,0.0,0.17553115123512586,0.047619047619047616,0.047619047619047616,0.0,0.0,0.0,0.0,,,0.0,0.8095238095238095,7.440038684719536,7834.0,0.21290730908201744,391.944274,1149.674717,1119.0,1,1422.29150390625,1640.0,4114.429081964772,70.0,0.0,0.03425925925925926,0.03425925925925926,0.0,0.019444444444444445,0.0
llmlingua,True,real_source,end,128,9,1.0,0,0.9444444444444444,0.3074942675101458,0.8888888888888888,0.3333333333333333,0.3333333333333333,0.8888888888888888,0.8888888888888888,0.8888888888888888,0.8888888888888888,0.8888888888888888,0.3333333333333333,0.9444444444444444,0.8888888888888888,0.8888888888888888,0.3333333333333333,0.8888888888888888,0.8888888888888888,0.3333333333333333,,,0.0,0.6666666666666666,8.504,938.0,7.197984235478931,111.517551,486.0971915999999,147.0,0,1193.1943359375,1378.0,0.0,,0.0,0.0358974358974359,0.0358974358974359,0.02948717948717949,0.0358974358974359,0.0358974358974359
longllmlingua,True,real_source,end,128,9,1.0,0,0.9166666666666666,0.2493092010089763,0.8888888888888888,0.1111111111111111,0.1111111111111111,0.8888888888888888,0.8888888888888888,0.8888888888888888,0.8888888888888888,0.8888888888888888,0.1111111111111111,0.9166666666666666,0.8888888888888888,0.8888888888888888,0.1111111111111111,0.8888888888888888,0.8888888888888888,0.1111111111111111,,,0.0,0.8888888888888888,6.252941176470588,893.0,5.61548723424673,226.544618,972.5428975999998,180.0,0,1193.1982421875,1404.0,0.0,,0.0,0.005555555555555556,0.005555555555555556,0.005555555555555556,0.005555555555555556,0.005555555555555556
recomp_extractive,True,real_source,end,128,9,1.0,0,0.7148148148148148,0.2284239331360599,0.6666666666666666,0.6666666666666666,0.6666666666666666,0.6666666666666666,0.6666666666666666,0.6666666666666666,0.6666666666666666,0.6666666666666666,0.6666666666666666,0.7148148148148148,0.6666666666666666,0.6666666666666666,0.6666666666666666,0.6666666666666666,0.6666666666666666,0.6666666666666666,,,0.0,0.0,8.3046875,935.0,5.591325823855351,86.414733,686.1244653999998,128.0,0,472.466796875,534.0,0.0,,0.0,0.3748898704781058,0.3748898704781058,0.3378528334410687,0.34248246307069835,0.34248246307069835
trimwise_lexical,True,real_source,end,128,9,1.0,0,0.6245791245791246,0.2097981565058974,0.3333333333333333,0.3333333333333333,0.3333333333333333,0.3333333333333333,0.3333333333333333,0.3333333333333333,0.3333333333333333,0.3333333333333333,0.3333333333333333,0.52003367003367,0.3333333333333333,0.3333333333333333,0.3333333333333333,0.3333333333333333,0.3333333333333333,0.3333333333333333,,,0.0,0.0,11.554347826086957,971.0,5.524036691038331,4.480415,19.995852799999998,125.0,0,0.0,0.0,0.0,,0.0,0.503135698723934,0.503135698723934,0.503135698723934,0.503135698723934,0.503135698723934
trimwise_hybrid,True,real_source,end,128,9,1.0,0,0.6307519640852974,0.2015329115925688,0.3333333333333333,0.3333333333333333,0.3333333333333333,0.3333333333333333,0.3333333333333333,0.3333333333333333,0.3333333333333333,0.3333333333333333,0.3333333333333333,0.5292929292929293,0.3333333333333333,0.3333333333333333,0.3333333333333333,0.3333333333333333,0.3333333333333333,0.3333333333333333,,,0.0,0.0,11.554347826086957,971.0,5.450105110140651,34.692966,129.43085779999996,125.0,0,0.0,0.0,0.0,,0.0,0.5067681773564127,0.5067681773564127,0.5067681773564127,0.5067681773564127,0.5067681773564127
llmlingua,True,real_source,end,256,9,1.0,0,0.9444444444444444,0.23137952359445713,0.8888888888888888,0.6666666666666666,0.6666666666666666,0.8888888888888888,0.8888888888888888,0.8888888888888888,0.8888888888888888,0.8888888888888888,0.6666666666666666,0.9166666666666666,0.8888888888888888,0.8888888888888888,0.6666666666666666,0.8888888888888888,0.8888888888888888,0.6666666666666666,,,0.0,0.2222222222222222,4.944186046511628,848.0,4.969246257195844,122.742471,516.3831115999999,219.0,0,1870.70556640625,2086.0,0.0,67.0,0.0,0.08883861236802414,0.08883861236802414,0.08242835595776772,0.08883861236802414,0.08883861236802414
longllmlingua,True,real_source,end,256,9,1.0,0,0.9444444444444444,0.18543299758533682,0.8888888888888888,0.5555555555555556,0.5555555555555556,0.8888888888888888,0.8888888888888888,0.8888888888888888,0.8888888888888888,0.8888888888888888,0.5555555555555556,0.9166666666666666,0.8888888888888888,0.8888888888888888,0.5555555555555556,0.8888888888888888,0.8888888888888888,0.5555555555555556,,,0.0,0.3333333333333333,3.440129449838188,754.0,4.024253161414173,242.668633,987.6203309999999,231.0,0,1193.1982421875,1380.0,0.0,69.0,0.0,0.04893162393162393,0.04893162393162393,0.042521367521367516,0.04893162393162393,0.04893162393162393
recomp_extractive,True,real_source,end,256,9,1.0,0,0.7648148148148147,0.14276816240277623,0.6666666666666666,0.6666666666666666,0.6666666666666666,0.6666666666666666,0.6666666666666666,0.6666666666666666,0.6666666666666666,0.6666666666666666,0.6666666666666666,0.7537037037037037,0.6666666666666666,0.6666666666666666,0.6666666666666666,0.6666666666666666,0.6666666666666666,0.6666666666666666,,,0.0,0.0,4.15234375,807.0,3.0434113168451984,88.927864,739.4612651999998,256.0,0,472.466796875,534.0,0.0,65.0,0.0,0.4053029758912112,0.4053029758912112,0.36363630922454454,0.3682659388541742,0.3682659388541742
trimwise_hybrid,True,real_source,end,256,9,1.0,0,0.8097643097643097,0.12212578729418283,0.5555555555555556,0.5555555555555556,0.5555555555555556,0.5555555555555556,0.5555555555555556,0.5555555555555556,0.5555555555555556,0.5555555555555556,0.5555555555555556,0.6904040404040405,0.5555555555555556,0.5555555555555556,0.5555555555555556,0.5555555555555556,0.5555555555555556,0.5555555555555556,,,0.0,0.0,4.15234375,807.0,3.2153285895825956,36.9294,128.42268579999998,255.0,0,686.13623046875,790.0,0.0,46.0,0.0,0.6125272331154684,0.6125272331154684,0.6125272331154684,0.6125272331154684,0.6125272331154684
trimwise_lexical,True,real_source,end,256,9,1.0,0,0.7542087542087541,0.11998180776107205,0.4444444444444444,0.4444444444444444,0.4444444444444444,0.4444444444444444,0.4444444444444444,0.4444444444444444,0.4444444444444444,0.4444444444444444,0.4444444444444444,0.6126262626262626,0.4444444444444444,0.4444444444444444,0.4444444444444444,0.4444444444444444,0.4444444444444444,0.4444444444444444,,,0.0,0.0,4.776190476190476,825.0,3.0362250426846207,5.014459,21.700579999999995,254.0,0,686.13623046875,790.0,0.0,46.0,0.0,0.5799875505757859,0.5799875505757859,0.5799875505757859,0.5799875505757859,0.5799875505757859
llmlingua,True,real_source,end,512,9,1.0,0,1.0,0.1593518238708718,1.0,1.0,1.0,1.0,0.8888888888888888,0.8888888888888888,0.8888888888888888,0.8888888888888888,0.8888888888888888,0.9722222222222222,0.8888888888888888,0.8888888888888888,0.8888888888888888,0.8888888888888888,0.8888888888888888,0.8888888888888888,,,0.0,0.0,2.8047493403693933,684.0,3.328454963208451,125.482166,501.93646579999995,322.0,0,1193.1943359375,1334.0,0.0,,0.0,0.15649225502166678,0.15649225502166678,0.13897088750029926,0.14538114391055568,0.14538114391055568
longllmlingua,True,real_source,end,512,9,1.0,0,1.0,0.12268812498914272,1.0,0.7777777777777778,0.7777777777777778,1.0,1.0,1.0,1.0,1.0,0.7777777777777778,1.0,1.0,1.0,0.7777777777777778,1.0,1.0,0.7777777777777778,,,0.0,0.2222222222222222,2.0209125475285172,537.0,2.780942199720756,267.729555,1002.4090727999999,365.0,0,1193.1982421875,1334.0,0.0,,0.0,0.0767094017094017,0.0767094017094017,0.0655982905982906,0.060042735042735045,0.060042735042735045
trimwise_hybrid,True,real_source,end,512,9,1.0,0,0.8703703703703703,0.10121154229498426,0.6666666666666666,0.6666666666666666,0.6666666666666666,0.6666666666666666,0.6666666666666666,0.6666666666666666,0.6666666666666666,0.6666666666666666,0.6666666666666666,0.7611111111111111,0.6666666666666666,0.6666666666666666,0.6666666666666666,0.6666666666666666,0.6666666666666666,0.6666666666666666,,,0.0,0.0,2.7938718662952646,644.0,2.6079629105210107,33.497995,122.28457339999997,330.0,0,0.0,0.0,0.0,,0.0,0.6282679738562091,0.6282679738562091,0.6282679738562091,0.6282679738562091,0.6282679738562091
recomp_extractive,True,real_source,end,512,9,1.0,0,0.925925925925926,0.08387783505999617,0.8888888888888888,0.8888888888888888,0.8888888888888888,0.8888888888888888,0.8888888888888888,0.8888888888888888,0.8888888888888888,0.8888888888888888,0.8888888888888888,0.925925925925926,0.8888888888888888,0.8888888888888888,0.8888888888888888,0.8888888888888888,0.8888888888888888,0.8888888888888888,,,0.0,0.0,2.076171875,551.0,2.0050663713858157,88.696652,704.0772583999998,512.0,0,472.466796875,534.0,0.0,,0.0,0.4629533864827982,0.4629533864827982,0.3888793124087242,0.3935089420383538,0.3935089420383538
trimwise_lexical,True,real_source,end,512,9,1.0,0,0.7542087542087541,0.08078134809903742,0.4444444444444444,0.4444444444444444,0.4444444444444444,0.4444444444444444,0.4444444444444444,0.4444444444444444,0.4444444444444444,0.4444444444444444,0.4444444444444444,0.6126262626262626,0.4444444444444444,0.4444444444444444,0.4444444444444444,0.4444444444444444,0.4444444444444444,0.4444444444444444,,,0.0,0.0,2.8575498575498575,652.0,2.0699379338357184,5.030309,22.6055428,378.0,0,0.0,0.0,0.0,,0.0,0.5846171802054155,0.5846171802054155,0.5846171802054155,0.5846171802054155,0.5846171802054155
llmlingua,True,real_source,end,1024,9,1.0,0,1.0,0.08956363196241407,1.0,1.0,1.0,1.0,1.0,1.0,1.0,1.0,1.0,1.0,1.0,1.0,1.0,1.0,1.0,1.0,,,0.0,0.0,1.2931873479318734,241.0,2.027012244595072,149.157907,546.3823481999999,460.0,0,1870.70556640625,2040.0,0.0,67.0,0.0,0.4112439847733966,0.4112439847733966,0.23227573080514255,0.28187890540831717,0.23227573080514255
trimwise_hybrid,True,real_source,end,1024,9,1.0,0,0.8703703703703703,0.08540016416984014,0.6666666666666666,0.6666666666666666,0.6666666666666666,0.6666666666666666,0.6666666666666666,0.6666666666666666,0.6666666666666666,0.6666666666666666,0.6666666666666666,0.7611111111111111,0.6666666666666666,0.6666666666666666,0.6666666666666666,0.6666666666666666,0.6666666666666666,0.6666666666666666,,,0.0,0.0,2.160569105691057,571.0,2.127749379846105,22.311764,127.26254059999997,378.0,0,686.13623046875,790.0,0.0,46.0,0.0,0.6421568627450981,0.6421568627450981,0.6421568627450981,0.6421568627450981,0.6421568627450981
longllmlingua,True,real_source,end,1024,9,1.0,0,1.0,0.07421877374893475,1.0,1.0,1.0,1.0,1.0,1.0,1.0,1.0,1.0,1.0,1.0,1.0,1.0,1.0,1.0,1.0,,,0.0,0.0,1.2246543778801844,195.0,1.8234468817477263,301.217056,1095.9348295999998,590.0,0,1193.1982421875,1332.0,8234.99070899561,70.0,0.0,0.23955086308027485,0.23955086308027485,0.16482558835500014,0.19895257248198425,0.15927003279944454
trimwise_lexical,True,real_source,end,1024,9,1.0,0,0.8097643097643097,0.06984805518515685,0.5555555555555556,0.5555555555555556,0.5555555555555556,0.5555555555555556,0.5555555555555556,0.5555555555555556,0.5555555555555556,0.5555555555555556,0.5555555555555556,0.6904040404040405,0.5555555555555556,0.5555555555555556,0.5555555555555556,0.5555555555555556,0.5555555555555556,0.5555555555555556,,,0.0,0.0,2.3887640449438203,618.0,1.7922719572273147,4.9836,23.561035399999998,409.0,0,686.13623046875,790.0,0.0,46.0,0.0,0.6096171802054154,0.6096171802054154,0.6096171802054154,0.6096171802054154,0.6096171802054154
recomp_extractive,True,real_source,end,1024,9,1.0,0,0.9382716049382717,0.05348791916128712,0.8888888888888888,0.8888888888888888,0.8888888888888888,0.8888888888888888,0.8888888888888888,0.8888888888888888,0.8888888888888888,0.8888888888888888,0.8888888888888888,0.925925925925926,0.8888888888888888,0.8888888888888888,0.8888888888888888,0.8888888888888888,0.8888888888888888,0.8888888888888888,,,0.0,0.0,1.0380859375,39.0,1.3975597392868078,90.222895,724.9007543999999,1024.0,0,466.39697265625,522.0,0.0,65.0,0.0,0.4972629222629223,0.4972629222629223,0.3805962555962556,0.3852258852258852,0.3852258852258852
llmlingua_queryless,False,real_source,end,128,9,1.0,0,0.9444444444444444,0.3074942675101458,0.8888888888888888,0.3333333333333333,0.3333333333333333,0.8888888888888888,0.8888888888888888,0.8888888888888888,0.8888888888888888,0.8888888888888888,0.3333333333333333,0.9444444444444444,0.8888888888888888,0.8888888888888888,0.3333333333333333,0.8888888888888888,0.8888888888888888,0.3333333333333333,,,0.0,0.6666666666666666,8.504,938.0,7.197984235478931,111.142455,490.7082771999999,147.0,0,1193.1943359375,1378.0,0.0,64.0,0.0,0.0358974358974359,0.0358974358974359,0.02948717948717949,0.0358974358974359,0.0358974358974359
head_tail,False,real_source,end,128,9,1.0,0,0.9166666666666666,0.3019633185427543,0.8888888888888888,0.8888888888888888,0.8888888888888888,0.8888888888888888,0.8888888888888888,0.8888888888888888,0.8888888888888888,0.8888888888888888,0.8888888888888888,0.9166666666666666,0.8888888888888888,0.8888888888888888,0.8888888888888888,0.8888888888888888,0.8888888888888888,0.8888888888888888,,,0.0,0.0,8.3046875,935.0,7.168293416447944,0.626195,2.1136204,128.0,0,0.0,0.0,0.0,,0.0,0.24538114391055568,0.24538114391055568,0.23982558835500012,0.23982558835500012,0.23982558835500012
trimwise_structural,False,real_source,end,128,9,1.0,0,0.8500000000000001,0.2609135768915811,0.7777777777777778,0.7777777777777778,0.7777777777777778,0.7777777777777778,0.7777777777777778,0.7777777777777778,0.7777777777777778,0.7777777777777778,0.7777777777777778,0.8351851851851851,0.7777777777777778,0.7777777777777778,0.7777777777777778,0.7777777777777778,0.7777777777777778,0.7777777777777778,,,0.0,0.0,8.37007874015748,936.0,6.717363849089571,9.498627,37.009934799999996,127.0,0,0.0,0.0,0.0,,0.0,0.1676033661327779,0.1676033661327779,0.14445521798462976,0.1676033661327779,0.1676033661327779
naive_first_n,False,real_source,end,128,9,1.0,0,0.3738736572069905,0.11486968964642269,0.0,0.0,0.0,0.0,0.0,0.0,0.0,0.0,0.0,0.22334054834054834,0.0,0.0,0.0,0.0,0.0,0.0,,,0.0,0.0,8.3046875,935.0,2.9208879469296134,0.499674,1.2767023999999998,128.0,0,0.0,0.0,0.0,,0.0,0.1901912901912902,0.1901912901912902,0.16638176638176638,0.1901912901912902,0.1901912901912902
llmlingua2,False,real_source,end,128,9,1.0,0,0.16468253968253968,0.05186744895241162,0.0,0.0,0.0,0.0,0.0,0.0,0.0,0.0,0.0,0.12103174603174605,0.0,0.0,0.0,0.0,0.0,0.0,,,0.0,0.6666666666666666,10.022922636103152,963.0,1.2710262179539216,66.482488,291.6514964,143.0,0,756.15380859375,840.0,0.0,62.0,0.0,0.0,0.0,0.0,0.0,0.0
llmlingua_queryless,False,real_source,end,256,9,1.0,0,0.9444444444444444,0.23137952359445713,0.8888888888888888,0.6666666666666666,0.6666666666666666,0.8888888888888888,0.8888888888888888,0.8888888888888888,0.8888888888888888,0.8888888888888888,0.6666666666666666,0.9166666666666666,0.8888888888888888,0.8888888888888888,0.6666666666666666,0.8888888888888888,0.8888888888888888,0.6666666666666666,,,0.0,0.2222222222222222,4.944186046511628,848.0,4.969246257195844,113.624429,497.8073903999999,219.0,0,1193.1943359375,1380.0,0.0,64.0,0.0,0.08883861236802414,0.08883861236802414,0.08242835595776772,0.08883861236802414,0.08883861236802414
head_tail,False,real_source,end,256,9,1.0,0,1.0,0.17060741420922337,1.0,1.0,1.0,1.0,1.0,1.0,1.0,1.0,1.0,1.0,1.0,1.0,1.0,1.0,1.0,1.0,,,0.0,0.0,4.15234375,807.0,3.909654139433551,0.799711,2.1198262,256.0,0,0.0,0.0,0.0,,0.0,0.3369047619047619,0.3369047619047619,0.3130952380952381,0.3369047619047619,0.3130952380952381
trimwise_structural,False,real_source,end,256,9,1.0,0,0.9407407407407408,0.146499599573278,0.8888888888888888,0.8888888888888888,0.8888888888888888,0.8888888888888888,0.8888888888888888,0.8888888888888888,0.8888888888888888,0.8888888888888888,0.8888888888888888,0.911111111111111,0.8888888888888888,0.8888888888888888,0.8888888888888888,0.8888888888888888,0.8888888888888888,0.8888888888888888,,,0.0,0.0,4.18503937007874,809.0,3.6926506844246703,14.117966,67.2520594,255.0,0,0.0,0.0,0.0,,0.0,0.18334410687351865,0.18334410687351865,0.16945521798462973,0.18334410687351865,0.18334410687351865
naive_first_n,False,real_source,end,256,9,1.0,0,0.5605579605579606,0.08651265554988172,0.1111111111111111,0.1111111111111111,0.1111111111111111,0.1111111111111111,0.1111111111111111,0.1111111111111111,0.1111111111111111,0.1111111111111111,0.1111111111111111,0.3507215007215007,0.1111111111111111,0.1111111111111111,0.1111111111111111,0.1111111111111111,0.1111111111111111,0.1111111111111111,,,0.0,0.0,4.15234375,807.0,2.1896795334295334,0.540868,1.2349181999999999,256.0,0,0.0,0.0,0.0,,0.0,0.21704314204314204,0.21704314204314204,0.2124135124135124,0.2124135124135124,0.2124135124135124
llmlingua2,False,real_source,end,256,9,1.0,0,0.31613756613756616,0.04652578576183215,0.0,0.0,0.0,0.0,0.0,0.0,0.0,0.0,0.0,0.2482804232804233,0.0,0.0,0.0,0.0,0.0,0.0,,,0.0,0.7777777777777778,4.579908675799087,802.0,1.1804804263149045,63.561538,291.7121544,291.0,0,756.15380859375,840.0,0.0,62.0,0.0,0.0,0.0,0.0,0.0,0.0
llmlingua_queryless,False,real_source,end,512,9,1.0,0,1.0,0.1593518238708718,1.0,1.0,1.0,1.0,0.8888888888888888,0.8888888888888888,0.8888888888888888,0.8888888888888888,0.8888888888888888,0.9722222222222222,0.8888888888888888,0.8888888888888888,0.8888888888888888,0.8888888888888888,0.8888888888888888,0.8888888888888888,,,0.0,0.0,2.8047493403693933,684.0,3.328454963208451,127.82434,510.9356403999999,322.0,0,1193.1943359375,1334.0,0.0,64.0,0.0,0.15649225502166678,0.15649225502166678,0.13897088750029926,0.14538114391055568,0.14538114391055568
head_tail,False,real_source,end,512,9,1.0,0,1.0,0.0910075106134984,1.0,1.0,1.0,1.0,1.0,1.0,1.0,1.0,1.0,1.0,1.0,1.0,1.0,1.0,1.0,1.0,,,0.0,0.0,2.076171875,551.0,2.1391369047619047,1.062291,2.5004714,512.0,0,0.0,0.0,0.0,,0.0,0.42632275132275127,0.42632275132275127,0.4216931216931217,0.4216931216931217,0.4216931216931217
trimwise_structural,False,real_source,end,512,9,1.0,0,0.9629629629629629,0.08182601493869057,0.8888888888888888,0.8888888888888888,0.8888888888888888,0.8888888888888888,0.8888888888888888,0.8888888888888888,0.8888888888888888,0.8888888888888888,0.8888888888888888,0.9185185185185184,0.8888888888888888,0.8888888888888888,0.8888888888888888,0.8888888888888888,0.8888888888888888,0.8888888888888888,,,0.0,0.0,2.088408644400786,554.0,2.08209422192791,30.655994,115.00488359999997,509.0,0,0.0,0.0,0.0,,0.0,0.20464040316981494,0.20464040316981494,0.18797373650314828,0.18797373650314828,0.18797373650314828
naive_first_n,False,real_source,end,512,9,1.0,0,0.6932299182299182,0.0588287565449141,0.2222222222222222,0.2222222222222222,0.2222222222222222,0.2222222222222222,0.2222222222222222,0.2222222222222222,0.2222222222222222,0.2222222222222222,0.2222222222222222,0.4466209716209716,0.2222222222222222,0.2222222222222222,0.2222222222222222,0.2222222222222222,0.2222222222222222,0.2222222222222222,,,0.0,0.0,2.076171875,551.0,1.5505819813545507,0.837335,1.6437524,512.0,0,0.0,0.0,0.0,,0.0,0.23278388278388276,0.23278388278388276,0.23278388278388276,0.23278388278388276,0.23278388278388276
llmlingua2,False,real_source,end,512,9,1.0,0,0.4830767997434664,0.049180780349999655,0.2222222222222222,0.1111111111111111,0.1111111111111111,0.2222222222222222,0.0,0.0,0.0,0.0,0.0,0.42672759339426003,0.1111111111111111,0.1111111111111111,0.0,0.0,0.0,0.0,,,0.0,0.4444444444444444,2.0181086519114686,506.0,0.9734662625891993,63.175884,290.34398279999994,497.0,0,756.15380859375,840.0,0.0,62.0,0.0,0.005555555555555556,0.005555555555555556,0.0,0.0,0.0
llmlingua_queryless,False,real_source,end,1024,9,1.0,0,1.0,0.08956363196241407,1.0,1.0,1.0,1.0,1.0,1.0,1.0,1.0,1.0,1.0,1.0,1.0,1.0,1.0,1.0,1.0,,,0.0,0.0,1.2931873479318734,241.0,2.027012244595072,147.499759,535.6275785999999,460.0,0,1193.1943359375,1332.0,0.0,64.0,0.0,0.4112439847733966,0.4112439847733966,0.23227573080514255,0.28187890540831717,0.23227573080514255
head_tail,False,real_source,end,1024,9,1.0,0,1.0,0.05427679859484166,1.0,1.0,1.0,1.0,1.0,1.0,1.0,1.0,1.0,1.0,1.0,1.0,1.0,1.0,1.0,1.0,,,0.0,0.0,1.0380859375,39.0,1.4555651166897088,1.638946,3.0928165999999995,1024.0,0,0.0,0.0,0.0,,0.0,0.4411375661375661,0.4411375661375661,0.4411375661375661,0.4411375661375661,0.4411375661375661
trimwise_structural,False,real_source,end,1024,9,1.0,0,0.9703703703703703,0.051585550064510634,0.8888888888888888,0.8888888888888888,0.8888888888888888,0.8888888888888888,0.8888888888888888,0.8888888888888888,0.8888888888888888,0.8888888888888888,0.8888888888888888,0.9185185185185184,0.8888888888888888,0.8888888888888888,0.8888888888888888,0.8888888888888888,0.8888888888888888,0.8888888888888888,,,0.0,0.0,1.0411361410381978,42.0,1.4297561832568817,15.936694,244.46646419999993,1021.0,0,0.0,0.0,0.0,,0.0,0.25741818094759267,0.25741818094759267,0.22964040316981493,0.22964040316981493,0.22964040316981493
naive_first_n,False,real_source,end,1024,9,1.0,0,0.8011664261664262,0.04286160041416468,0.4444444444444444,0.4444444444444444,0.4444444444444444,0.4444444444444444,0.4444444444444444,0.4444444444444444,0.4444444444444444,0.4444444444444444,0.4444444444444444,0.6037638287638287,0.4444444444444444,0.4444444444444444,0.4444444444444444,0.4444444444444444,0.4444444444444444,0.4444444444444444,,,0.0,0.0,1.0380859375,39.0,1.2636679631424272,1.446142,2.1881129999999995,1024.0,0,0.0,0.0,0.0,,0.0,0.45033577533577535,0.45033577533577535,0.45033577533577535,0.45033577533577535,0.45033577533577535
llmlingua2,False,real_source,end,1024,9,1.0,0,0.6861271444604777,0.032215029360511294,0.4444444444444444,0.2222222222222222,0.2222222222222222,0.4444444444444444,0.0,0.0,0.0,0.0,0.0,0.5482443482443482,0.3333333333333333,0.3333333333333333,0.1111111111111111,0.1111111111111111,0.1111111111111111,0.0,,,0.0,0.5555555555555556,0.9108826049700086,-54.0,0.8619357004346804,64.027802,290.8785546,1025.0,0,756.15380859375,840.0,0.0,62.0,0.0,0.03425925925925926,0.03425925925925926,0.0,0.019444444444444445,0.0
recomp_extractive,True,structured,beginning,128,3,1.0,0,1.0,0.425,1.0,1.0,1.0,1.0,1.0,1.0,1.0,1.0,1.0,1.0,1.0,1.0,1.0,1.0,1.0,1.0,,,0.0,0.0,13.94488188976378,1644.0,7.874015748031496,166.072768,166.2182944,127.0,0,976.056640625,1072.0,0.0,,0.0,0.3748898704781058,0.3748898704781058,0.3378528334410687,0.34248246307069835,0.34248246307069835
trimwise_lexical,True,structured,beginning,128,3,1.0,0,1.0,0.4047619047619048,1.0,1.0,1.0,1.0,1.0,1.0,1.0,1.0,1.0,1.0,1.0,1.0,1.0,1.0,1.0,1.0,,,0.0,0.0,14.055555555555555,1645.0,7.936507936507937,5.716866,5.954297700000001,126.0,0,0.0,0.0,0.0,,0.0,0.503135698723934,0.503135698723934,0.503135698723934,0.503135698723934,0.503135698723934
trimwise_hybrid,True,structured,beginning,128,3,1.0,0,1.0,0.39534883720930236,1.0,1.0,1.0,1.0,1.0,1.0,1.0,1.0,1.0,1.0,1.0,1.0,1.0,1.0,1.0,1.0,,,0.0,0.0,14.055555555555555,1645.0,7.936507936507937,58.049724,58.278756,126.0,0,0.0,0.0,0.0,,0.0,0.5067681773564127,0.5067681773564127,0.5067681773564127,0.5067681773564127,0.5067681773564127
llmlingua,True,structured,beginning,128,3,1.0,0,0.37254901960784315,0.09692699158348013,0.0,0.0,0.0,0.0,0.0,0.0,0.0,0.0,0.0,0.1568627450980392,0.0,0.0,0.0,0.0,0.0,0.0,,,0.0,1.0,9.176165803108809,1578.0,1.9298148456540887,153.764454,155.2219086,193.0,0,1193.2041015625,1378.0,0.0,,0.0,0.0358974358974359,0.0358974358974359,0.02948717948717949,0.0358974358974359,0.0358974358974359
longllmlingua,True,structured,beginning,128,3,1.0,0,0.39215686274509803,0.0896167233284766,0.0,0.0,0.0,0.0,0.0,0.0,0.0,0.0,0.0,0.1176470588235294,0.0,0.0,0.0,0.0,0.0,0.0,,,0.0,1.0,8.123853211009175,1553.0,1.776171022730989,297.660437,301.3701587,218.0,0,1193.2080078125,1402.0,0.0,,0.0,0.005555555555555556,0.005555555555555556,0.005555555555555556,0.005555555555555556,0.005555555555555556
trimwise_lexical,True,structured,beginning,256,3,1.0,0,1.0,0.22818791946308722,1.0,1.0,1.0,1.0,1.0,1.0,1.0,1.0,1.0,1.0,1.0,1.0,1.0,1.0,1.0,1.0,,,0.0,0.0,6.9450980392156865,1516.0,3.9215686274509802,6.751376,6.8332301,255.0,0,686.13623046875,790.0,0.0,53.0,0.0,0.5799875505757859,0.5799875505757859,0.5799875505757859,0.5799875505757859,0.5799875505757859
recomp_extractive,True,structured,beginning,256,3,1.0,0,1.0,0.22774252984058319,1.0,1.0,1.0,1.0,1.0,1.0,1.0,1.0,1.0,1.0,1.0,1.0,1.0,1.0,1.0,1.0,,,0.0,0.0,6.9450980392156865,1516.0,3.9267959324704846,170.214578,188.81569879999998,255.0,0,487.962890625,564.0,0.0,61.0,0.0,0.4053029758912112,0.4053029758912112,0.36363630922454454,0.3682659388541742,0.3682659388541742
trimwise_hybrid,True,structured,beginning,256,3,1.0,0,1.0,0.21383647798742136,1.0,1.0,1.0,1.0,1.0,1.0,1.0,1.0,1.0,1.0,1.0,1.0,1.0,1.0,1.0,1.0,,,0.0,0.0,6.97244094488189,1517.0,3.937007874015748,61.841761,61.8558199,254.0,0,686.13623046875,790.0,0.0,45.0,0.0,0.6125272331154684,0.6125272331154684,0.6125272331154684,0.6125272331154684,0.6125272331154684
llmlingua,True,structured,beginning,256,3,1.0,0,0.411764705882353,0.07142981102371966,0.0,0.0,0.0,0.0,0.0,0.0,0.0,0.0,0.0,0.1176470588235294,0.0,0.0,0.0,0.0,0.0,0.0,,,0.0,1.0,6.044368600682594,1478.0,1.4037469367724338,156.224859,159.2171358,293.0,0,1870.71533203125,2088.0,0.0,63.0,0.0,0.08883861236802414,0.08883861236802414,0.08242835595776772,0.08883861236802414,0.08883861236802414
longllmlingua,True,structured,beginning,256,3,1.0,0,0.45098039215686275,0.0694284155058733,0.0,0.0,0.0,0.0,0.0,0.0,0.0,0.0,0.0,0.1372549019607843,0.0,0.0,0.0,0.0,0.0,0.0,,,0.0,1.0,5.193548387096774,1430.0,1.3333000014823204,320.555405,346.4055209,341.0,0,1193.2080078125,1380.0,0.0,68.0,0.0,0.04893162393162393,0.04893162393162393,0.042521367521367516,0.04893162393162393,0.04893162393162393
trimwise_lexical,True,structured,beginning,512,3,1.0,0,1.0,0.1708542713567839,1.0,1.0,1.0,1.0,1.0,1.0,1.0,1.0,1.0,1.0,1.0,1.0,1.0,1.0,1.0,1.0,,,0.0,0.0,5.3343373493975905,1439.0,3.0120481927710845,7.037081,7.4599496,332.0,0,0.0,0.0,0.0,,0.0,0.5846171802054155,0.5846171802054155,0.5846171802054155,0.5846171802054155,0.5846171802054155
trimwise_hybrid,True,structured,beginning,512,3,1.0,0,1.0,0.16748768472906406,1.0,1.0,1.0,1.0,1.0,1.0,1.0,1.0,1.0,1.0,1.0,1.0,1.0,1.0,1.0,1.0,,,0.0,0.0,5.432515337423313,1445.0,3.067484662576687,58.724069,59.728875800000004,326.0,0,0.0,0.0,0.0,,0.0,0.6282679738562091,0.6282679738562091,0.6282679738562091,0.6282679738562091,0.6282679738562091
recomp_extractive,True,structured,beginning,512,3,1.0,0,1.0,0.10771603949093385,1.0,1.0,1.0,1.0,1.0,1.0,1.0,1.0,1.0,1.0,1.0,1.0,1.0,1.0,1.0,1.0,,,0.0,0.0,3.4657534246575343,1260.0,1.9582362348887667,174.621612,176.6801766,511.0,0,976.056640625,1072.0,0.0,,0.0,0.4629533864827982,0.4629533864827982,0.3888793124087242,0.3935089420383538,0.3935089420383538
longllmlingua,True,structured,beginning,512,3,1.0,0,0.6862745098039217,0.06133559970654523,0.0,0.0,0.0,0.0,0.0,0.0,0.0,0.0,0.0,0.3333333333333333,0.0,0.0,0.0,0.0,0.0,0.0,,,0.0,1.0,3.058721934369603,1192.0,1.1715569815555258,338.592438,341.4969585,579.0,0,1193.2080078125,1334.0,0.0,,0.0,0.0767094017094017,0.0767094017094017,0.0655982905982906,0.060042735042735045,0.060042735042735045
llmlingua,True,structured,beginning,512,3,1.0,0,0.5882352941176471,0.060121086768697894,0.0,0.0,0.0,0.0,0.0,0.0,0.0,0.0,0.0,0.2352941176470588,0.0,0.0,0.0,0.0,0.0,0.0,,,0.0,0.0,3.689583333333333,1291.0,1.2255043802389907,169.303091,169.9201463,480.0,0,1193.2041015625,1332.0,0.0,,0.0,0.15649225502166678,0.15649225502166678,0.13897088750029926,0.14538114391055568,0.14538114391055568
trimwise_lexical,True,structured,beginning,1024,3,1.0,0,1.0,0.1708542713567839,1.0,1.0,1.0,1.0,1.0,1.0,1.0,1.0,1.0,1.0,1.0,1.0,1.0,1.0,1.0,1.0,,,0.0,0.0,5.3343373493975905,1439.0,3.0120481927710845,7.144572,7.1525622,332.0,0,686.13623046875,790.0,0.0,53.0,0.0,0.6096171802054154,0.6096171802054154,0.6096171802054154,0.6096171802054154,0.6096171802054154
trimwise_hybrid,True,structured,beginning,1024,3,1.0,0,1.0,0.16748768472906406,1.0,1.0,1.0,1.0,1.0,1.0,1.0,1.0,1.0,1.0,1.0,1.0,1.0,1.0,1.0,1.0,,,0.0,0.0,5.432515337423313,1445.0,3.067484662576687,59.832667,60.180013900000006,326.0,0,686.13623046875,790.0,0.0,45.0,0.0,0.6421568627450981,0.6421568627450981,0.6421568627450981,0.6421568627450981,0.6421568627450981
llmlingua,True,structured,beginning,1024,3,1.0,0,0.8627450980392156,0.05842951251646903,1.0,1.0,1.0,1.0,0.0,0.0,0.0,0.0,0.0,0.7647058823529411,0.3333333333333333,0.3333333333333333,0.3333333333333333,0.0,0.0,0.0,,,0.0,0.0,2.267605633802817,990.0,1.1017322813860086,186.463776,186.5927757,781.0,0,1870.71533203125,2042.0,0.0,63.0,0.0,0.4112439847733966,0.4112439847733966,0.23227573080514255,0.28187890540831717,0.23227573080514255
recomp_extractive,True,structured,beginning,1024,3,1.0,0,1.0,0.05082212257100149,1.0,1.0,1.0,1.0,1.0,1.0,1.0,1.0,1.0,1.0,1.0,1.0,1.0,1.0,1.0,1.0,,,0.0,0.0,1.7328767123287672,749.0,0.9784735812133073,177.928051,190.677757,1022.0,0,487.962890625,564.0,0.0,60.0,0.0,0.4972629222629223,0.4972629222629223,0.3805962555962556,0.3852258852258852,0.3852258852258852
longllmlingua,True,structured,beginning,1024,3,1.0,0,0.7647058823529411,0.0394102455098039,0.0,0.0,0.0,0.0,0.0,0.0,0.0,0.0,0.0,0.3333333333333333,0.0,0.0,0.0,0.0,0.0,0.0,,,0.0,0.0,1.8034623217922607,789.0,0.7832303745538681,390.50426,392.7966374,982.0,0,1193.2080078125,1334.0,0.0,68.0,0.0,0.23955086308027485,0.23955086308027485,0.16482558835500014,0.19895257248198425,0.15927003279944454
naive_first_n,False,structured,beginning,128,3,1.0,0,0.9411764705882352,0.372093023255814,1.0,1.0,1.0,1.0,0.0,0.0,0.0,0.0,0.0,0.9411764705882352,1.0,1.0,1.0,1.0,1.0,1.0,,,0.0,0.0,13.8359375,1643.0,7.352941176470588,0.504581,0.5488367,128.0,0,0.0,0.0,0.0,,0.0,0.1901912901912902,0.1901912901912902,0.16638176638176638,0.1901912901912902,0.1901912901912902
llmlingua_queryless,False,structured,beginning,128,3,1.0,0,0.37254901960784315,0.09692699158348013,0.0,0.0,0.0,0.0,0.0,0.0,0.0,0.0,0.0,0.1568627450980392,0.0,0.0,0.0,0.0,0.0,0.0,,,0.0,1.0,9.176165803108809,1578.0,1.9298148456540887,151.680935,152.8349978,193.0,0,1193.2041015625,1378.0,0.0,53.0,0.0,0.0358974358974359,0.0358974358974359,0.02948717948717949,0.0358974358974359,0.0358974358974359
llmlingua2,False,structured,beginning,128,3,1.0,0,0.1176470588235294,0.03418803418803419,0.0,0.0,0.0,0.0,0.0,0.0,0.0,0.0,0.0,0.1176470588235294,0.0,0.0,0.0,0.0,0.0,0.0,,,0.0,1.0,5.622222222222222,1456.0,0.3734827264239029,80.482998,85.8161325,315.0,0,774.033203125,850.0,0.0,62.0,0.0,0.0,0.0,0.0,0.0,0.0
trimwise_structural,False,structured,beginning,128,3,1.0,0,0.0392156862745098,0.014336917562724013,0.0,0.0,0.0,0.0,0.0,0.0,0.0,0.0,0.0,0.0392156862745098,0.0,0.0,0.0,0.0,0.0,0.0,,,0.0,0.0,14.168,1646.0,0.3137254901960784,11.692391,11.8506965,125.0,0,0.0,0.0,0.0,,0.0,0.1676033661327779,0.1676033661327779,0.14445521798462976,0.1676033661327779,0.1676033661327779
head_tail,False,structured,beginning,128,3,1.0,0,0.0392156862745098,0.01346801346801347,0.0,0.0,0.0,0.0,0.0,0.0,0.0,0.0,0.0,0.0392156862745098,0.0,0.0,0.0,0.0,0.0,0.0,,,0.0,0.0,13.8359375,1643.0,0.3063725490196078,0.747336,0.7770531,128.0,0,0.0,0.0,0.0,,0.0,0.24538114391055568,0.24538114391055568,0.23982558835500012,0.23982558835500012,0.23982558835500012
head_tail,False,structured,beginning,256,3,1.0,0,0.9411764705882352,0.20253164556962025,1.0,1.0,1.0,1.0,0.0,0.0,0.0,0.0,0.0,0.8823529411764706,1.0,1.0,1.0,0.0,0.0,0.0,,,0.0,0.0,6.9450980392156865,1516.0,3.6908881199538635,0.876544,0.9096091,255.0,0,0.0,0.0,0.0,,0.0,0.3369047619047619,0.3369047619047619,0.3130952380952381,0.3369047619047619,0.3130952380952381
naive_first_n,False,structured,beginning,256,3,1.0,0,1.0,0.1942857142857143,1.0,1.0,1.0,1.0,1.0,1.0,1.0,1.0,1.0,1.0,1.0,1.0,1.0,1.0,1.0,1.0,,,0.0,0.0,6.91796875,1515.0,3.90625,0.641644,0.6723376,256.0,0,0.0,0.0,0.0,,0.0,0.21704314204314204,0.21704314204314204,0.2124135124135124,0.2124135124135124,0.2124135124135124
llmlingua_queryless,False,structured,beginning,256,3,1.0,0,0.411764705882353,0.07142981102371966,0.0,0.0,0.0,0.0,0.0,0.0,0.0,0.0,0.0,0.1176470588235294,0.0,0.0,0.0,0.0,0.0,0.0,,,0.0,1.0,6.044368600682594,1478.0,1.4037469367724338,154.699483,158.7543889,293.0,0,1193.2041015625,1380.0,0.0,53.0,0.0,0.08883861236802414,0.08883861236802414,0.08242835595776772,0.08883861236802414,0.08883861236802414
llmlingua2,False,structured,beginning,256,3,1.0,0,0.17647058823529413,0.04918032786885246,0.0,0.0,0.0,0.0,0.0,0.0,0.0,0.0,0.0,0.1176470588235294,0.0,0.0,0.0,0.0,0.0,0.0,,,0.0,1.0,5.551724137931035,1452.0,0.5531993361607966,82.527379,84.7443796,319.0,0,774.033203125,850.0,0.0,62.0,0.0,0.0,0.0,0.0,0.0,0.0
trimwise_structural,False,structured,beginning,256,3,1.0,0,0.1176470588235294,0.023668639053254434,0.0,0.0,0.0,0.0,0.0,0.0,0.0,0.0,0.0,0.0784313725490196,0.0,0.0,0.0,0.0,0.0,0.0,,,0.0,0.0,7.0,1518.0,0.4650081376424087,24.332573,24.359915,253.0,0,0.0,0.0,0.0,,0.0,0.18334410687351865,0.18334410687351865,0.16945521798462973,0.18334410687351865,0.18334410687351865
head_tail,False,structured,beginning,512,3,1.0,0,1.0,0.10240963855421686,1.0,1.0,1.0,1.0,1.0,1.0,1.0,1.0,1.0,1.0,1.0,1.0,1.0,1.0,1.0,1.0,,,0.0,0.0,3.458984375,1259.0,1.953125,1.210592,1.2336923,512.0,0,0.0,0.0,0.0,,0.0,0.42632275132275127,0.42632275132275127,0.4216931216931217,0.4216931216931217,0.4216931216931217
naive_first_n,False,structured,beginning,512,3,1.0,0,1.0,0.09444444444444446,1.0,1.0,1.0,1.0,1.0,1.0,1.0,1.0,1.0,1.0,1.0,1.0,1.0,1.0,1.0,1.0,,,0.0,0.0,3.458984375,1259.0,1.953125,0.919995,0.9248900999999999,512.0,0,0.0,0.0,0.0,,0.0,0.23278388278388276,0.23278388278388276,0.23278388278388276,0.23278388278388276,0.23278388278388276
llmlingua_queryless,False,structured,beginning,512,3,1.0,0,0.5882352941176471,0.060121086768697894,0.0,0.0,0.0,0.0,0.0,0.0,0.0,0.0,0.0,0.2352941176470588,0.0,0.0,0.0,0.0,0.0,0.0,,,0.0,0.0,3.689583333333333,1291.0,1.2255043802389907,168.665331,168.804993,480.0,0,1193.2041015625,1332.0,0.0,51.0,0.0,0.15649225502166678,0.15649225502166678,0.13897088750029926,0.14538114391055568,0.14538114391055568
llmlingua2,False,structured,beginning,512,3,1.0,0,0.35294117647058826,0.03715170278637771,0.0,0.0,0.0,0.0,0.0,0.0,0.0,0.0,0.0,0.1176470588235294,0.0,0.0,0.0,0.0,0.0,0.0,,,0.0,1.0,3.316479400749064,1237.0,0.6609385327164574,83.907213,86.3345562,534.0,0,774.033203125,850.0,0.0,62.0,0.0,0.005555555555555556,0.005555555555555556,0.0,0.0,0.0
trimwise_structural,False,structured,beginning,512,3,1.0,0,0.17647058823529413,0.018518518518518514,0.0,0.0,0.0,0.0,0.0,0.0,0.0,0.0,0.0,0.0784313725490196,0.0,0.0,0.0,0.0,0.0,0.0,,,0.0,0.0,3.479371316306483,1262.0,0.34670056627759155,81.058879,81.76982050000001,509.0,0,0.0,0.0,0.0,,0.0,0.20464040316981494,0.20464040316981494,0.18797373650314828,0.18797373650314828,0.18797373650314828
llmlingua_queryless,False,structured,beginning,1024,3,1.0,0,0.8627450980392156,0.05842951251646903,1.0,1.0,1.0,1.0,0.0,0.0,0.0,0.0,0.0,0.7647058823529411,0.3333333333333333,0.3333333333333333,0.3333333333333333,0.0,0.0,0.0,,,0.0,0.0,2.267605633802817,990.0,1.1017322813860086,184.287026,187.5370745,781.0,0,1193.2041015625,1334.0,0.0,50.0,0.0,0.4112439847733966,0.4112439847733966,0.23227573080514255,0.28187890540831717,0.23227573080514255
head_tail,False,structured,beginning,1024,3,1.0,0,1.0,0.0485021398002853,1.0,1.0,1.0,1.0,1.0,1.0,1.0,1.0,1.0,1.0,1.0,1.0,1.0,1.0,1.0,1.0,,,0.0,0.0,1.7294921875,747.0,0.9765625,1.824428,1.8501734,1024.0,0,0.0,0.0,0.0,,0.0,0.4411375661375661,0.4411375661375661,0.4411375661375661,0.4411375661375661,0.4411375661375661
naive_first_n,False,structured,beginning,1024,3,1.0,0,1.0,0.04836415362731152,1.0,1.0,1.0,1.0,1.0,1.0,1.0,1.0,1.0,1.0,1.0,1.0,1.0,1.0,1.0,1.0,,,0.0,0.0,1.7294921875,747.0,0.9765625,1.558378,1.564597,1024.0,0,0.0,0.0,0.0,,0.0,0.45033577533577535,0.45033577533577535,0.45033577533577535,0.45033577533577535,0.45033577533577535
llmlingua2,False,structured,beginning,1024,3,1.0,0,0.5490196078431372,0.023930554851381482,0.0,0.0,0.0,0.0,0.0,0.0,0.0,0.0,0.0,0.45098039215686275,0.0,0.0,0.0,0.0,0.0,0.0,,,0.0,1.0,1.707810993249759,734.0,0.5294127734097083,84.849571,87.58444060000001,1037.0,0,774.033203125,850.0,0.0,60.0,0.0,0.03425925925925926,0.03425925925925926,0.0,0.019444444444444445,0.0
trimwise_structural,False,structured,beginning,1024,3,1.0,0,0.35294117647058826,0.017118402282453638,0.0,0.0,0.0,0.0,0.0,0.0,0.0,0.0,0.0,0.17647058823529413,0.0,0.0,0.0,0.0,0.0,0.0,,,0.0,0.0,1.7328767123287672,749.0,0.34534361689881427,168.416076,168.64875210000002,1022.0,0,0.0,0.0,0.0,,0.0,0.25741818094759267,0.25741818094759267,0.22964040316981493,0.22964040316981493,0.22964040316981493
trimwise_hybrid,True,structured,end,128,10,1.0,0,0.8352941176470589,0.5895720963682127,0.8,0.8,0.8,0.8,0.8,0.8,0.8,0.8,0.8,0.8235294117647058,0.8,0.8,0.8,0.8,0.8,0.8,,,0.0,0.0,14.168,1646.0,6.682352941176471,56.107022,58.0998613,125.0,0,0.0,0.0,0.0,,0.0,0.5067681773564127,0.5067681773564127,0.5067681773564127,0.5067681773564127,0.5067681773564127
trimwise_lexical,True,structured,end,128,10,1.0,0,0.8352941176470589,0.5892151128786992,0.8,0.8,0.8,0.8,0.8,0.8,0.8,0.8,0.8,0.8235294117647058,0.8,0.8,0.8,0.8,0.8,0.8,,,0.0,0.0,13.8359375,1643.0,6.525735294117647,5.56379,5.6475847,128.0,0,0.0,0.0,0.0,,0.0,0.503135698723934,0.503135698723934,0.503135698723934,0.503135698723934,0.503135698723934
llmlingua,True,structured,end,128,10,1.0,0,0.7621621621621621,0.3244769490994656,0.2,0.0,0.0,0.2,0.2,0.2,0.2,0.2,0.0,0.7621621621621621,0.2,0.2,0.0,0.2,0.2,0.0,,,0.0,1.0,9.152515891245127,1577.5,3.807979371374285,152.78831100000002,156.1086917,193.5,0,1193.2041015625,1378.0,0.0,,0.0,0.0358974358974359,0.0358974358974359,0.02948717948717949,0.0358974358974359,0.0358974358974359
longllmlingua,True,structured,end,128,10,1.0,0,0.7756756756756757,0.2858568651018177,0.2,0.0,0.0,0.2,0.2,0.2,0.2,0.2,0.0,0.7756756756756757,0.2,0.2,0.0,0.2,0.2,0.0,,,0.0,1.0,7.423517105587004,1532.0,3.2916105439955294,302.553003,303.56288335,238.5,0,1193.2080078125,1404.0,0.0,,0.0,0.005555555555555556,0.005555555555555556,0.005555555555555556,0.005555555555555556,0.005555555555555556
recomp_extractive,True,structured,end,128,10,1.0,0,0.2648648648648649,0.13074430266107856,0.2,0.2,0.2,0.2,0.2,0.2,0.2,0.2,0.2,0.2648648648648649,0.2,0.2,0.2,0.2,0.2,0.2,,,0.0,0.0,14.168,1646.0,2.0860502234517986,162.301373,165.49126735,125.0,0,487.9599609375,564.0,0.0,,0.0,0.3748898704781058,0.3748898704781058,0.3378528334410687,0.34248246307069835,0.34248246307069835
trimwise_hybrid,True,structured,end,256,10,1.0,0,1.0,0.3409652076318743,1.0,1.0,1.0,1.0,1.0,1.0,1.0,1.0,1.0,1.0,1.0,1.0,1.0,1.0,1.0,1.0,,,0.0,0.0,7.0,1518.0,3.946369061458575,57.618540499999995,58.30743585,253.0,0,686.13623046875,790.0,0.0,47.0,0.0,0.6125272331154684,0.6125272331154684,0.6125272331154684,0.6125272331154684,0.6125272331154684
trimwise_lexical,True,structured,end,256,10,1.0,0,0.8352941176470589,0.30885899814471246,0.8,0.8,0.8,0.8,0.8,0.8,0.8,0.8,0.8,0.8235294117647058,0.8,0.8,0.8,0.8,0.8,0.8,,,0.0,0.0,6.91796875,1515.0,3.2628676470588234,6.565154,7.8025188,256.0,0,686.13623046875,790.0,0.0,45.0,0.0,0.5799875505757859,0.5799875505757859,0.5799875505757859,0.5799875505757859,0.5799875505757859
llmlingua,True,structured,end,256,10,1.0,0,0.7621621621621621,0.2259852901574456,0.2,0.0,0.0,0.2,0.2,0.2,0.2,0.2,0.0,0.7621621621621621,0.2,0.2,0.0,0.2,0.2,0.0,,,0.0,1.0,6.003389830508475,1476.0,2.5637960108004867,157.82751100000002,158.97832545,295.0,0,1870.71533203125,2088.0,0.0,66.0,0.0,0.08883861236802414,0.08883861236802414,0.08242835595776772,0.08883861236802414,0.08883861236802414
longllmlingua,True,structured,end,256,10,1.0,0,0.7972972972972973,0.20395139192923328,0.2,0.0,0.0,0.2,0.2,0.2,0.2,0.2,0.0,0.7945945945945946,0.2,0.2,0.0,0.2,0.2,0.0,,,0.0,1.0,4.97864746201712,1415.0,2.2719490494029984,313.866145,315.43478385,356.0,0,1193.2080078125,1380.0,0.0,69.0,0.0,0.04893162393162393,0.04893162393162393,0.042521367521367516,0.04893162393162393,0.04893162393162393
recomp_extractive,True,structured,end,256,10,1.0,0,0.27837837837837837,0.07556949632797047,0.2,0.2,0.2,0.2,0.2,0.2,0.2,0.2,0.2,0.2648648648648649,0.2,0.2,0.2,0.2,0.2,0.2,,,0.0,0.0,6.91796875,1515.0,1.092396783942349,170.6854965,174.3475602,256.0,0,487.9599609375,564.0,0.0,65.0,0.0,0.4053029758912112,0.4053029758912112,0.36363630922454454,0.3682659388541742,0.3682659388541742
trimwise_hybrid,True,structured,end,512,10,1.0,0,1.0,0.3159047619047619,1.0,1.0,1.0,1.0,1.0,1.0,1.0,1.0,1.0,1.0,1.0,1.0,1.0,1.0,1.0,1.0,,,0.0,0.0,6.149305555555555,1483.0,3.4086926042762,56.2602725,58.17316655,288.0,0,0.0,0.0,0.0,,0.0,0.6282679738562091,0.6282679738562091,0.6282679738562091,0.6282679738562091,0.6282679738562091
trimwise_lexical,True,structured,end,512,10,1.0,0,0.8352941176470589,0.3041913478004548,0.8,0.8,0.8,0.8,0.8,0.8,0.8,0.8,0.8,0.8235294117647058,0.8,0.8,0.8,0.8,0.8,0.8,,,0.0,0.0,6.58364312267658,1502.0,3.10518259348349,6.175898999999999,6.2935678,269.0,0,0.0,0.0,0.0,,0.0,0.5846171802054155,0.5846171802054155,0.5846171802054155,0.5846171802054155,0.5846171802054155
llmlingua,True,structured,end,512,10,1.0,0,0.7810810810810811,0.14230434558384883,0.2,0.2,0.2,0.2,0.2,0.2,0.2,0.2,0.2,0.7621621621621621,0.2,0.2,0.2,0.2,0.2,0.2,,,0.0,0.0,3.681928596127247,1290.0,1.6182956047286017,167.75493949999998,172.8406215,481.0,0,1193.2041015625,1332.0,0.0,,0.0,0.15649225502166678,0.15649225502166678,0.13897088750029926,0.14538114391055568,0.14538114391055568
longllmlingua,True,structured,end,512,10,1.0,0,0.8054054054054054,0.12305985521740473,0.2,0.0,0.0,0.2,0.2,0.2,0.2,0.2,0.0,0.8054054054054054,0.2,0.2,0.0,0.2,0.2,0.0,,,0.0,1.0,2.933740149913511,1167.0,1.3442004591202876,342.34359,349.91446315,603.5,0,1193.2080078125,1334.0,0.0,,0.0,0.0767094017094017,0.0767094017094017,0.0655982905982906,0.060042735042735045,0.060042735042735045
recomp_extractive,True,structured,end,512,10,1.0,0,0.2945945945945946,0.041776421456651815,0.2,0.2,0.2,0.2,0.2,0.2,0.2,0.2,0.2,0.2648648648648649,0.2,0.2,0.2,0.2,0.2,0.2,,,0.0,0.0,3.4657534246575343,1260.0,0.5779717422710776,167.70119749999998,170.55647715,511.0,0,487.9599609375,564.0,0.0,,0.0,0.4629533864827982,0.4629533864827982,0.3888793124087242,0.3935089420383538,0.3935089420383538
trimwise_hybrid,True,structured,end,1024,10,1.0,0,1.0,0.3159047619047619,1.0,1.0,1.0,1.0,1.0,1.0,1.0,1.0,1.0,1.0,1.0,1.0,1.0,1.0,1.0,1.0,,,0.0,0.0,6.149305555555555,1483.0,3.4086926042762,58.0121295,58.4789905,288.0,0,686.13623046875,790.0,0.0,47.0,0.0,0.6421568627450981,0.6421568627450981,0.6421568627450981,0.6421568627450981,0.6421568627450981
trimwise_lexical,True,structured,end,1024,10,1.0,0,0.8352941176470589,0.3041913478004548,0.8,0.8,0.8,0.8,0.8,0.8,0.8,0.8,0.8,0.8235294117647058,0.8,0.8,0.8,0.8,0.8,0.8,,,0.0,0.0,6.58364312267658,1502.0,3.10518259348349,6.604439,6.87036435,269.0,0,686.13623046875,790.0,0.0,45.0,0.0,0.6096171802054154,0.6096171802054154,0.6096171802054154,0.6096171802054154,0.6096171802054154
llmlingua,True,structured,end,1024,10,1.0,0,0.8486486486486488,0.10585407219221685,1.0,1.0,1.0,1.0,0.2,0.2,0.2,0.2,0.2,0.827027027027027,0.2,0.2,0.2,0.2,0.2,0.2,,,0.0,0.0,2.2647095857392117,989.0,1.0800755960802255,187.437645,189.09004804999998,782.0,0,1870.71533203125,2042.0,0.0,66.0,0.0,0.4112439847733966,0.4112439847733966,0.23227573080514255,0.28187890540831717,0.23227573080514255
longllmlingua,True,structured,end,1024,10,1.0,0,0.8621621621621621,0.08128232275291962,1.0,0.7,0.7,1.0,0.2,0.2,0.2,0.2,0.2,0.8621621621621621,1.0,1.0,0.7,0.2,0.2,0.2,,,0.0,0.3,1.7799282632784146,776.0,0.8598419408197422,393.473574,401.1851534,995.0,0,1193.2080078125,1334.0,0.0,69.0,0.0,0.23955086308027485,0.23955086308027485,0.16482558835500014,0.19895257248198425,0.15927003279944454
recomp_extractive,True,structured,end,1024,10,1.0,0,0.372972972972973,0.028270279851221915,0.2,0.2,0.2,0.2,0.2,0.2,0.2,0.2,0.2,0.2648648648648649,0.2,0.2,0.2,0.2,0.2,0.2,,,0.0,0.0,1.7311827956989247,748.0,0.36487463151286936,173.682658,184.4581968,1023.0,0,487.9599609375,564.0,0.0,65.0,0.0,0.4972629222629223,0.4972629222629223,0.3805962555962556,0.3852258852258852,0.3852258852258852
llmlingua_queryless,False,structured,end,128,10,1.0,0,0.7621621621621621,0.3244769490994656,0.2,0.0,0.0,0.2,0.2,0.2,0.2,0.2,0.0,0.7621621621621621,0.2,0.2,0.0,0.2,0.2,0.0,,,0.0,1.0,9.152515891245127,1577.5,3.807979371374285,151.39523050000003,153.83428185,193.5,0,1193.2041015625,1378.0,0.0,65.0,0.0,0.0358974358974359,0.0358974358974359,0.02948717948717949,0.0358974358974359,0.0358974358974359
trimwise_structural,False,structured,end,128,10,1.0,0,0.22162162162162163,0.10247098034708654,0.2,0.2,0.2,0.2,0.2,0.2,0.2,0.2,0.2,0.22162162162162163,0.2,0.2,0.2,0.2,0.2,0.2,,,0.0,0.0,14.168,1646.0,1.735472972972973,11.7667675,11.83183225,125.0,0,0.0,0.0,0.0,,0.0,0.1676033661327779,0.1676033661327779,0.14445521798462976,0.1676033661327779,0.1676033661327779
head_tail,False,structured,end,128,10,1.0,0,0.22162162162162163,0.09739599543521112,0.2,0.2,0.2,0.2,0.2,0.2,0.2,0.2,0.2,0.22162162162162163,0.2,0.2,0.2,0.2,0.2,0.2,,,0.0,0.0,13.8359375,1643.0,1.7314189189189189,0.737554,1.1706944499999994,128.0,0,0.0,0.0,0.0,,0.0,0.24538114391055568,0.24538114391055568,0.23982558835500012,0.23982558835500012,0.23982558835500012
naive_first_n,False,structured,end,128,10,1.0,0,0.08839427662957075,0.052830188679245285,0.0,0.0,0.0,0.0,0.0,0.0,0.0,0.0,0.0,0.060890302066772664,0.0,0.0,0.0,0.0,0.0,0.0,,,0.0,0.0,13.8359375,1643.0,0.6905802861685214,0.487532,0.51995805,128.0,0,0.0,0.0,0.0,,0.0,0.1901912901912902,0.1901912901912902,0.16638176638176638,0.1901912901912902,0.1901912901912902
llmlingua2,False,structured,end,128,10,1.0,0,0.023529411764705882,0.0068376068376068385,0.0,0.0,0.0,0.0,0.0,0.0,0.0,0.0,0.0,0.023529411764705882,0.0,0.0,0.0,0.0,0.0,0.0,,,0.0,1.0,5.622222222222222,1456.0,0.07565727255532437,85.153415,86.00361045,315.0,0,774.033203125,850.0,0.0,62.0,0.0,0.0,0.0,0.0,0.0,0.0
head_tail,False,structured,end,256,10,1.0,0,0.7405405405405405,0.26495578751412807,0.2,0.2,0.2,0.2,0.2,0.2,0.2,0.2,0.2,0.7405405405405405,0.2,0.2,0.2,0.2,0.2,0.2,,,0.0,0.0,6.9450980392156865,1516.0,2.9010168256491786,0.881691,0.90828895,255.0,0,0.0,0.0,0.0,,0.0,0.3369047619047619,0.3369047619047619,0.3130952380952381,0.3369047619047619,0.3130952380952381
llmlingua_queryless,False,structured,end,256,10,1.0,0,0.7621621621621621,0.2259852901574456,0.2,0.0,0.0,0.2,0.2,0.2,0.2,0.2,0.0,0.7621621621621621,0.2,0.2,0.0,0.2,0.2,0.0,,,0.0,1.0,6.003389830508475,1476.0,2.5637960108004867,155.190002,157.27595165,295.0,0,1193.2041015625,1380.0,0.0,65.0,0.0,0.08883861236802414,0.08883861236802414,0.08242835595776772,0.08883861236802414,0.08883861236802414
trimwise_structural,False,structured,end,256,10,1.0,0,0.22162162162162163,0.05291005291005291,0.2,0.2,0.2,0.2,0.2,0.2,0.2,0.2,0.2,0.22162162162162163,0.2,0.2,0.2,0.2,0.2,0.2,,,0.0,0.0,7.0,1518.0,0.872862529829322,24.351923,26.060803149999998,253.0,0,0.0,0.0,0.0,,0.0,0.18334410687351865,0.18334410687351865,0.16945521798462973,0.18334410687351865,0.18334410687351865
naive_first_n,False,structured,end,256,10,1.0,0,0.14340222575516695,0.046995790279372375,0.0,0.0,0.0,0.0,0.0,0.0,0.0,0.0,0.0,0.08251192368839429,0.0,0.0,0.0,0.0,0.0,0.0,,,0.0,0.0,6.91796875,1515.0,0.5601649443561209,0.6154965,0.64695695,256.0,0,0.0,0.0,0.0,,0.0,0.21704314204314204,0.21704314204314204,0.2124135124135124,0.2124135124135124,0.2124135124135124
llmlingua2,False,structured,end,256,10,1.0,0,0.045151033386327505,0.01808551386016175,0.0,0.0,0.0,0.0,0.0,0.0,0.0,0.0,0.0,0.045151033386327505,0.0,0.0,0.0,0.0,0.0,0.0,,,0.0,1.0,5.551724137931035,1452.0,0.14341017435995032,84.913094,86.3975246,319.0,0,774.033203125,850.0,0.0,62.0,0.0,0.0,0.0,0.0,0.0,0.0
head_tail,False,structured,end,512,10,1.0,0,1.0,0.18830016137708444,1.0,1.0,1.0,1.0,1.0,1.0,1.0,1.0,1.0,1.0,1.0,1.0,1.0,1.0,1.0,1.0,,,0.0,0.0,3.458984375,1259.0,1.953125,1.2124785,1.2671064,512.0,0,0.0,0.0,0.0,,0.0,0.42632275132275127,0.42632275132275127,0.4216931216931217,0.4216931216931217,0.4216931216931217
llmlingua_queryless,False,structured,end,512,10,1.0,0,0.7810810810810811,0.14230434558384883,0.2,0.2,0.2,0.2,0.2,0.2,0.2,0.2,0.2,0.7621621621621621,0.2,0.2,0.2,0.2,0.2,0.2,,,0.0,0.0,3.681928596127247,1290.0,1.6182956047286017,169.609611,172.6625045,481.0,0,1193.2041015625,1332.0,0.0,65.0,0.0,0.15649225502166678,0.15649225502166678,0.13897088750029926,0.14538114391055568,0.14538114391055568
naive_first_n,False,structured,end,512,10,1.0,0,0.22193958664546903,0.035789473684210524,0.0,0.0,0.0,0.0,0.0,0.0,0.0,0.0,0.0,0.1001589825119237,0.0,0.0,0.0,0.0,0.0,0.0,,,0.0,0.0,3.458984375,1259.0,0.4334757551669316,0.9138845,0.9249172999999999,512.0,0,0.0,0.0,0.0,,0.0,0.23278388278388276,0.23278388278388276,0.23278388278388276,0.23278388278388276,0.23278388278388276
llmlingua2,False,structured,end,512,10,1.0,0,0.15516693163751988,0.02842749422228426,0.0,0.0,0.0,0.0,0.0,0.0,0.0,0.0,0.0,0.12178060413354533,0.0,0.0,0.0,0.0,0.0,0.0,,,0.0,1.0,3.3258245284881998,1238.5,0.29182484689880744,84.911061,86.56078775,532.5,0,774.033203125,850.0,0.0,62.0,0.0,0.005555555555555556,0.005555555555555556,0.0,0.0,0.0
trimwise_structural,False,structured,end,512,10,1.0,0,0.22162162162162163,0.026800999924248163,0.2,0.2,0.2,0.2,0.2,0.2,0.2,0.2,0.2,0.22162162162162163,0.2,0.2,0.2,0.2,0.2,0.2,,,0.0,0.0,3.479371316306483,1262.0,0.43310362794031754,82.0697445,88.1706433,509.0,0,0.0,0.0,0.0,,0.0,0.20464040316981494,0.20464040316981494,0.18797373650314828,0.18797373650314828,0.18797373650314828
llmlingua_queryless,False,structured,end,1024,10,1.0,0,0.8486486486486488,0.10585407219221685,1.0,1.0,1.0,1.0,0.2,0.2,0.2,0.2,0.2,0.827027027027027,0.2,0.2,0.2,0.2,0.2,0.2,,,0.0,0.0,2.2647095857392117,989.0,1.0800755960802255,185.563594,188.73149085,782.0,0,1193.2041015625,1334.0,0.0,65.0,0.0,0.4112439847733966,0.4112439847733966,0.23227573080514255,0.28187890540831717,0.23227573080514255
head_tail,False,structured,end,1024,10,1.0,0,1.0,0.09182246879334258,1.0,1.0,1.0,1.0,1.0,1.0,1.0,1.0,1.0,1.0,1.0,1.0,1.0,1.0,1.0,1.0,,,0.0,0.0,1.7294921875,747.0,0.9765625,1.835205,1.8912149,1024.0,0,0.0,0.0,0.0,,0.0,0.4411375661375661,0.4411375661375661,0.4411375661375661,0.4411375661375661,0.4411375661375661
llmlingua2,False,structured,end,1024,10,1.0,0,0.4235294117647059,0.033200814630961556,0.0,0.0,0.0,0.0,0.0,0.0,0.0,0.0,0.0,0.35993640699523055,0.0,0.0,0.0,0.0,0.0,0.0,,,0.0,1.0,1.707810993249759,734.0,0.40784397034971975,85.51614000000001,87.3717891,1037.0,0,774.033203125,850.0,0.0,60.0,0.0,0.03425925925925926,0.03425925925925926,0.0,0.019444444444444445,0.0
trimwise_structural,False,structured,end,1024,10,1.0,0,0.3081081081081081,0.021066374902892288,0.2,0.2,0.2,0.2,0.2,0.2,0.2,0.2,0.2,0.2648648648648649,0.2,0.2,0.2,0.2,0.2,0.2,,,0.0,0.0,1.7328767123287672,749.0,0.3010934276987359,169.74275999999998,173.8739671,1022.0,0,0.0,0.0,0.0,,0.0,0.25741818094759267,0.25741818094759267,0.22964040316981493,0.22964040316981493,0.22964040316981493
naive_first_n,False,structured,end,1024,10,1.0,0,0.22193958664546903,0.018787712978584344,0.0,0.0,0.0,0.0,0.0,0.0,0.0,0.0,0.0,0.1001589825119237,0.0,0.0,0.0,0.0,0.0,0.0,,,0.0,0.0,1.7294921875,747.0,0.2167378775834658,1.5176025,1.5731988,1024.0,0,0.0,0.0,0.0,,0.0,0.45033577533577535,0.45033577533577535,0.45033577533577535,0.45033577533577535,0.45033577533577535
recomp_extractive,True,structured,middle,128,8,1.0,0,1.0,0.453506206946039,1.0,1.0,1.0,1.0,1.0,1.0,1.0,1.0,1.0,1.0,1.0,1.0,1.0,1.0,1.0,1.0,,,0.0,0.0,14.055555555555555,1645.0,7.8976944288213975,167.625817,1526.8897015499988,126.0,1,975.7919921875,1072.0,0.0,,0.0,0.3748898704781058,0.3748898704781058,0.3378528334410687,0.34248246307069835,0.34248246307069835
trimwise_hybrid,True,structured,middle,128,8,1.0,0,1.0,0.4347826086956522,1.0,1.0,1.0,1.0,1.0,1.0,1.0,1.0,1.0,1.0,1.0,1.0,1.0,1.0,1.0,1.0,,,0.0,0.0,13.94488188976378,1644.0,7.874015748031496,58.0948825,59.7666068,127.0,0,0.0,0.0,0.0,,0.0,0.5067681773564127,0.5067681773564127,0.5067681773564127,0.5067681773564127,0.5067681773564127
trimwise_lexical,True,structured,middle,128,8,1.0,0,1.0,0.4347826086956522,1.0,1.0,1.0,1.0,1.0,1.0,1.0,1.0,1.0,1.0,1.0,1.0,1.0,1.0,1.0,1.0,,,0.0,0.0,13.94488188976378,1644.0,7.874015748031496,5.645289999999999,5.66965855,127.0,0,0.0,0.0,0.0,,0.0,0.503135698723934,0.503135698723934,0.503135698723934,0.503135698723934,0.503135698723934
longllmlingua,True,structured,middle,128,8,1.0,0,0.016666666666666666,0.003205128205128205,0.0,0.0,0.0,0.0,0.0,0.0,0.0,0.0,0.0,0.016666666666666666,0.0,0.0,0.0,0.0,0.0,0.0,,,0.0,1.0,7.805549083566325,1544.0,0.06915629322268327,298.042591,299.2478736,227.0,0,1193.2080078125,1404.0,0.0,,0.0,0.005555555555555556,0.005555555555555556,0.005555555555555556,0.005555555555555556,0.005555555555555556
llmlingua,True,structured,middle,128,8,1.0,0,0.008333333333333333,0.001937984496124031,0.0,0.0,0.0,0.0,0.0,0.0,0.0,0.0,0.0,0.008333333333333333,0.0,0.0,0.0,0.0,0.0,0.0,,,0.0,1.0,9.176165803108809,1578.0,0.04317789291882557,149.808314,155.63844269999998,193.0,0,1193.2041015625,1378.0,0.0,,0.0,0.0358974358974359,0.0358974358974359,0.02948717948717949,0.0358974358974359,0.0358974358974359
trimwise_hybrid,True,structured,middle,256,8,1.0,0,1.0,0.2247318906814718,1.0,1.0,1.0,1.0,1.0,1.0,1.0,1.0,1.0,1.0,1.0,1.0,1.0,1.0,1.0,1.0,,,0.0,0.0,6.9450980392156865,1516.0,3.9215837048402036,60.128049000000004,61.228032,255.0,0,686.13623046875,790.0,0.0,47.0,0.0,0.6125272331154684,0.6125272331154684,0.6125272331154684,0.6125272331154684,0.6125272331154684
recomp_extractive,True,structured,middle,256,8,1.0,0,1.0,0.2044040474498221,1.0,1.0,1.0,1.0,1.0,1.0,1.0,1.0,1.0,1.0,1.0,1.0,1.0,1.0,1.0,1.0,,,0.0,0.0,6.91796875,1515.0,3.9139243911147137,163.977195,168.2492497,256.0,0,487.962890625,564.0,0.0,63.0,0.0,0.4053029758912112,0.4053029758912112,0.36363630922454454,0.3682659388541742,0.3682659388541742
trimwise_lexical,True,structured,middle,256,8,1.0,0,1.0,0.18867924528301885,1.0,1.0,1.0,1.0,1.0,1.0,1.0,1.0,1.0,1.0,1.0,1.0,1.0,1.0,1.0,1.0,,,0.0,0.0,7.0,1518.0,3.952569169960474,6.718386499999999,6.77661715,253.0,0,686.13623046875,790.0,0.0,49.0,0.0,0.5799875505757859,0.5799875505757859,0.5799875505757859,0.5799875505757859,0.5799875505757859
llmlingua,True,structured,middle,256,8,1.0,0,0.008333333333333333,0.001269035532994924,0.0,0.0,0.0,0.0,0.0,0.0,0.0,0.0,0.0,0.008333333333333333,0.0,0.0,0.0,0.0,0.0,0.0,,,0.0,1.0,6.013599677158999,1476.5,0.028248587570621472,156.63122049999998,158.58551265,294.5,0,1870.71533203125,2088.0,0.0,66.0,0.0,0.08883861236802414,0.08883861236802414,0.08242835595776772,0.08883861236802414,0.08883861236802414
longllmlingua,True,structured,middle,256,8,1.0,0,0.008333333333333333,0.0012376237623762376,0.0,0.0,0.0,0.0,0.0,0.0,0.0,0.0,0.0,0.008333333333333333,0.0,0.0,0.0,0.0,0.0,0.0,,,0.0,1.0,5.4829721362229105,1448.0,0.02579979360165119,321.3062205,329.5101512,323.0,0,1193.2080078125,1404.0,0.0,69.0,0.0,0.04893162393162393,0.04893162393162393,0.042521367521367516,0.04893162393162393,0.04893162393162393
trimwise_hybrid,True,structured,middle,512,8,1.0,0,1.0,0.17688717321814487,1.0,1.0,1.0,1.0,1.0,1.0,1.0,1.0,1.0,1.0,1.0,1.0,1.0,1.0,1.0,1.0,,,0.0,0.0,5.517133956386293,1450.0,3.1225967892292212,58.6486065,59.48878535,321.0,0,0.0,0.0,0.0,,0.0,0.6282679738562091,0.6282679738562091,0.6282679738562091,0.6282679738562091,0.6282679738562091
trimwise_lexical,True,structured,middle,512,8,1.0,0,1.0,0.15463917525773194,1.0,1.0,1.0,1.0,1.0,1.0,1.0,1.0,1.0,1.0,1.0,1.0,1.0,1.0,1.0,1.0,,,0.0,0.0,5.569182389937107,1453.0,3.1446540880503147,6.5890975,6.6881318,318.0,0,0.0,0.0,0.0,,0.0,0.5846171802054155,0.5846171802054155,0.5846171802054155,0.5846171802054155,0.5846171802054155
recomp_extractive,True,structured,middle,512,8,1.0,0,1.0,0.09713182197064518,1.0,1.0,1.0,1.0,1.0,1.0,1.0,1.0,1.0,1.0,1.0,1.0,1.0,1.0,1.0,1.0,,,0.0,0.0,3.4657534246575343,1260.0,1.956475023993268,174.094243,181.4955688,511.0,0,975.7919921875,1072.0,0.0,,0.0,0.4629533864827982,0.4629533864827982,0.3888793124087242,0.3935089420383538,0.3935089420383538
longllmlingua,True,structured,middle,512,8,1.0,0,0.1,0.008959293074249572,0.0,0.0,0.0,0.0,0.0,0.0,0.0,0.0,0.0,0.075,0.0,0.0,0.0,0.0,0.0,0.0,,,0.0,0.875,3.313611859838275,1236.5,0.1883320015208764,333.0488755,333.8514196,534.5,0,1193.2080078125,1332.0,0.0,,0.0,0.0767094017094017,0.0767094017094017,0.0655982905982906,0.060042735042735045,0.060042735042735045
llmlingua,True,structured,middle,512,8,1.0,0,0.016666666666666666,0.0015389860686245726,0.0,0.0,0.0,0.0,0.0,0.0,0.0,0.0,0.0,0.016666666666666666,0.0,0.0,0.0,0.0,0.0,0.0,,,0.0,0.0,3.689583333333333,1291.0,0.03502157947323424,166.5305255,168.52349279999999,480.0,0,1193.2041015625,1332.0,0.0,,0.0,0.15649225502166678,0.15649225502166678,0.13897088750029926,0.14538114391055568,0.14538114391055568
trimwise_hybrid,True,structured,middle,1024,8,1.0,0,1.0,0.17688717321814487,1.0,1.0,1.0,1.0,1.0,1.0,1.0,1.0,1.0,1.0,1.0,1.0,1.0,1.0,1.0,1.0,,,0.0,0.0,5.517133956386293,1450.0,3.1225967892292212,60.050968,61.1493346,321.0,0,686.13623046875,790.0,0.0,47.0,0.0,0.6421568627450981,0.6421568627450981,0.6421568627450981,0.6421568627450981,0.6421568627450981
trimwise_lexical,True,structured,middle,1024,8,1.0,0,1.0,0.15463917525773194,1.0,1.0,1.0,1.0,1.0,1.0,1.0,1.0,1.0,1.0,1.0,1.0,1.0,1.0,1.0,1.0,,,0.0,0.0,5.569182389937107,1453.0,3.1446540880503147,7.004913,7.1889558,318.0,0,686.13623046875,790.0,0.0,48.0,0.0,0.6096171802054154,0.6096171802054154,0.6096171802054154,0.6096171802054154,0.6096171802054154
recomp_extractive,True,structured,middle,1024,8,1.0,0,1.0,0.04541644470905273,1.0,1.0,1.0,1.0,1.0,1.0,1.0,1.0,1.0,1.0,1.0,1.0,1.0,1.0,1.0,1.0,,,0.0,0.0,1.7328767123287672,749.0,0.9784738154137635,173.3669355,183.0070536,1022.0,0,487.962890625,564.0,0.0,63.0,0.0,0.4972629222629223,0.4972629222629223,0.3805962555962556,0.3852258852258852,0.3852258852258852
longllmlingua,True,structured,middle,1024,8,1.0,0,0.3,0.01535712147079133,0.0,0.0,0.0,0.0,0.0,0.0,0.0,0.0,0.0,0.2833333333333333,0.0,0.0,0.0,0.0,0.0,0.0,,,0.0,0.0,1.9977445723403768,884.5,0.3354064599948075,389.9959695,402.9545898,886.5,0,1193.2080078125,1334.0,4112.695370975416,70.0,0.0,0.23955086308027485,0.23955086308027485,0.16482558835500014,0.19895257248198425,0.15927003279944454
llmlingua,True,structured,middle,1024,8,1.0,0,0.225,0.013522568080264022,0.0,0.0,0.0,0.0,0.0,0.0,0.0,0.0,0.0,0.18333333333333335,0.0,0.0,0.0,0.0,0.0,0.0,,,0.0,0.0,2.2705165524598168,991.0,0.2881362543496126,187.33568,188.05734815,780.0,0,1870.71533203125,2042.0,0.0,64.0,0.0,0.4112439847733966,0.4112439847733966,0.23227573080514255,0.28187890540831717,0.23227573080514255
llmlingua2,False,structured,middle,128,8,1.0,0,0.2,0.052288329519450796,0.0,0.0,0.0,0.0,0.0,0.0,0.0,0.0,0.0,0.2,0.0,0.0,0.0,0.0,0.0,0.0,,,0.0,1.0,5.622222222222222,1456.0,0.635934885136163,84.831816,85.5566302,315.0,0,774.033203125,850.0,0.0,62.0,0.0,0.0,0.0,0.0,0.0,0.0
trimwise_structural,False,structured,middle,128,8,1.0,0,0.125,0.04120879120879121,0.0,0.0,0.0,0.0,0.0,0.0,0.0,0.0,0.0,0.08333333333333333,0.0,0.0,0.0,0.0,0.0,0.0,,,0.0,0.0,14.168,1646.0,1.0,11.796532,11.94294125,125.0,0,0.0,0.0,0.0,,0.0,0.1676033661327779,0.1676033661327779,0.14445521798462976,0.1676033661327779,0.1676033661327779
naive_first_n,False,structured,middle,128,8,1.0,0,0.06666666666666667,0.02380952380952381,0.0,0.0,0.0,0.0,0.0,0.0,0.0,0.0,0.0,0.06666666666666667,0.0,0.0,0.0,0.0,0.0,0.0,,,0.0,0.0,13.8359375,1643.0,0.5208333333333334,0.476156,0.5319495,128.0,0,0.0,0.0,0.0,,0.0,0.1901912901912902,0.1901912901912902,0.16638176638176638,0.1901912901912902,0.1901912901912902
head_tail,False,structured,middle,128,8,1.0,0,0.06666666666666667,0.020618556701030927,0.0,0.0,0.0,0.0,0.0,0.0,0.0,0.0,0.0,0.06666666666666667,0.0,0.0,0.0,0.0,0.0,0.0,,,0.0,0.0,13.8359375,1643.0,0.5208333333333334,0.726555,0.78211935,128.0,0,0.0,0.0,0.0,,0.0,0.24538114391055568,0.24538114391055568,0.23982558835500012,0.23982558835500012,0.23982558835500012
llmlingua_queryless,False,structured,middle,128,8,1.0,0,0.008333333333333333,0.001937984496124031,0.0,0.0,0.0,0.0,0.0,0.0,0.0,0.0,0.0,0.008333333333333333,0.0,0.0,0.0,0.0,0.0,0.0,,,0.0,1.0,9.176165803108809,1578.0,0.04317789291882557,151.8647795,154.79256135,193.0,0,1193.2041015625,1378.0,0.0,59.0,0.0,0.0358974358974359,0.0358974358974359,0.02948717948717949,0.0358974358974359,0.0358974358974359
llmlingua2,False,structured,middle,256,8,1.0,0,0.2,0.04989669421487603,0.0,0.0,0.0,0.0,0.0,0.0,0.0,0.0,0.0,0.2,0.0,0.0,0.0,0.0,0.0,0.0,,,0.0,1.0,5.551724137931035,1452.0,0.6267143416927901,85.058033,85.3490407,319.0,0,774.033203125,850.0,0.0,62.0,0.0,0.0,0.0,0.0,0.0,0.0
trimwise_structural,False,structured,middle,256,8,1.0,0,0.26666666666666666,0.047904191616766456,0.0,0.0,0.0,0.0,0.0,0.0,0.0,0.0,0.0,0.08333333333333333,0.0,0.0,0.0,0.0,0.0,0.0,,,0.0,0.0,7.0,1518.0,1.0540184453227932,24.2156715,24.3502225,253.0,0,0.0,0.0,0.0,,0.0,0.18334410687351865,0.18334410687351865,0.16945521798462973,0.18334410687351865,0.18334410687351865
naive_first_n,False,structured,middle,256,8,1.0,0,0.16666666666666669,0.028901734104046242,0.0,0.0,0.0,0.0,0.0,0.0,0.0,0.0,0.0,0.09166666666666667,0.0,0.0,0.0,0.0,0.0,0.0,,,0.0,0.0,6.91796875,1515.0,0.6510416666666667,0.6241304999999999,0.6600480999999999,256.0,0,0.0,0.0,0.0,,0.0,0.21704314204314204,0.21704314204314204,0.2124135124135124,0.2124135124135124,0.2124135124135124
head_tail,False,structured,middle,256,8,1.0,0,0.06666666666666667,0.01282051282051282,0.0,0.0,0.0,0.0,0.0,0.0,0.0,0.0,0.0,0.06666666666666667,0.0,0.0,0.0,0.0,0.0,0.0,,,0.0,0.0,6.9450980392156865,1516.0,0.26143790849673204,0.888988,0.9091381000000001,255.0,0,0.0,0.0,0.0,,0.0,0.3369047619047619,0.3369047619047619,0.3130952380952381,0.3369047619047619,0.3130952380952381
llmlingua_queryless,False,structured,middle,256,8,1.0,0,0.008333333333333333,0.001269035532994924,0.0,0.0,0.0,0.0,0.0,0.0,0.0,0.0,0.0,0.008333333333333333,0.0,0.0,0.0,0.0,0.0,0.0,,,0.0,1.0,6.013599677158999,1476.5,0.028248587570621472,154.69794000000002,156.37850254999998,294.5,0,1193.2041015625,1380.0,0.0,60.0,0.0,0.08883861236802414,0.08883861236802414,0.08242835595776772,0.08883861236802414,0.08883861236802414
llmlingua2,False,structured,middle,512,8,1.0,0,0.26666666666666666,0.02492235968683331,0.0,0.0,0.0,0.0,0.0,0.0,0.0,0.0,0.0,0.2,0.0,0.0,0.0,0.0,0.0,0.0,,,0.0,1.0,3.319590544652206,1237.5,0.5001969018786894,84.979506,86.0605628,533.5,0,774.033203125,850.0,0.0,61.0,0.0,0.005555555555555556,0.005555555555555556,0.0,0.0,0.0
trimwise_structural,False,structured,middle,512,8,1.0,0,0.26666666666666666,0.02484472049689441,0.0,0.0,0.0,0.0,0.0,0.0,0.0,0.0,0.0,0.08333333333333333,0.0,0.0,0.0,0.0,0.0,0.0,,,0.0,0.0,3.479371316306483,1262.0,0.5239030779305829,80.85438300000001,81.10851625,509.0,0,0.0,0.0,0.0,,0.0,0.20464040316981494,0.20464040316981494,0.18797373650314828,0.18797373650314828,0.18797373650314828
naive_first_n,False,structured,middle,512,8,1.0,0,0.2,0.016759776536312852,0.0,0.0,0.0,0.0,0.0,0.0,0.0,0.0,0.0,0.09166666666666667,0.0,0.0,0.0,0.0,0.0,0.0,,,0.0,0.0,3.458984375,1259.0,0.390625,0.9192475,0.9477955,512.0,0,0.0,0.0,0.0,,0.0,0.23278388278388276,0.23278388278388276,0.23278388278388276,0.23278388278388276,0.23278388278388276
head_tail,False,structured,middle,512,8,1.0,0,0.16666666666666669,0.015151515151515152,0.0,0.0,0.0,0.0,0.0,0.0,0.0,0.0,0.0,0.09166666666666667,0.0,0.0,0.0,0.0,0.0,0.0,,,0.0,0.0,3.458984375,1259.0,0.32552083333333337,1.223624,1.35802915,512.0,0,0.0,0.0,0.0,,0.0,0.42632275132275127,0.42632275132275127,0.4216931216931217,0.4216931216931217,0.4216931216931217
llmlingua_queryless,False,structured,middle,512,8,1.0,0,0.016666666666666666,0.0015389860686245726,0.0,0.0,0.0,0.0,0.0,0.0,0.0,0.0,0.0,0.016666666666666666,0.0,0.0,0.0,0.0,0.0,0.0,,,0.0,0.0,3.689583333333333,1291.0,0.03502157947323424,168.4251195,168.90563235,480.0,0,1193.2041015625,1332.0,0.0,60.0,0.0,0.15649225502166678,0.15649225502166678,0.13897088750029926,0.14538114391055568,0.14538114391055568
naive_first_n,False,structured,middle,1024,8,1.0,0,1.0,0.04279600570613409,1.0,1.0,1.0,1.0,1.0,1.0,1.0,1.0,1.0,1.0,1.0,1.0,1.0,1.0,1.0,1.0,,,0.0,0.0,1.7294921875,747.0,0.9765625,1.529215,1.55636665,1024.0,0,0.0,0.0,0.0,,0.0,0.45033577533577535,0.45033577533577535,0.45033577533577535,0.45033577533577535,0.45033577533577535
trimwise_structural,False,structured,middle,1024,8,1.0,0,0.3333333333333333,0.01430615164520744,0.0,0.0,0.0,0.0,0.0,0.0,0.0,0.0,0.0,0.075,0.0,0.0,0.0,0.0,0.0,0.0,,,0.0,0.0,1.7328767123287672,749.0,0.32615786040443573,168.3277675,168.9862181,1022.0,0,0.0,0.0,0.0,,0.0,0.25741818094759267,0.25741818094759267,0.22964040316981493,0.22964040316981493,0.22964040316981493
llmlingua_queryless,False,structured,middle,1024,8,1.0,0,0.225,0.013522568080264022,0.0,0.0,0.0,0.0,0.0,0.0,0.0,0.0,0.0,0.18333333333333335,0.0,0.0,0.0,0.0,0.0,0.0,,,0.0,0.0,2.2705165524598168,991.0,0.2881362543496126,183.675779,184.38360205,780.0,0,1193.2041015625,1334.0,0.0,59.0,0.0,0.4112439847733966,0.4112439847733966,0.23227573080514255,0.28187890540831717,0.23227573080514255
llmlingua2,False,structured,middle,1024,8,1.0,0,0.26666666666666666,0.010292723127064357,0.0,0.0,0.0,0.0,0.0,0.0,0.0,0.0,0.0,0.26666666666666666,0.0,0.0,0.0,0.0,0.0,0.0,,,0.0,1.0,1.707810993249759,734.0,0.2571521607089971,85.910242,86.80093104999999,1037.0,0,774.033203125,850.0,0.0,60.0,0.0,0.03425925925925926,0.03425925925925926,0.0,0.019444444444444445,0.0
head_tail,False,structured,middle,1024,8,1.0,0,0.2,0.008583690987124463,0.0,0.0,0.0,0.0,0.0,0.0,0.0,0.0,0.0,0.09166666666666667,0.0,0.0,0.0,0.0,0.0,0.0,,,0.0,0.0,1.7294921875,747.0,0.1953125,1.8353890000000002,1.9047711999999999,1024.0,0,0.0,0.0,0.0,,0.0,0.4411375661375661,0.4411375661375661,0.4411375661375661,0.4411375661375661,0.4411375661375661
