method_id,query_aware,track,evidence_position,budget,rows,success_rate,failures,evidence_recall,evidence_f1,all_evidence,case_pass_rate,legacy_case_pass_rate,required_span_coverage,exact_required_span_coverage,exact_required_evidence_success,normalized_contiguous_required_span_coverage,normalized_contiguous_required_evidence_success,normalized_contiguous_case_pass_rate,local_ordered_required_span_recall,local_ordered_80_required_span_coverage,local_ordered_80_required_evidence_success,local_ordered_80_case_pass_rate,local_ordered_90_required_span_coverage,local_ordered_90_required_evidence_success,local_ordered_90_case_pass_rate,ordered_step_coverage,ordered_step_ordered,prohibited_phrase_rate,budget_violation_rate,median_compression_ratio,median_token_savings,evidence_recall_per_1k_output_tokens,median_latency_ms,p95_latency_ms,median_output_tokens,cold_calls,median_gpu_peak_allocated_mb,median_gpu_peak_reserved_mb,total_thermal_wait_ms,max_thermal_temperature_c,thermal_hard_limit_events,macro_case_pass_rate,macro_legacy_case_pass_rate,macro_normalized_contiguous_case_pass_rate,macro_local_ordered_80_case_pass_rate,macro_local_ordered_90_case_pass_rate
trimwise_lexical,True,adversarial,middle,128,9,1.0,0,1.0,0.2722097179928505,1.0,0.6666666666666666,0.6666666666666666,1.0,1.0,1.0,1.0,1.0,0.6666666666666666,1.0,1.0,1.0,0.6666666666666666,1.0,1.0,0.6666666666666666,,,0.3333333333333333,0.0,13.5625,1608.0,7.833005249343832,5.577923,5.629714,128.0,0,0.0,0.0,0.0,,0.0,0.5000554323725056,0.5000554323725056,0.49192535107169255,0.5000554323725056,0.5000554323725056
trimwise_hybrid,True,adversarial,middle,128,9,1.0,0,1.0,0.2697242697242697,1.0,0.6666666666666666,0.6666666666666666,1.0,1.0,1.0,1.0,1.0,0.6666666666666666,1.0,1.0,1.0,0.6666666666666666,1.0,1.0,0.6666666666666666,,,0.3333333333333333,0.0,13.777777777777779,1610.0,7.957671957671958,43.366577,46.707785200000004,126.0,0,0.0,0.0,0.0,,0.0,0.5121581670362159,0.5121581670362159,0.5040280857354028,0.5121581670362159,0.5121581670362159
recomp_extractive,True,adversarial,middle,128,9,1.0,0,0.75,0.21435272045028142,0.6666666666666666,0.6666666666666666,0.6666666666666666,0.6666666666666666,0.6666666666666666,0.6666666666666666,0.6666666666666666,0.6666666666666666,0.6666666666666666,0.7222222222222222,0.6666666666666666,0.6666666666666666,0.6666666666666666,0.6666666666666666,0.6666666666666666,0.6666666666666666,,,0.3333333333333333,0.0,13.669291338582678,1609.0,5.910719493396659,121.609039,124.3070364,127.0,0,936.10400390625,1016.0,0.0,,0.0,0.319176926518069,0.319176926518069,0.29478668261563,0.29885172326603654,0.29885172326603654
embedding_mmr_source_order,True,adversarial,middle,128,9,1.0,0,0.75,0.18783852835973427,0.6666666666666666,0.6666666666666666,0.6666666666666666,0.6666666666666666,0.6666666666666666,0.6666666666666666,0.6666666666666666,0.6666666666666666,0.6666666666666666,0.6944444444444444,0.6666666666666666,0.6666666666666666,0.6666666666666666,0.6666666666666666,0.6666666666666666,0.6666666666666666,,,0.0,0.0,13.5625,1608.0,5.859375,12.112967,14.007104799999999,128.0,0,0.0,0.0,0.0,43.0,0.0,0.41471389115805035,0.41471389115805035,0.3195841599564321,0.40307309293188626,0.35044151398451784
embedding_topk_source_order,True,adversarial,middle,128,9,1.0,0,0.75,0.18783852835973427,0.6666666666666666,0.6666666666666666,0.6666666666666666,0.6666666666666666,0.6666666666666666,0.6666666666666666,0.6666666666666666,0.6666666666666666,0.6666666666666666,0.6944444444444444,0.6666666666666666,0.6666666666666666,0.6666666666666666,0.6666666666666666,0.6666666666666666,0.6666666666666666,,,0.0,0.0,13.5625,1608.0,5.859375,12.232593,16.8187358,128.0,0,0.0,0.0,0.0,38.0,0.0,0.41471389115805035,0.41471389115805035,0.3195841599564321,0.40307309293188626,0.35044151398451784
bm25_128_32_source_order,True,adversarial,middle,128,9,1.0,0,0.6944444444444444,0.17574705995758627,0.6666666666666666,0.6666666666666666,0.6666666666666666,0.6666666666666666,0.6666666666666666,0.6666666666666666,0.6666666666666666,0.6666666666666666,0.6666666666666666,0.6944444444444444,0.6666666666666666,0.6666666666666666,0.6666666666666666,0.6666666666666666,0.6666666666666666,0.6666666666666666,,,0.3333333333333333,0.0,13.5625,1608.0,5.425347222222222,1.354064,4.3166714,128.0,0,0.0,0.0,0.0,36.0,0.0,0.5392276422764227,0.5392276422764227,0.42703057532967675,0.5275868440502587,0.45741140545376746
llmlingua,True,adversarial,middle,128,9,1.0,0,0.16666666666666666,0.031891136143824314,0.0,0.0,0.0,0.0,0.0,0.0,0.0,0.0,0.0,0.16666666666666666,0.0,0.0,0.0,0.0,0.0,0.0,,,0.0,1.0,10.650306748466258,1573.0,1.0262349337759091,152.201332,4540.109196999998,163.0,1,1193.203125,1378.0,0.0,,0.0,0.0,0.0,0.0,0.0,0.0
longllmlingua,True,adversarial,middle,128,9,1.0,0,0.15740740740740738,0.0292940428187613,0.0,0.0,0.0,0.0,0.0,0.0,0.0,0.0,0.0,0.1388888888888889,0.0,0.0,0.0,0.0,0.0,0.0,,,0.0,1.0,9.486338797814208,1553.0,0.8823997431696913,299.732971,300.298074,183.0,0,1193.20703125,1404.0,0.0,,0.0,0.0,0.0,0.0,0.0,0.0
trimwise_lexical,True,adversarial,middle,256,9,1.0,0,1.0,0.16162687886825816,1.0,0.6666666666666666,0.6666666666666666,1.0,1.0,1.0,1.0,1.0,0.6666666666666666,1.0,1.0,1.0,0.6666666666666666,1.0,1.0,0.6666666666666666,,,0.3333333333333333,0.0,8.150234741784038,1523.0,4.518779342723005,6.277527,8.951832599999998,213.0,0,686.13623046875,790.0,0.0,51.0,0.0,0.6009885439763488,0.6009885439763488,0.5928584626755359,0.6009885439763488,0.6009885439763488
trimwise_hybrid,True,adversarial,middle,256,9,1.0,0,1.0,0.16096969696969696,1.0,0.6666666666666666,0.6666666666666666,1.0,1.0,1.0,1.0,1.0,0.6666666666666666,1.0,1.0,1.0,0.6666666666666666,1.0,1.0,0.6666666666666666,,,0.3333333333333333,0.0,7.7155555555555555,1511.0,4.492014950730547,43.155273,43.8168618,225.0,0,686.13623046875,790.0,0.0,45.0,0.0,0.6120750184774575,0.6120750184774575,0.6039449371766445,0.6120750184774575,0.6120750184774575
bm25_128_32_source_order,True,adversarial,middle,256,9,1.0,0,1.0,0.13490941796222536,1.0,0.6666666666666666,0.6666666666666666,1.0,1.0,1.0,1.0,1.0,0.6666666666666666,1.0,1.0,1.0,0.6666666666666666,1.0,1.0,0.6666666666666666,,,0.3333333333333333,0.0,6.807843137254902,1481.0,3.916462418300654,1.571351,3.5683803999999997,255.0,0,0.0,0.0,0.0,36.0,0.0,0.6116361788617887,0.6116361788617887,0.4953740712646361,0.595930339985218,0.5257549013887268
embedding_mmr_source_order,True,adversarial,middle,256,9,1.0,0,1.0,0.12996474735605168,1.0,1.0,1.0,1.0,1.0,1.0,1.0,1.0,1.0,1.0,1.0,1.0,1.0,1.0,1.0,1.0,,,0.0,0.0,6.78125,1480.0,3.90625,12.671243,16.625453599999997,256.0,0,0.0,0.0,0.0,43.0,0.0,0.521346812152332,0.521346812152332,0.4046081806511845,0.5056409732757614,0.43546553467927024
recomp_extractive,True,adversarial,middle,256,9,1.0,0,0.7777777777777778,0.1142753885327126,0.6666666666666666,0.6666666666666666,0.6666666666666666,0.6666666666666666,0.6666666666666666,0.6666666666666666,0.6666666666666666,0.6666666666666666,0.6666666666666666,0.7222222222222222,0.6666666666666666,0.6666666666666666,0.6666666666666666,0.6666666666666666,0.6666666666666666,0.6666666666666666,,,0.3333333333333333,0.0,6.807843137254902,1481.0,3.0524187240406335,120.014256,125.881253,255.0,0,448.01025390625,496.0,0.0,60.0,0.0,0.3650703115882834,0.3650703115882834,0.32848494573462483,0.34068006768584436,0.33661502703543783
embedding_topk_source_order,True,adversarial,middle,256,9,1.0,0,0.8333333333333334,0.10787686081803728,0.6666666666666666,0.6666666666666666,0.6666666666666666,0.6666666666666666,0.6666666666666666,0.6666666666666666,0.6666666666666666,0.6666666666666666,0.6666666666666666,0.75,0.6666666666666666,0.6666666666666666,0.6666666666666666,0.6666666666666666,0.6666666666666666,0.6666666666666666,,,0.0,0.0,6.78125,1480.0,3.2552083333333335,12.130917,16.66278,256.0,0,0.0,0.0,0.0,38.0,0.0,0.5088468121523321,0.5088468121523321,0.3921081806511845,0.49314097327576145,0.4229655346792702
longllmlingua,True,adversarial,middle,256,9,1.0,0,0.2962962962962963,0.0319897859086782,0.0,0.0,0.0,0.0,0.0,0.0,0.0,0.0,0.0,0.19444444444444445,0.0,0.0,0.0,0.0,0.0,0.0,,,0.0,1.0,5.546325878594249,1423.0,0.9506791228770246,318.516991,331.7274622,313.0,0,1193.20703125,1380.0,0.0,68.0,0.0,0.0,0.0,0.0,0.0,0.0
llmlingua,True,adversarial,middle,256,9,1.0,0,0.18518518518518517,0.02422762543705256,0.0,0.0,0.0,0.0,0.0,0.0,0.0,0.0,0.0,0.08333333333333333,0.0,0.0,0.0,0.0,0.0,0.0,,,0.0,0.0,7.056910569105691,1490.0,0.7434142169735002,157.492321,158.0976048,246.0,0,1870.71435546875,2088.0,0.0,63.0,0.0,0.0,0.0,0.0,0.0,0.0
trimwise_lexical,True,adversarial,middle,512,9,1.0,0,1.0,0.16162687886825816,1.0,0.6666666666666666,0.6666666666666666,1.0,1.0,1.0,1.0,1.0,0.6666666666666666,1.0,1.0,1.0,0.6666666666666666,1.0,1.0,0.6666666666666666,,,0.3333333333333333,0.0,8.150234741784038,1523.0,4.518779342723005,5.705945,5.9850212,213.0,0,0.0,0.0,0.0,,0.0,0.6091186252771619,0.6091186252771619,0.6050535846267554,0.6091186252771619,0.6091186252771619
trimwise_hybrid,True,adversarial,middle,512,9,1.0,0,1.0,0.16096969696969696,1.0,0.6666666666666666,0.6666666666666666,1.0,1.0,1.0,1.0,1.0,0.6666666666666666,1.0,1.0,1.0,0.6666666666666666,1.0,1.0,0.6666666666666666,,,0.3333333333333333,0.0,7.7155555555555555,1511.0,4.492014950730547,44.117442,45.5187172,225.0,0,0.0,0.0,0.0,,0.0,0.6318458980044346,0.6318458980044346,0.6318458980044346,0.6318458980044346,0.6318458980044346
embedding_mmr_source_order,True,adversarial,middle,512,9,1.0,0,1.0,0.06832623648869963,1.0,0.6666666666666666,0.6666666666666666,1.0,1.0,1.0,1.0,1.0,0.6666666666666666,1.0,1.0,1.0,0.6666666666666666,1.0,1.0,0.6666666666666666,,,0.3333333333333333,0.0,3.390625,1224.0,1.960844861660079,12.379358,13.9862474,512.0,0,0.0,0.0,0.0,43.0,0.0,0.5505134788189987,0.5505134788189987,0.4309339382269421,0.5272318823666705,0.44663977710351266
bm25_128_32_source_order,True,adversarial,middle,512,9,1.0,0,1.0,0.06722742930385324,1.0,0.6666666666666666,0.6666666666666666,1.0,1.0,1.0,1.0,1.0,0.6666666666666666,1.0,1.0,1.0,0.6666666666666666,1.0,1.0,0.6666666666666666,,,0.3333333333333333,0.0,3.390625,1224.0,1.960844861660079,1.653443,2.2452882,512.0,0,0.0,0.0,0.0,36.0,0.0,0.6642045454545454,0.6642045454545454,0.5451015287664839,0.6642045454545454,0.5795473995409811
embedding_topk_source_order,True,adversarial,middle,512,9,1.0,0,1.0,0.06710170101560176,1.0,1.0,1.0,1.0,1.0,1.0,1.0,1.0,1.0,1.0,1.0,1.0,1.0,1.0,1.0,1.0,,,0.0,0.0,3.390625,1224.0,1.953125,12.176178,15.139429199999999,512.0,0,0.0,0.0,0.0,38.0,0.0,0.5566618528027386,0.5566618528027386,0.4510096958026997,0.5333802563504104,0.46320481775391914
recomp_extractive,True,adversarial,middle,512,9,1.0,0,0.7777777777777778,0.0584466543737712,0.6666666666666666,0.2222222222222222,0.2222222222222222,0.6666666666666666,0.6666666666666666,0.6666666666666666,0.6666666666666666,0.6666666666666666,0.2222222222222222,0.7222222222222222,0.6666666666666666,0.6666666666666666,0.2222222222222222,0.6666666666666666,0.6666666666666666,0.2222222222222222,,,0.7777777777777778,0.0,3.3972602739726026,1225.0,1.5207976265087464,128.436225,130.135006,511.0,0,936.10400390625,1016.0,0.0,,0.0,0.41024153602780045,0.41024153602780045,0.34113584497088995,0.35739600757251594,0.3533309669221094
llmlingua,True,adversarial,middle,512,9,1.0,0,0.3611111111111111,0.025408789016840624,0.0,0.0,0.0,0.0,0.0,0.0,0.0,0.0,0.0,0.16666666666666666,0.0,0.0,0.0,0.0,0.0,0.0,,,0.0,0.0,3.6936170212765957,1266.0,0.76692602145333,170.912236,176.99902459999998,470.0,0,1193.203125,1334.0,0.0,,0.0,0.015151515151515152,0.015151515151515152,0.0,0.0,0.0
longllmlingua,True,adversarial,middle,512,9,1.0,0,0.2962962962962963,0.018356982940154268,0.0,0.0,0.0,0.0,0.0,0.0,0.0,0.0,0.0,0.17592592592592593,0.0,0.0,0.0,0.0,0.0,0.0,,,0.0,1.0,3.056338028169014,1168.0,0.5229282776673775,343.095459,348.20562160000003,568.0,0,1193.20703125,1334.0,0.0,,0.0,0.030303030303030304,0.030303030303030304,0.015151515151515152,0.007575757575757576,0.007575757575757576
trimwise_lexical,True,adversarial,middle,1024,9,1.0,0,1.0,0.16162687886825816,1.0,0.6666666666666666,0.6666666666666666,1.0,1.0,1.0,1.0,1.0,0.6666666666666666,1.0,1.0,1.0,0.6666666666666666,1.0,1.0,0.6666666666666666,,,0.3333333333333333,0.0,8.150234741784038,1523.0,4.518779342723005,6.2679,8.003242799999999,213.0,0,686.13623046875,790.0,0.0,51.0,0.0,0.6329545454545454,0.6329545454545454,0.6329545454545454,0.6329545454545454,0.6329545454545454
trimwise_hybrid,True,adversarial,middle,1024,9,1.0,0,1.0,0.16096969696969696,1.0,0.6666666666666666,0.6666666666666666,1.0,1.0,1.0,1.0,1.0,0.6666666666666666,1.0,1.0,1.0,0.6666666666666666,1.0,1.0,0.6666666666666666,,,0.3333333333333333,0.0,7.7155555555555555,1511.0,4.492014950730547,43.007405,43.6442634,225.0,0,686.13623046875,790.0,0.0,45.0,0.0,0.6481060606060606,0.6481060606060606,0.6481060606060606,0.6481060606060606,0.6481060606060606
embedding_topk_source_order,True,adversarial,middle,1024,9,1.0,0,1.0,0.034408066207698616,1.0,0.0,0.0,1.0,1.0,1.0,1.0,1.0,0.0,1.0,1.0,1.0,0.0,1.0,1.0,0.0,,,1.0,0.0,1.6953125,712.0,0.9765625,12.799908,14.9668288,1024.0,0,0.0,0.0,0.0,38.0,0.0,0.5472560975609756,0.5472560975609756,0.43450470688917414,0.5431910569105691,0.4689505776636714
embedding_mmr_source_order,True,adversarial,middle,1024,9,1.0,0,1.0,0.034314791058166816,1.0,0.0,0.0,1.0,1.0,1.0,1.0,1.0,0.0,1.0,1.0,1.0,0.0,1.0,1.0,0.0,,,1.0,0.0,1.6953125,712.0,0.9767746347887477,13.269941,15.776971799999998,1024.0,0,0.0,0.0,0.0,43.0,0.0,0.5929878048780488,0.5929878048780488,0.4761713735558408,0.5848577235772358,0.5106172443303381
bm25_128_32_source_order,True,adversarial,middle,1024,9,1.0,0,1.0,0.03393122266361703,1.0,0.0,0.0,1.0,1.0,1.0,1.0,1.0,0.0,1.0,1.0,1.0,0.0,1.0,1.0,0.0,,,1.0,0.0,1.6953125,712.0,0.9765625,1.910172,2.3032863999999997,1024.0,0,0.0,0.0,0.0,36.0,0.0,0.6079545454545454,0.6079545454545454,0.49926819543315054,0.6079545454545454,0.5337140662076477
recomp_extractive,True,adversarial,middle,1024,9,1.0,0,0.7777777777777778,0.027346077678427786,0.6666666666666666,0.0,0.0,0.6666666666666666,0.6666666666666666,0.6666666666666666,0.6666666666666666,0.6666666666666666,0.0,0.7222222222222222,0.6666666666666666,0.6666666666666666,0.0,0.6666666666666666,0.6666666666666666,0.0,,,1.0,0.0,1.6953125,712.0,0.7596901034930384,130.752751,139.242956,1024.0,0,448.01025390625,496.0,0.0,61.0,0.0,0.4618136597035827,0.4618136597035827,0.34448180456684946,0.3607419671684755,0.356676926518069
llmlingua,True,adversarial,middle,1024,9,1.0,0,0.5,0.02501721325401742,0.0,0.0,0.0,0.0,0.0,0.0,0.0,0.0,0.0,0.4166666666666667,0.0,0.0,0.0,0.0,0.0,0.0,,,0.0,0.0,2.3146666666666667,986.0,0.6685382428439448,187.840763,192.1732064,750.0,0,1870.71435546875,2042.0,0.0,63.0,0.0,0.29327615046485395,0.29327615046485395,0.09580561714708057,0.14696021511650523,0.09580561714708057
longllmlingua,True,adversarial,middle,1024,9,1.0,0,0.3796296296296296,0.014568278566934609,0.0,0.0,0.0,0.0,0.0,0.0,0.0,0.0,0.0,0.19444444444444445,0.0,0.0,0.0,0.0,0.0,0.0,,,0.0,0.0,1.935340022296544,839.0,0.4213197189180511,394.612627,403.0148626,897.0,0,1193.20703125,1334.0,0.0,68.0,0.0,0.10446570972886764,0.10446570972886764,0.015151515151515152,0.05143540669856459,0.007575757575757576
llmlingua_queryless,False,adversarial,middle,128,9,1.0,0,0.16666666666666666,0.031891136143824314,0.0,0.0,0.0,0.0,0.0,0.0,0.0,0.0,0.0,0.16666666666666666,0.0,0.0,0.0,0.0,0.0,0.0,,,0.0,1.0,10.650306748466258,1573.0,1.0262349337759091,150.008411,153.4902326,163.0,0,1193.203125,1378.0,0.0,54.0,0.0,0.0,0.0,0.0,0.0,0.0
trimwise_structural,False,adversarial,middle,128,9,1.0,0,0.08333333333333333,0.022222222222222223,0.0,0.0,0.0,0.0,0.0,0.0,0.0,0.0,0.0,0.08333333333333333,0.0,0.0,0.0,0.0,0.0,0.0,,,0.0,0.0,13.888,1611.0,0.6666666666666666,11.841551,11.9637926,125.0,0,0.0,0.0,0.0,,0.0,0.015151515151515152,0.015151515151515152,0.015151515151515152,0.015151515151515152,0.015151515151515152
naive_first_n,False,adversarial,middle,128,9,1.0,0,0.08333333333333333,0.021978021978021976,0.0,0.0,0.0,0.0,0.0,0.0,0.0,0.0,0.0,0.08333333333333333,0.0,0.0,0.0,0.0,0.0,0.0,,,1.0,0.0,13.5625,1608.0,0.6510416666666666,0.47827,0.5081910000000001,128.0,0,0.0,0.0,0.0,,0.0,0.2357577702571284,0.2357577702571284,0.20944198078344423,0.2357577702571284,0.2357577702571284
head_tail,False,adversarial,middle,128,9,1.0,0,0.08333333333333333,0.021052631578947368,0.0,0.0,0.0,0.0,0.0,0.0,0.0,0.0,0.0,0.08333333333333333,0.0,0.0,0.0,0.0,0.0,0.0,,,0.0,0.0,13.5625,1608.0,0.6510416666666666,0.693251,0.7296444,128.0,0,0.0,0.0,0.0,,0.0,0.11363636363636363,0.11363636363636363,0.10606060606060606,0.10606060606060606,0.10606060606060606
llmlingua2,False,adversarial,middle,128,9,1.0,0,0.0,0.0,0.0,0.0,0.0,0.0,0.0,0.0,0.0,0.0,0.0,0.0,0.0,0.0,0.0,0.0,0.0,0.0,,,0.0,1.0,5.493670886075949,1420.0,0.0,84.535039,84.7435028,316.0,0,774.033203125,850.0,0.0,59.0,0.0,0.0,0.0,0.0,0.0,0.0
head_tail,False,adversarial,middle,256,9,1.0,0,0.25,0.03508771929824561,0.0,0.0,0.0,0.0,0.0,0.0,0.0,0.0,0.0,0.16666666666666666,0.0,0.0,0.0,0.0,0.0,0.0,,,1.0,0.0,6.78125,1480.0,0.9765625,0.841566,0.9264546,256.0,0,0.0,0.0,0.0,,0.0,0.27553049752985564,0.27553049752985564,0.24921470805617144,0.27553049752985564,0.24921470805617144
llmlingua_queryless,False,adversarial,middle,256,9,1.0,0,0.18518518518518517,0.02422762543705256,0.0,0.0,0.0,0.0,0.0,0.0,0.0,0.0,0.0,0.08333333333333333,0.0,0.0,0.0,0.0,0.0,0.0,,,0.0,0.0,7.056910569105691,1490.0,0.7434142169735002,153.503607,154.9125628,246.0,0,1193.203125,1380.0,0.0,55.0,0.0,0.0,0.0,0.0,0.0,0.0
trimwise_structural,False,adversarial,middle,256,9,1.0,0,0.16666666666666666,0.024096385542168676,0.0,0.0,0.0,0.0,0.0,0.0,0.0,0.0,0.0,0.08333333333333333,0.0,0.0,0.0,0.0,0.0,0.0,,,0.0,0.0,6.861660079051384,1483.0,0.6587615283267457,24.414011,25.8209164,253.0,0,0.0,0.0,0.0,,0.0,0.03436807095343681,0.03436807095343681,0.03436807095343681,0.03436807095343681,0.03436807095343681
naive_first_n,False,adversarial,middle,256,9,1.0,0,0.08333333333333333,0.01092896174863388,0.0,0.0,0.0,0.0,0.0,0.0,0.0,0.0,0.0,0.08333333333333333,0.0,0.0,0.0,0.0,0.0,0.0,,,1.0,0.0,6.78125,1480.0,0.3255208333333333,0.579736,0.6424028,256.0,0,0.0,0.0,0.0,,0.0,0.2741908818609717,0.2741908818609717,0.2701258412105652,0.2701258412105652,0.2701258412105652
llmlingua2,False,adversarial,middle,256,9,1.0,0,0.0,0.0,0.0,0.0,0.0,0.0,0.0,0.0,0.0,0.0,0.0,0.0,0.0,0.0,0.0,0.0,0.0,0.0,,,0.0,1.0,5.40809968847352,1415.0,0.0,84.648209,85.5580626,321.0,0,774.033203125,850.0,0.0,59.0,0.0,0.0,0.0,0.0,0.0,0.0
llmlingua_queryless,False,adversarial,middle,512,9,1.0,0,0.3611111111111111,0.025408789016840624,0.0,0.0,0.0,0.0,0.0,0.0,0.0,0.0,0.0,0.16666666666666666,0.0,0.0,0.0,0.0,0.0,0.0,,,0.0,0.0,3.6936170212765957,1266.0,0.76692602145333,168.944436,171.7268862,470.0,0,1193.203125,1334.0,0.0,56.0,0.0,0.015151515151515152,0.015151515151515152,0.0,0.0,0.0
naive_first_n,False,adversarial,middle,512,9,1.0,0,0.3333333333333333,0.021739130434782608,0.0,0.0,0.0,0.0,0.0,0.0,0.0,0.0,0.0,0.16666666666666666,0.0,0.0,0.0,0.0,0.0,0.0,,,1.0,0.0,3.390625,1224.0,0.6510416666666666,0.896362,0.9273551999999999,512.0,0,0.0,0.0,0.0,,0.0,0.2898967207375423,0.2898967207375423,0.2898967207375423,0.2898967207375423,0.2898967207375423
head_tail,False,adversarial,middle,512,9,1.0,0,0.25,0.016949152542372878,0.0,0.0,0.0,0.0,0.0,0.0,0.0,0.0,0.0,0.16666666666666666,0.0,0.0,0.0,0.0,0.0,0.0,,,1.0,0.0,3.390625,1224.0,0.48828125,1.134844,1.2087606,512.0,0,0.0,0.0,0.0,,0.0,0.39688849340646515,0.39688849340646515,0.3846933714552456,0.38875841210565215,0.3846933714552456
trimwise_structural,False,adversarial,middle,512,9,1.0,0,0.16666666666666666,0.012422360248447206,0.0,0.0,0.0,0.0,0.0,0.0,0.0,0.0,0.0,0.08333333333333333,0.0,0.0,0.0,0.0,0.0,0.0,,,0.0,0.0,3.390625,1224.0,0.3255208333333333,82.140654,83.30771440000001,512.0,0,0.0,0.0,0.0,,0.0,0.06929046563192905,0.06929046563192905,0.04249815225424982,0.04249815225424982,0.04249815225424982
llmlingua2,False,adversarial,middle,512,9,1.0,0,0.16666666666666666,0.011760895097866769,0.0,0.0,0.0,0.0,0.0,0.0,0.0,0.0,0.0,0.16666666666666666,0.0,0.0,0.0,0.0,0.0,0.0,,,0.0,1.0,3.116696588868941,1179.0,0.2992224513901016,84.213844,85.3724662,557.0,0,774.033203125,850.0,0.0,59.0,0.0,0.0,0.0,0.0,0.0,0.0
naive_first_n,False,adversarial,middle,1024,9,1.0,0,1.0,0.033426183844011144,1.0,0.0,0.0,1.0,1.0,1.0,1.0,1.0,0.0,1.0,1.0,1.0,0.0,1.0,1.0,0.0,,,1.0,0.0,1.6953125,712.0,0.9765625,1.497615,1.6758823999999999,1024.0,0,0.0,0.0,0.0,,0.0,0.5197635857937527,0.5197635857937527,0.5197635857937527,0.5197635857937527,0.5197635857937527
llmlingua_queryless,False,adversarial,middle,1024,9,1.0,0,0.5,0.02501721325401742,0.0,0.0,0.0,0.0,0.0,0.0,0.0,0.0,0.0,0.4166666666666667,0.0,0.0,0.0,0.0,0.0,0.0,,,0.0,0.0,2.3146666666666667,986.0,0.6685382428439448,185.063869,186.6302134,750.0,0,1193.203125,1334.0,0.0,56.0,0.0,0.29327615046485395,0.29327615046485395,0.09580561714708057,0.14696021511650523,0.09580561714708057
trimwise_structural,False,adversarial,middle,1024,9,1.0,0,0.4166666666666667,0.01455604075691412,0.0,0.0,0.0,0.0,0.0,0.0,0.0,0.0,0.0,0.16666666666666666,0.0,0.0,0.0,0.0,0.0,0.0,,,0.0,0.0,1.6986301369863013,714.0,0.4076973255055447,178.613891,181.480842,1022.0,0,0.0,0.0,0.0,,0.0,0.15467941611234293,0.15467941611234293,0.10460550628233556,0.10867054693274204,0.10867054693274204
head_tail,False,adversarial,middle,1024,9,1.0,0,0.3333333333333333,0.011034482758620689,0.0,0.0,0.0,0.0,0.0,0.0,0.0,0.0,0.0,0.16666666666666666,0.0,0.0,0.0,0.0,0.0,0.0,,,1.0,0.0,1.696969696969697,713.0,0.3258390355164549,1.764493,1.814005,1023.0,0,0.0,0.0,0.0,,0.0,0.42072441358384877,0.42072441358384877,0.4166593729334423,0.4166593729334423,0.4166593729334423
llmlingua2,False,adversarial,middle,1024,9,1.0,0,0.3333333333333333,0.010126582278481013,0.0,0.0,0.0,0.0,0.0,0.0,0.0,0.0,0.0,0.25,0.0,0.0,0.0,0.0,0.0,0.0,,,0.0,1.0,1.6470588235294117,682.0,0.31632233961221484,85.106841,87.5337574,1054.0,0,774.033203125,850.0,0.0,59.0,0.0,0.02032520325203252,0.02032520325203252,0.0,0.012195121951219511,0.0
trimwise_hybrid,True,adversarial,multiple,128,6,1.0,0,1.0,0.6666666666666666,1.0,0.0,0.0,1.0,1.0,1.0,1.0,1.0,0.0,1.0,1.0,1.0,0.0,1.0,1.0,0.0,,,1.0,0.0,13.5625,1608.0,7.8125,41.748056500000004,42.7860115,128.0,0,0.0,0.0,0.0,,0.0,0.5121581670362159,0.5121581670362159,0.5040280857354028,0.5121581670362159,0.5121581670362159
trimwise_lexical,True,adversarial,multiple,128,6,1.0,0,1.0,0.6666666666666666,1.0,0.0,0.0,1.0,1.0,1.0,1.0,1.0,0.0,1.0,1.0,1.0,0.0,1.0,1.0,0.0,,,1.0,0.0,13.669291338582678,1609.0,7.874015748031496,5.582944,5.602031,127.0,0,0.0,0.0,0.0,,0.0,0.5000554323725056,0.5000554323725056,0.49192535107169255,0.5000554323725056,0.5000554323725056
bm25_128_32_source_order,True,adversarial,multiple,128,6,1.0,0,0.4375,0.24347826086956523,0.0,0.0,0.0,0.3333333333333333,0.3333333333333333,0.0,0.3333333333333333,0.0,0.0,0.4259259259259259,0.3333333333333333,0.0,0.0,0.3333333333333333,0.0,0.0,,,1.0,0.0,13.5625,1608.0,3.41796875,1.4810145000000001,3.1365297500000002,128.0,0,0.0,0.0,0.0,34.0,0.0,0.5392276422764227,0.5392276422764227,0.42703057532967675,0.5275868440502587,0.45741140545376746
recomp_extractive,True,adversarial,multiple,128,6,1.0,0,0.34375,0.205607476635514,0.0,0.0,0.0,0.3333333333333333,0.3333333333333333,0.0,0.3333333333333333,0.0,0.0,0.4259259259259259,0.3333333333333333,0.0,0.0,0.3333333333333333,0.0,0.0,,,1.0,0.0,13.5625,1608.0,2.685546875,116.968279,120.02240125,128.0,0,448.01611328125,496.0,0.0,,0.0,0.319176926518069,0.319176926518069,0.29478668261563,0.29885172326603654,0.29885172326603654
longllmlingua,True,adversarial,multiple,128,6,1.0,0,0.3125,0.12396005975329712,0.0,0.0,0.0,0.0,0.0,0.0,0.0,0.0,0.0,0.20145903479236812,0.0,0.0,0.0,0.0,0.0,0.0,,,0.0,1.0,8.775735294117647,1538.0,1.5887293269808744,304.231467,329.24122825,198.0,0,1193.20703125,1403.0,0.0,,0.0,0.0,0.0,0.0,0.0,0.0
llmlingua,True,adversarial,multiple,128,6,1.0,0,0.25,0.11010150443310575,0.0,0.0,0.0,0.0,0.0,0.0,0.0,0.0,0.0,0.20538720538720537,0.0,0.0,0.0,0.0,0.0,0.0,,,0.0,1.0,10.650306748466258,1573.0,1.5403463557126216,152.51224050000002,155.68554475,163.0,0,1193.203125,1378.0,0.0,,0.0,0.0,0.0,0.0,0.0,0.0
embedding_mmr_source_order,True,adversarial,multiple,128,6,1.0,0,0.125,0.06666666666666667,0.0,0.0,0.0,0.0,0.0,0.0,0.0,0.0,0.0,0.09511784511784512,0.0,0.0,0.0,0.0,0.0,0.0,,,0.0,0.0,13.5625,1608.0,0.9765625,11.6289555,14.97014375,128.0,0,0.0,0.0,0.0,43.0,0.0,0.41471389115805035,0.41471389115805035,0.3195841599564321,0.40307309293188626,0.35044151398451784
embedding_topk_source_order,True,adversarial,multiple,128,6,1.0,0,0.125,0.06666666666666667,0.0,0.0,0.0,0.0,0.0,0.0,0.0,0.0,0.0,0.09511784511784512,0.0,0.0,0.0,0.0,0.0,0.0,,,0.0,0.0,13.5625,1608.0,0.9765625,12.16791,16.058768999999998,128.0,0,0.0,0.0,0.0,41.0,0.0,0.41471389115805035,0.41471389115805035,0.3195841599564321,0.40307309293188626,0.35044151398451784
trimwise_lexical,True,adversarial,multiple,256,6,1.0,0,1.0,0.4413793103448276,1.0,0.0,0.0,1.0,1.0,1.0,1.0,1.0,0.0,1.0,1.0,1.0,0.0,1.0,1.0,0.0,,,1.0,0.0,8.68,1536.0,5.0,6.248084,7.51734475,200.0,0,686.13623046875,790.0,0.0,44.0,0.0,0.6009885439763488,0.6009885439763488,0.5928584626755359,0.6009885439763488,0.6009885439763488
trimwise_hybrid,True,adversarial,multiple,256,6,1.0,0,1.0,0.4324324324324324,1.0,0.0,0.0,1.0,1.0,1.0,1.0,1.0,0.0,1.0,1.0,1.0,0.0,1.0,1.0,0.0,,,1.0,0.0,8.074418604651163,1521.0,4.651162790697675,43.178643,44.269569000000004,215.0,0,686.13623046875,790.0,0.0,47.0,0.0,0.6120750184774575,0.6120750184774575,0.6039449371766445,0.6120750184774575,0.6120750184774575
bm25_128_32_source_order,True,adversarial,multiple,256,6,1.0,0,0.78125,0.2617801047120419,0.0,0.0,0.0,0.6666666666666666,0.6666666666666666,0.0,0.6666666666666666,0.0,0.0,0.7037037037037037,0.6666666666666666,0.0,0.0,0.6666666666666666,0.0,0.0,,,1.0,0.0,6.807843137254902,1481.0,3.0637254901960786,1.4977715,2.48741475,255.0,0,0.0,0.0,0.0,34.0,0.0,0.6116361788617887,0.6116361788617887,0.4953740712646361,0.595930339985218,0.5257549013887268
recomp_extractive,True,adversarial,multiple,256,6,1.0,0,0.3489583333333333,0.122040072859745,0.0,0.0,0.0,0.3333333333333333,0.3333333333333333,0.0,0.3333333333333333,0.0,0.0,0.4259259259259259,0.3333333333333333,0.0,0.0,0.3333333333333333,0.0,0.0,,,1.0,0.0,6.834645669291339,1482.0,1.3719293389107612,121.287726,124.93274475000001,254.0,0,448.01611328125,496.0,0.0,65.0,0.0,0.3650703115882834,0.3650703115882834,0.32848494573462483,0.34068006768584436,0.33661502703543783
longllmlingua,True,adversarial,multiple,256,6,1.0,0,0.3697916666666667,0.10550390030684437,0.0,0.0,0.0,0.0,0.0,0.0,0.0,0.0,0.0,0.2801627384960718,0.0,0.0,0.0,0.0,0.0,0.0,,,0.0,1.0,5.825503355704698,1438.0,1.2279572664837828,320.677166,331.4992385,298.0,0,1193.20703125,1380.0,0.0,69.0,0.0,0.0,0.0,0.0,0.0,0.0
llmlingua,True,adversarial,multiple,256,6,1.0,0,0.296875,0.09331721772541013,0.0,0.0,0.0,0.0,0.0,0.0,0.0,0.0,0.0,0.2196969696969697,0.0,0.0,0.0,0.0,0.0,0.0,,,0.0,0.0,7.014399059653247,1488.5,1.1932274162064358,156.5636505,157.78942925,247.5,0,1870.71435546875,2088.0,0.0,66.0,0.0,0.0,0.0,0.0,0.0,0.0
embedding_mmr_source_order,True,adversarial,multiple,256,6,1.0,0,0.25,0.07655502392344497,0.0,0.0,0.0,0.0,0.0,0.0,0.0,0.0,0.0,0.1531986531986532,0.0,0.0,0.0,0.0,0.0,0.0,,,0.0,0.0,6.78125,1480.0,0.9765625,11.823573,17.89978325,256.0,0,0.0,0.0,0.0,43.0,0.0,0.521346812152332,0.521346812152332,0.4046081806511845,0.5056409732757614,0.43546553467927024
embedding_topk_source_order,True,adversarial,multiple,256,6,1.0,0,0.25,0.07655502392344497,0.0,0.0,0.0,0.0,0.0,0.0,0.0,0.0,0.0,0.1531986531986532,0.0,0.0,0.0,0.0,0.0,0.0,,,0.0,0.0,6.78125,1480.0,0.9765625,12.11899,14.274398,256.0,0,0.0,0.0,0.0,41.0,0.0,0.5088468121523321,0.5088468121523321,0.3921081806511845,0.49314097327576145,0.4229655346792702
trimwise_lexical,True,adversarial,multiple,512,6,1.0,0,1.0,0.4413793103448276,1.0,0.0,0.0,1.0,1.0,1.0,1.0,1.0,0.0,1.0,1.0,1.0,0.0,1.0,1.0,0.0,,,1.0,0.0,8.68,1536.0,5.0,5.8110475,6.1768395,200.0,0,0.0,0.0,0.0,,0.0,0.6091186252771619,0.6091186252771619,0.6050535846267554,0.6091186252771619,0.6091186252771619
trimwise_hybrid,True,adversarial,multiple,512,6,1.0,0,1.0,0.4324324324324324,1.0,0.0,0.0,1.0,1.0,1.0,1.0,1.0,0.0,1.0,1.0,1.0,0.0,1.0,1.0,0.0,,,1.0,0.0,8.074418604651163,1521.0,4.651162790697675,42.2377365,42.4082515,215.0,0,0.0,0.0,0.0,,0.0,0.6318458980044346,0.6318458980044346,0.6318458980044346,0.6318458980044346,0.6318458980044346
bm25_128_32_source_order,True,adversarial,multiple,512,6,1.0,0,1.0,0.1818181818181818,1.0,0.0,0.0,1.0,1.0,1.0,1.0,1.0,0.0,1.0,1.0,1.0,0.0,1.0,1.0,0.0,,,1.0,0.0,3.430830039525692,1230.0,1.976284584980237,1.4812205,3.13069425,506.0,0,0.0,0.0,0.0,34.0,0.0,0.6642045454545454,0.6642045454545454,0.5451015287664839,0.6642045454545454,0.5795473995409811
embedding_mmr_source_order,True,adversarial,multiple,512,6,1.0,0,0.53125,0.09123449316305841,0.0,0.0,0.0,0.3333333333333333,0.3333333333333333,0.0,0.3333333333333333,0.0,0.0,0.44949494949494945,0.3333333333333333,0.0,0.0,0.3333333333333333,0.0,0.0,,,1.0,0.0,3.3972602739726026,1225.0,1.0389513387760927,13.29212,19.99146725,511.0,0,0.0,0.0,0.0,43.0,0.0,0.5505134788189987,0.5505134788189987,0.4309339382269421,0.5272318823666705,0.44663977710351266
embedding_topk_source_order,True,adversarial,multiple,512,6,1.0,0,0.53125,0.09119365408823162,0.0,0.0,0.0,0.3333333333333333,0.3333333333333333,0.0,0.3333333333333333,0.0,0.0,0.44949494949494945,0.3333333333333333,0.0,0.0,0.3333333333333333,0.0,0.0,,,1.0,0.0,3.3972602739726026,1225.0,1.0392897594076158,12.9362625,14.1064555,511.0,0,0.0,0.0,0.0,41.0,0.0,0.5566618528027386,0.5566618528027386,0.4510096958026997,0.5333802563504104,0.46320481775391914
recomp_extractive,True,adversarial,multiple,512,6,1.0,0,0.4635416666666667,0.08580938720146265,0.0,0.0,0.0,0.3333333333333333,0.3333333333333333,0.0,0.3333333333333333,0.0,0.0,0.4259259259259259,0.3333333333333333,0.0,0.0,0.3333333333333333,0.0,0.0,,,1.0,0.0,3.390625,1224.0,0.9068525408306126,124.12918450000001,127.324795,512.0,0,448.01611328125,496.0,0.0,,0.0,0.41024153602780045,0.41024153602780045,0.34113584497088995,0.35739600757251594,0.3533309669221094
longllmlingua,True,adversarial,multiple,512,6,1.0,0,0.5052083333333334,0.0846439948154571,0.0,0.0,0.0,0.0,0.0,0.0,0.0,0.0,0.0,0.3897306397306397,0.0,0.0,0.0,0.0,0.0,0.0,,,0.0,1.0,3.33857265959296,1216.0,0.9580130645297853,343.4799575,354.18486099999996,520.0,0,1193.20703125,1334.0,0.0,,0.0,0.030303030303030304,0.030303030303030304,0.015151515151515152,0.007575757575757576,0.007575757575757576
llmlingua,True,adversarial,multiple,512,6,1.0,0,0.4166666666666667,0.0739485057101329,0.0,0.0,0.0,0.0,0.0,0.0,0.0,0.0,0.0,0.3249158249158249,0.0,0.0,0.0,0.0,0.0,0.0,,,0.0,0.0,3.6975547792950145,1266.5,0.8859888826464521,172.96159899999998,175.88140275,469.5,0,1193.203125,1334.0,0.0,,0.0,0.015151515151515152,0.015151515151515152,0.0,0.0,0.0
trimwise_lexical,True,adversarial,multiple,1024,6,1.0,0,1.0,0.4413793103448276,1.0,0.0,0.0,1.0,1.0,1.0,1.0,1.0,0.0,1.0,1.0,1.0,0.0,1.0,1.0,0.0,,,1.0,0.0,8.68,1536.0,5.0,6.141484999999999,7.787585,200.0,0,686.13623046875,790.0,0.0,44.0,0.0,0.6329545454545454,0.6329545454545454,0.6329545454545454,0.6329545454545454,0.6329545454545454
trimwise_hybrid,True,adversarial,multiple,1024,6,1.0,0,1.0,0.4324324324324324,1.0,0.0,0.0,1.0,1.0,1.0,1.0,1.0,0.0,1.0,1.0,1.0,0.0,1.0,1.0,0.0,,,1.0,0.0,8.074418604651163,1521.0,4.651162790697675,42.880061999999995,43.39304575,215.0,0,686.13623046875,790.0,0.0,47.0,0.0,0.6481060606060606,0.6481060606060606,0.6481060606060606,0.6481060606060606,0.6481060606060606
bm25_128_32_source_order,True,adversarial,multiple,1024,6,1.0,0,1.0,0.08976157082748948,1.0,0.0,0.0,1.0,1.0,1.0,1.0,1.0,0.0,1.0,1.0,1.0,0.0,1.0,1.0,0.0,,,1.0,0.0,1.696969696969697,713.0,0.9775171065493646,1.8467695,1.915586,1023.0,0,0.0,0.0,0.0,34.0,0.0,0.6079545454545454,0.6079545454545454,0.49926819543315054,0.6079545454545454,0.5337140662076477
llmlingua,True,adversarial,multiple,1024,6,1.0,0,0.625,0.07991953209283986,0.0,0.0,0.0,0.3333333333333333,0.0,0.0,0.0,0.0,0.0,0.5867003367003366,0.3333333333333333,0.0,0.0,0.0,0.0,0.0,,,0.0,0.0,2.3162118380062306,986.5,0.8351103643145078,188.472621,189.72206675,749.5,0,1870.71435546875,2042.0,0.0,66.0,0.0,0.29327615046485395,0.29327615046485395,0.09580561714708057,0.14696021511650523,0.09580561714708057
recomp_extractive,True,adversarial,multiple,1024,6,1.0,0,0.8177083333333334,0.07336228128307337,0.16666666666666666,0.0,0.0,0.7222222222222222,0.7222222222222222,0.16666666666666666,0.7222222222222222,0.16666666666666666,0.0,0.7685185185185185,0.7222222222222222,0.16666666666666666,0.0,0.7222222222222222,0.16666666666666666,0.0,,,1.0,0.0,1.7002938295788443,715.0,0.800729925958013,127.271408,140.502565,1021.0,0,448.01611328125,496.0,0.0,65.0,0.0,0.4618136597035827,0.4618136597035827,0.34448180456684946,0.3607419671684755,0.356676926518069
embedding_mmr_source_order,True,adversarial,multiple,1024,6,1.0,0,0.75,0.06713286713286713,0.0,0.0,0.0,0.6666666666666666,0.6666666666666666,0.0,0.6666666666666666,0.0,0.0,0.7222222222222222,0.6666666666666666,0.0,0.0,0.6666666666666666,0.0,0.0,,,1.0,0.0,1.6953125,712.0,0.732421875,15.104637499999999,19.97222125,1024.0,0,0.0,0.0,0.0,43.0,0.0,0.5929878048780488,0.5929878048780488,0.4761713735558408,0.5848577235772358,0.5106172443303381
embedding_topk_source_order,True,adversarial,multiple,1024,6,1.0,0,0.75,0.06696118993634247,0.0,0.0,0.0,0.6666666666666666,0.6666666666666666,0.0,0.6666666666666666,0.0,0.0,0.7222222222222222,0.6666666666666666,0.0,0.0,0.6666666666666666,0.0,0.0,,,1.0,0.0,1.6953125,712.0,0.7325412008186706,13.0072285,16.698029499999997,1024.0,0,0.0,0.0,0.0,41.0,0.0,0.5472560975609756,0.5472560975609756,0.43450470688917414,0.5431910569105691,0.4689505776636714
longllmlingua,True,adversarial,multiple,1024,6,1.0,0,0.59375,0.06213399104926254,0.0,0.0,0.0,0.2222222222222222,0.0,0.0,0.0,0.0,0.0,0.4712401795735129,0.0,0.0,0.0,0.0,0.0,0.0,,,0.0,0.0,2.020957337236407,877.0,0.6927614224189892,387.969515,400.73208250000005,859.0,0,1193.20703125,1334.0,0.0,69.0,0.0,0.10446570972886764,0.10446570972886764,0.015151515151515152,0.05143540669856459,0.007575757575757576
naive_first_n,False,adversarial,multiple,128,6,1.0,0,0.375,0.2162162162162162,0.0,0.0,0.0,0.3333333333333333,0.3333333333333333,0.0,0.3333333333333333,0.0,0.0,0.4217171717171717,0.3333333333333333,0.0,0.0,0.3333333333333333,0.0,0.0,,,1.0,0.0,13.5625,1608.0,2.9296875,0.452437,0.55984925,128.0,0,0.0,0.0,0.0,,0.0,0.2357577702571284,0.2357577702571284,0.20944198078344423,0.2357577702571284,0.2357577702571284
llmlingua_queryless,False,adversarial,multiple,128,6,1.0,0,0.25,0.11010150443310575,0.0,0.0,0.0,0.0,0.0,0.0,0.0,0.0,0.0,0.20538720538720537,0.0,0.0,0.0,0.0,0.0,0.0,,,0.0,1.0,10.650306748466258,1573.0,1.5403463557126216,152.333076,153.6200585,163.0,0,1193.203125,1378.0,0.0,66.0,0.0,0.0,0.0,0.0,0.0,0.0
head_tail,False,adversarial,multiple,128,6,1.0,0,0.1875,0.10434782608695652,0.0,0.0,0.0,0.0,0.0,0.0,0.0,0.0,0.0,0.1254208754208754,0.0,0.0,0.0,0.0,0.0,0.0,,,0.0,0.0,13.5625,1608.0,1.46484375,0.7233975,0.7351854999999999,128.0,0,0.0,0.0,0.0,,0.0,0.11363636363636363,0.11363636363636363,0.10606060606060606,0.10606060606060606,0.10606060606060606
trimwise_structural,False,adversarial,multiple,128,6,1.0,0,0.09375,0.05454545454545454,0.0,0.0,0.0,0.0,0.0,0.0,0.0,0.0,0.0,0.1254208754208754,0.0,0.0,0.0,0.0,0.0,0.0,,,0.0,0.0,13.888,1611.0,0.75,11.8789665,12.01659675,125.0,0,0.0,0.0,0.0,,0.0,0.015151515151515152,0.015151515151515152,0.015151515151515152,0.015151515151515152,0.015151515151515152
llmlingua2,False,adversarial,multiple,128,6,1.0,0,0.0,0.0,0.0,0.0,0.0,0.0,0.0,0.0,0.0,0.0,0.0,0.0,0.0,0.0,0.0,0.0,0.0,0.0,,,0.0,1.0,5.493670886075949,1420.0,0.0,84.6957875,85.58345525,316.0,0,774.033203125,850.0,0.0,58.0,0.0,0.0,0.0,0.0,0.0,0.0
head_tail,False,adversarial,multiple,256,6,1.0,0,0.6875,0.23036649214659685,0.0,0.0,0.0,0.6666666666666666,0.6666666666666666,0.0,0.6666666666666666,0.0,0.0,0.7222222222222222,0.6666666666666666,0.0,0.0,0.6666666666666666,0.0,0.0,,,1.0,0.0,6.78125,1480.0,2.685546875,0.8824825000000001,0.9010845000000001,256.0,0,0.0,0.0,0.0,,0.0,0.27553049752985564,0.27553049752985564,0.24921470805617144,0.27553049752985564,0.24921470805617144
naive_first_n,False,adversarial,multiple,256,6,1.0,0,0.40625,0.12807881773399013,0.0,0.0,0.0,0.3333333333333333,0.3333333333333333,0.0,0.3333333333333333,0.0,0.0,0.4217171717171717,0.3333333333333333,0.0,0.0,0.3333333333333333,0.0,0.0,,,1.0,0.0,6.78125,1480.0,1.5869140625,0.589329,0.6161915,256.0,0,0.0,0.0,0.0,,0.0,0.2741908818609717,0.2741908818609717,0.2701258412105652,0.2701258412105652,0.2701258412105652
llmlingua_queryless,False,adversarial,multiple,256,6,1.0,0,0.296875,0.09331721772541013,0.0,0.0,0.0,0.0,0.0,0.0,0.0,0.0,0.0,0.2196969696969697,0.0,0.0,0.0,0.0,0.0,0.0,,,0.0,0.0,7.014399059653247,1488.5,1.1932274162064358,155.3249525,156.03360475,247.5,0,1193.203125,1380.0,0.0,66.0,0.0,0.0,0.0,0.0,0.0,0.0
trimwise_structural,False,adversarial,multiple,256,6,1.0,0,0.125,0.04301075268817204,0.0,0.0,0.0,0.0,0.0,0.0,0.0,0.0,0.0,0.1254208754208754,0.0,0.0,0.0,0.0,0.0,0.0,,,0.0,0.0,6.861660079051384,1483.0,0.49407114624505927,24.3192215,24.96920875,253.0,0,0.0,0.0,0.0,,0.0,0.03436807095343681,0.03436807095343681,0.03436807095343681,0.03436807095343681,0.03436807095343681
llmlingua2,False,adversarial,multiple,256,6,1.0,0,0.0,0.0,0.0,0.0,0.0,0.0,0.0,0.0,0.0,0.0,0.0,0.0,0.0,0.0,0.0,0.0,0.0,0.0,,,0.0,1.0,5.40809968847352,1415.0,0.0,84.39196749999999,84.97601275,321.0,0,774.033203125,850.0,0.0,60.0,0.0,0.0,0.0,0.0,0.0,0.0
head_tail,False,adversarial,multiple,512,6,1.0,0,0.6875,0.11764705882352938,0.0,0.0,0.0,0.6666666666666666,0.6666666666666666,0.0,0.6666666666666666,0.0,0.0,0.7222222222222222,0.6666666666666666,0.0,0.0,0.6666666666666666,0.0,0.0,,,1.0,0.0,3.390625,1224.0,1.3427734375,1.159081,1.179449,512.0,0,0.0,0.0,0.0,,0.0,0.39688849340646515,0.39688849340646515,0.3846933714552456,0.38875841210565215,0.3846933714552456
naive_first_n,False,adversarial,multiple,512,6,1.0,0,0.53125,0.08762886597938142,0.0,0.0,0.0,0.3333333333333333,0.3333333333333333,0.0,0.3333333333333333,0.0,0.0,0.44949494949494945,0.3333333333333333,0.0,0.0,0.3333333333333333,0.0,0.0,,,1.0,0.0,3.390625,1224.0,1.03759765625,0.8633014999999999,0.90683475,512.0,0,0.0,0.0,0.0,,0.0,0.2898967207375423,0.2898967207375423,0.2898967207375423,0.2898967207375423,0.2898967207375423
llmlingua_queryless,False,adversarial,multiple,512,6,1.0,0,0.4166666666666667,0.0739485057101329,0.0,0.0,0.0,0.0,0.0,0.0,0.0,0.0,0.0,0.3249158249158249,0.0,0.0,0.0,0.0,0.0,0.0,,,0.0,0.0,3.6975547792950145,1266.5,0.8859888826464521,171.430903,175.68119249999998,469.5,0,1193.203125,1334.0,0.0,65.0,0.0,0.015151515151515152,0.015151515151515152,0.0,0.0,0.0
trimwise_structural,False,adversarial,multiple,512,6,1.0,0,0.1875,0.03508771929824562,0.0,0.0,0.0,0.0,0.0,0.0,0.0,0.0,0.0,0.1254208754208754,0.0,0.0,0.0,0.0,0.0,0.0,,,0.0,0.0,3.390625,1224.0,0.3662109375,82.7216275,83.83285875,512.0,0,0.0,0.0,0.0,,0.0,0.06929046563192905,0.06929046563192905,0.04249815225424982,0.04249815225424982,0.04249815225424982
llmlingua2,False,adversarial,multiple,512,6,1.0,0,0.09375,0.016666709533938447,0.0,0.0,0.0,0.0,0.0,0.0,0.0,0.0,0.0,0.08585858585858586,0.0,0.0,0.0,0.0,0.0,0.0,,,0.0,1.0,3.116696588868941,1179.0,0.1683125686281345,84.42887350000001,85.25226550000001,557.0,0,774.033203125,850.0,0.0,60.0,0.0,0.0,0.0,0.0,0.0,0.0
llmlingua_queryless,False,adversarial,multiple,1024,6,1.0,0,0.625,0.07991953209283986,0.0,0.0,0.0,0.3333333333333333,0.0,0.0,0.0,0.0,0.0,0.5867003367003366,0.3333333333333333,0.0,0.0,0.0,0.0,0.0,,,0.0,0.0,2.3162118380062306,986.5,0.8351103643145078,188.31553350000002,191.19516225,749.5,0,1193.203125,1334.0,0.0,65.0,0.0,0.29327615046485395,0.29327615046485395,0.09580561714708057,0.14696021511650523,0.09580561714708057
naive_first_n,False,adversarial,multiple,1024,6,1.0,0,0.8125,0.07046070460704607,0.0,0.0,0.0,0.6666666666666666,0.6666666666666666,0.0,0.6666666666666666,0.0,0.0,0.7272727272727272,0.6666666666666666,0.0,0.0,0.6666666666666666,0.0,0.0,,,1.0,0.0,1.6953125,712.0,0.79345703125,1.4622495,1.4819155,1024.0,0,0.0,0.0,0.0,,0.0,0.5197635857937527,0.5197635857937527,0.5197635857937527,0.5197635857937527,0.5197635857937527
head_tail,False,adversarial,multiple,1024,6,1.0,0,0.75,0.06442953020134227,0.0,0.0,0.0,0.6666666666666666,0.6666666666666666,0.0,0.6666666666666666,0.0,0.0,0.7222222222222222,0.6666666666666666,0.0,0.0,0.6666666666666666,0.0,0.0,,,1.0,0.0,1.696969696969697,713.0,0.7331378299120234,1.794794,2.52395475,1023.0,0,0.0,0.0,0.0,,0.0,0.42072441358384877,0.42072441358384877,0.4166593729334423,0.4166593729334423,0.4166593729334423
llmlingua2,False,adversarial,multiple,1024,6,1.0,0,0.46875,0.03703703703703703,0.0,0.0,0.0,0.0,0.0,0.0,0.0,0.0,0.0,0.41273849607182944,0.0,0.0,0.0,0.0,0.0,0.0,,,0.0,1.0,1.6470588235294117,682.0,0.44487526244399395,85.3665425,86.69327949999999,1054.0,0,774.033203125,850.0,0.0,60.0,0.0,0.02032520325203252,0.02032520325203252,0.0,0.012195121951219511,0.0
trimwise_structural,False,adversarial,multiple,1024,6,1.0,0,0.375,0.033946251768033946,0.0,0.0,0.0,0.0,0.0,0.0,0.0,0.0,0.0,0.1531986531986532,0.0,0.0,0.0,0.0,0.0,0.0,,,0.0,0.0,1.6986301369863013,714.0,0.3669275929549902,181.519561,182.07082425,1022.0,0,0.0,0.0,0.0,,0.0,0.15467941611234293,0.15467941611234293,0.10460550628233556,0.10867054693274204,0.10867054693274204
trimwise_hybrid,True,evidence_qa,beginning,128,8,1.0,0,0.8690619967793881,0.5257344384877892,0.75,0.75,0.75,0.75,0.75,0.75,0.75,0.75,0.75,0.8527576489533011,0.75,0.75,0.75,0.75,0.75,0.75,,,0.0,0.0,16.308657266260163,1931.5,7.187984199000239,38.806516,48.9689455,125.5,0,0.0,0.0,0.0,,0.0,0.5121581670362159,0.5121581670362159,0.5040280857354028,0.5121581670362159,0.5121581670362159
trimwise_lexical,True,evidence_qa,beginning,128,8,1.0,0,0.9130434782608696,0.5209974016144274,0.875,0.875,0.875,0.875,0.875,0.875,0.875,0.875,0.875,0.8967391304347826,0.875,0.875,0.875,0.875,0.875,0.875,,,0.0,0.0,16.571106991525426,1934.5,7.372617045811752,5.909303,8.747717999999999,125.5,0,0.0,0.0,0.0,,0.0,0.5000554323725056,0.5000554323725056,0.49192535107169255,0.5000554323725056,0.5000554323725056
bm25_128_32_source_order,True,evidence_qa,beginning,128,8,1.0,0,0.626358695652174,0.39620940300432195,0.5,0.5,0.5,0.5,0.375,0.375,0.375,0.375,0.375,0.5898481047937569,0.5,0.5,0.5,0.5,0.5,0.5,,,0.0,0.0,16.08203125,1930.5,4.893427309782608,2.03489,2.37075235,128.0,0,0.0,0.0,0.0,37.0,0.0,0.5392276422764227,0.5392276422764227,0.42703057532967675,0.5275868440502587,0.45741140545376746
embedding_mmr_source_order,True,evidence_qa,beginning,128,8,1.0,0,0.626358695652174,0.39620940300432195,0.5,0.5,0.5,0.5,0.375,0.375,0.375,0.375,0.375,0.5898481047937569,0.5,0.5,0.5,0.5,0.5,0.5,,,0.0,0.0,16.08203125,1930.5,4.893427309782608,14.686782000000001,24.574159699999996,128.0,0,0.0,0.0,0.0,43.0,0.0,0.41471389115805035,0.41471389115805035,0.3195841599564321,0.40307309293188626,0.35044151398451784
embedding_topk_source_order,True,evidence_qa,beginning,128,8,1.0,0,0.626358695652174,0.39620940300432195,0.5,0.5,0.5,0.5,0.375,0.375,0.375,0.375,0.375,0.5898481047937569,0.5,0.5,0.5,0.5,0.5,0.5,,,0.0,0.0,16.08203125,1930.5,4.893427309782608,15.2005555,24.7072791,128.0,0,0.0,0.0,0.0,38.0,0.0,0.41471389115805035,0.41471389115805035,0.3195841599564321,0.40307309293188626,0.35044151398451784
recomp_extractive,True,evidence_qa,beginning,128,8,1.0,0,0.5858804038151864,0.29943566317982717,0.5,0.5,0.5,0.5,0.0,0.0,0.0,0.0,0.0,0.4649413941533507,0.125,0.125,0.125,0.125,0.125,0.125,,,0.0,0.0,16.211031249999998,1930.5,4.600179491035175,204.4377645,386.94539754999994,128.0,0,963.540283203125,1086.0,0.0,,0.0,0.319176926518069,0.319176926518069,0.29478668261563,0.29885172326603654,0.29885172326603654
longllmlingua,True,evidence_qa,beginning,128,8,1.0,0,0.2708480428589124,0.13069447455483307,0.0,0.0,0.0,0.0,0.0,0.0,0.0,0.0,0.0,0.18185154217762914,0.0,0.0,0.0,0.0,0.0,0.0,,,0.0,0.625,9.778207515637682,1851.0,1.8852947121763792,364.3149285,715.6515296499999,182.0,0,1193.21533203125,1404.0,0.0,,0.0,0.0,0.0,0.0,0.0,0.0
llmlingua,True,evidence_qa,beginning,128,8,1.0,0,0.20006425740121392,0.11090138418512774,0.0,0.0,0.0,0.0,0.0,0.0,0.0,0.0,0.0,0.13527460361699492,0.0,0.0,0.0,0.0,0.0,0.0,,,0.0,0.625,12.289409549130387,1892.5,1.5545389794067175,184.1704285,366.81607189999994,157.5,0,1193.21142578125,1380.0,0.0,,0.0,0.0,0.0,0.0,0.0,0.0
trimwise_lexical,True,evidence_qa,beginning,256,8,1.0,0,0.9266304347826086,0.33610946784566686,0.875,0.875,0.875,0.875,0.875,0.875,0.875,0.875,0.875,0.8967391304347826,0.875,0.875,0.875,0.875,0.875,0.875,,,0.0,0.0,8.123843894513186,1804.5,3.9179566793193223,6.4625535,9.987435199999998,253.5,0,686.13623046875,790.0,0.0,54.0,0.0,0.6009885439763488,0.6009885439763488,0.5928584626755359,0.6009885439763488,0.6009885439763488
bm25_128_32_source_order,True,evidence_qa,beginning,256,8,1.0,0,1.0,0.3232100925120087,1.0,1.0,1.0,1.0,0.875,0.875,0.875,0.875,0.875,0.9951923076923077,1.0,1.0,1.0,1.0,1.0,1.0,,,0.0,0.0,8.048613664215686,1802.5,3.910079656862745,2.1969425,4.33043425,256.0,0,0.0,0.0,0.0,37.0,0.0,0.6116361788617887,0.6116361788617887,0.4953740712646361,0.595930339985218,0.5257549013887268
trimwise_hybrid,True,evidence_qa,beginning,256,8,1.0,0,0.9266304347826086,0.3224409710059608,0.875,0.875,0.875,0.875,0.875,0.875,0.875,0.875,0.875,0.8967391304347826,0.875,0.875,0.875,0.875,0.875,0.875,,,0.0,0.0,8.086120117338275,1804.5,3.6794688800625224,39.2511265,49.98058585,254.5,0,686.13623046875,790.0,0.0,45.0,0.0,0.6120750184774575,0.6120750184774575,0.6039449371766445,0.6120750184774575,0.6120750184774575
embedding_topk_source_order,True,evidence_qa,beginning,256,8,1.0,0,0.7683423913043478,0.2796427883191212,0.5,0.5,0.5,0.5,0.375,0.375,0.375,0.375,0.375,0.6684260033444817,0.5,0.5,0.5,0.5,0.5,0.5,,,0.0,0.0,8.061029411764705,1803.0,3.016762353179068,15.086808,18.3319224,255.5,0,0.0,0.0,0.0,38.0,0.0,0.5088468121523321,0.5088468121523321,0.3921081806511845,0.49314097327576145,0.4229655346792702
embedding_mmr_source_order,True,evidence_qa,beginning,256,8,1.0,0,0.7461503623188406,0.26659366148350905,0.5,0.5,0.5,0.5,0.375,0.375,0.375,0.375,0.375,0.6627647714604237,0.5,0.5,0.5,0.5,0.5,0.5,,,0.0,0.0,8.048606004901961,1803.0,2.922823764383043,15.240766999999998,21.8273793,255.5,0,0.0,0.0,0.0,43.0,0.0,0.521346812152332,0.521346812152332,0.4046081806511845,0.5056409732757614,0.43546553467927024
recomp_extractive,True,evidence_qa,beginning,256,8,1.0,0,0.8027259073454726,0.2587118926103478,0.625,0.625,0.625,0.625,0.125,0.125,0.125,0.125,0.125,0.694500572897312,0.25,0.25,0.25,0.25,0.25,0.25,,,0.0,0.0,8.075847640810277,1804.0,3.149448044306408,197.1241655,385.4915263,255.0,0,503.54638671875,593.0,0.0,68.0,0.0,0.3650703115882834,0.3650703115882834,0.32848494573462483,0.34068006768584436,0.33661502703543783
longllmlingua,True,evidence_qa,beginning,256,8,1.0,0,0.370183791651183,0.12485952084717898,0.0,0.0,0.0,0.0,0.0,0.0,0.0,0.0,0.0,0.26609067261241176,0.0,0.0,0.0,0.0,0.0,0.0,,,0.0,0.625,7.165096983283786,1771.0,1.5604097867839497,379.62447099999997,734.0676088,286.5,0,1193.21533203125,1392.0,0.0,69.0,0.0,0.0,0.0,0.0,0.0,0.0
llmlingua,True,evidence_qa,beginning,256,8,1.0,0,0.22535302861389817,0.0951902223309768,0.0,0.0,0.0,0.0,0.0,0.0,0.0,0.0,0.0,0.1696948934720674,0.0,0.0,0.0,0.0,0.0,0.0,,,0.0,0.5,8.415314294959956,1808.5,1.1368800845536116,195.62051200000002,379.47465214999994,249.0,0,1870.72265625,2076.0,0.0,64.0,0.0,0.0,0.0,0.0,0.0,0.0
trimwise_hybrid,True,evidence_qa,beginning,512,8,1.0,0,1.0,0.2932527698832755,1.0,1.0,1.0,1.0,1.0,1.0,1.0,1.0,1.0,1.0,1.0,1.0,1.0,1.0,1.0,1.0,,,0.0,0.0,5.666037735849057,1671.0,3.316756073831221,40.240901,54.08697024999999,277.5,0,0.0,0.0,0.0,,0.0,0.6318458980044346,0.6318458980044346,0.6318458980044346,0.6318458980044346,0.6318458980044346
trimwise_lexical,True,evidence_qa,beginning,512,8,1.0,0,1.0,0.2910123674864596,1.0,1.0,1.0,1.0,1.0,1.0,1.0,1.0,1.0,1.0,1.0,1.0,1.0,1.0,1.0,1.0,,,0.0,0.0,5.874957872483838,1688.5,3.3306307218856825,5.9276535,9.58541015,286.0,0,0.0,0.0,0.0,,0.0,0.6091186252771619,0.6091186252771619,0.6050535846267554,0.6091186252771619,0.6091186252771619
bm25_128_32_source_order,True,evidence_qa,beginning,512,8,1.0,0,1.0,0.18176979354465253,1.0,1.0,1.0,1.0,0.875,0.875,0.875,0.875,0.875,0.9951923076923077,1.0,1.0,1.0,1.0,1.0,1.0,,,0.0,0.0,4.026267616421569,1547.5,1.956473139341353,2.2130985,5.535030549999997,511.0,0,0.0,0.0,0.0,37.0,0.0,0.6642045454545454,0.6642045454545454,0.5451015287664839,0.6642045454545454,0.5795473995409811
embedding_topk_source_order,True,evidence_qa,beginning,512,8,1.0,0,0.8516757246376812,0.16592172091126461,0.625,0.625,0.625,0.625,0.375,0.375,0.375,0.375,0.375,0.7465510033444817,0.625,0.625,0.625,0.625,0.625,0.625,,,0.0,0.0,4.0205078125,1546.5,1.6660729045321907,15.367013,19.4252181,511.5,0,0.0,0.0,0.0,38.0,0.0,0.5566618528027386,0.5566618528027386,0.4510096958026997,0.5333802563504104,0.46320481775391914
embedding_mmr_source_order,True,evidence_qa,beginning,512,8,1.0,0,0.7787590579710145,0.15903585327162031,0.5,0.5,0.5,0.5,0.375,0.375,0.375,0.375,0.375,0.6736343366778149,0.5,0.5,0.5,0.5,0.5,0.5,,,0.0,0.0,4.021484375,1547.0,1.5214915554029644,15.6565725,20.049381949999997,512.0,0,0.0,0.0,0.0,43.0,0.0,0.5505134788189987,0.5505134788189987,0.4309339382269421,0.5272318823666705,0.44663977710351266
recomp_extractive,True,evidence_qa,beginning,512,8,1.0,0,0.8306043292456335,0.15383466925223088,0.625,0.625,0.625,0.625,0.125,0.125,0.125,0.125,0.125,0.694500572897312,0.25,0.25,0.25,0.25,0.25,0.25,,,0.0,0.0,4.023382078644814,1547.0,1.6246330228972357,206.45558,393.85699919999996,512.0,0,963.540283203125,1086.0,0.0,,0.0,0.41024153602780045,0.41024153602780045,0.34113584497088995,0.35739600757251594,0.3533309669221094
longllmlingua,True,evidence_qa,beginning,512,8,1.0,0,0.4747054223956398,0.11415494414272652,0.0,0.0,0.0,0.0,0.0,0.0,0.0,0.0,0.0,0.3335783630620587,0.0,0.0,0.0,0.0,0.0,0.0,,,0.0,0.375,4.309993193227261,1572.0,1.2714804999423652,396.810609,754.8832918999999,485.5,0,1193.21533203125,1357.0,0.0,,0.0,0.030303030303030304,0.030303030303030304,0.015151515151515152,0.007575757575757576,0.007575757575757576
llmlingua,True,evidence_qa,beginning,512,8,1.0,0,0.4456366902019076,0.11151604120321955,0.0,0.0,0.0,0.0,0.0,0.0,0.0,0.0,0.0,0.33731961476526695,0.0,0.0,0.0,0.0,0.0,0.0,,,0.0,0.0,5.1292755260556415,1633.0,1.25920952172652,198.7243,381.35588655,425.0,0,1193.21142578125,1357.0,0.0,,0.0,0.015151515151515152,0.015151515151515152,0.0,0.0,0.0
trimwise_lexical,True,evidence_qa,beginning,1024,8,1.0,0,1.0,0.23797884596593194,1.0,1.0,1.0,1.0,1.0,1.0,1.0,1.0,1.0,1.0,1.0,1.0,1.0,1.0,1.0,1.0,,,0.0,0.0,5.7369463869463875,1484.5,2.741346968692397,7.7765059999999995,10.825929799999999,313.5,0,686.13623046875,790.0,0.0,54.0,0.0,0.6329545454545454,0.6329545454545454,0.6329545454545454,0.6329545454545454,0.6329545454545454
trimwise_hybrid,True,evidence_qa,beginning,1024,8,1.0,0,1.0,0.23543949207239773,1.0,1.0,1.0,1.0,1.0,1.0,1.0,1.0,1.0,1.0,1.0,1.0,1.0,1.0,1.0,1.0,,,0.0,0.0,5.420582193561808,1495.5,2.6718796089721577,39.256201000000004,47.951526949999995,320.0,0,686.13623046875,790.0,0.0,45.0,0.0,0.6481060606060606,0.6481060606060606,0.6481060606060606,0.6481060606060606,0.6481060606060606
llmlingua,True,evidence_qa,beginning,1024,8,1.0,0,0.7158437074197943,0.11241277623727858,0.5,0.5,0.5,0.5,0.0,0.0,0.5,0.5,0.5,0.6090432614889136,0.5,0.5,0.5,0.5,0.5,0.5,,,0.0,0.0,3.067469334128272,1384.5,1.2069915991333635,220.2005515,406.7251503,673.0,0,1870.72265625,2053.0,0.0,63.0,0.0,0.29327615046485395,0.29327615046485395,0.09580561714708057,0.14696021511650523,0.09580561714708057
bm25_128_32_source_order,True,evidence_qa,beginning,1024,8,1.0,0,1.0,0.09807209338333137,1.0,1.0,1.0,1.0,0.875,0.875,0.875,0.875,0.875,0.9951923076923077,1.0,1.0,1.0,1.0,1.0,1.0,,,0.0,0.0,2.0157968826819075,1038.5,0.9791963383304131,2.3517279999999996,5.324366049999998,1021.5,0,0.0,0.0,0.0,37.0,0.0,0.6079545454545454,0.6079545454545454,0.49926819543315054,0.6079545454545454,0.5337140662076477
embedding_topk_source_order,True,evidence_qa,beginning,1024,8,1.0,0,0.8881340579710145,0.09435084364482171,0.75,0.75,0.75,0.75,0.625,0.625,0.625,0.625,0.625,0.8142593366778149,0.75,0.75,0.75,0.75,0.75,0.75,,,0.0,0.0,2.01025390625,1034.5,0.8674377418059894,17.466991,21.41207215,1024.0,0,0.0,0.0,0.0,38.0,0.0,0.5472560975609756,0.5472560975609756,0.43450470688917414,0.5431910569105691,0.4689505776636714
embedding_mmr_source_order,True,evidence_qa,beginning,1024,8,1.0,0,0.8623188405797102,0.09023599141724123,0.625,0.625,0.625,0.625,0.5,0.5,0.5,0.5,0.5,0.7673843366778149,0.625,0.625,0.625,0.625,0.625,0.625,,,0.0,0.0,2.01025390625,1034.5,0.8422275685722937,15.5770205,19.476658399999998,1024.0,0,0.0,0.0,0.0,43.0,0.0,0.5929878048780488,0.5929878048780488,0.4761713735558408,0.5848577235772358,0.5106172443303381
longllmlingua,True,evidence_qa,beginning,1024,8,1.0,0,0.6090076489533012,0.08864596586551494,0.0,0.0,0.0,0.0,0.0,0.0,0.0,0.0,0.0,0.4245947138610182,0.0,0.0,0.0,0.0,0.0,0.0,,,0.0,0.0,2.553458684629225,1236.0,0.9014540561825845,442.89353500000004,797.4231804499999,821.5,0,1193.21533203125,1334.0,0.0,69.0,0.0,0.10446570972886764,0.10446570972886764,0.015151515151515152,0.05143540669856459,0.007575757575757576
recomp_extractive,True,evidence_qa,beginning,1024,8,1.0,0,0.9102215719063546,0.08513948775625503,0.875,0.875,0.875,0.875,0.125,0.125,0.125,0.125,0.125,0.694500572897312,0.25,0.25,0.25,0.25,0.25,0.25,,,0.0,0.0,2.013599927861002,1036.5,0.8904501161174407,214.099202,393.0746446,1022.5,0,503.54638671875,593.0,0.0,68.0,0.0,0.4618136597035827,0.4618136597035827,0.34448180456684946,0.3607419671684755,0.356676926518069
naive_first_n,False,evidence_qa,beginning,128,8,1.0,0,0.6612767868202651,0.327442367074226,0.5,0.5,0.5,0.5,0.5,0.5,0.5,0.5,0.5,0.5995881332837855,0.5,0.5,0.5,0.5,0.5,0.5,,,0.0,0.0,16.08203125,1930.5,5.166224897033321,0.6278755,1.1756878499999999,128.0,0,0.0,0.0,0.0,48.0,0.0,0.2357577702571284,0.2357577702571284,0.20944198078344423,0.2357577702571284,0.2357577702571284
trimwise_structural,False,evidence_qa,beginning,128,8,1.0,0,0.24327774681035552,0.1608600098238785,0.0,0.0,0.0,0.0,0.0,0.0,0.0,0.0,0.0,0.22968072587637806,0.0,0.0,0.0,0.0,0.0,0.0,,,0.0,0.0,16.21503125,1931.0,1.9169541482718029,11.4883775,15.492352499999996,127.0,0,0.0,0.0,0.0,,0.0,0.015151515151515152,0.015151515151515152,0.015151515151515152,0.015151515151515152,0.015151515151515152
head_tail,False,evidence_qa,beginning,128,8,1.0,0,0.20508988294314381,0.11752628770655879,0.0,0.0,0.0,0.0,0.0,0.0,0.0,0.0,0.0,0.13135335377183202,0.0,0.0,0.0,0.0,0.0,0.0,,,0.0,0.0,16.08203125,1930.5,1.602264710493311,0.9149165,1.2979161000000001,128.0,0,0.0,0.0,0.0,,0.0,0.11363636363636363,0.11363636363636363,0.10606060606060606,0.10606060606060606,0.10606060606060606
llmlingua_queryless,False,evidence_qa,beginning,128,8,1.0,0,0.20006425740121392,0.11090138418512774,0.0,0.0,0.0,0.0,0.0,0.0,0.0,0.0,0.0,0.13527460361699492,0.0,0.0,0.0,0.0,0.0,0.0,,,0.0,0.625,12.289409549130387,1892.5,1.5545389794067175,187.78792850000002,369.56031615,157.5,0,1193.21142578125,1380.0,0.0,54.0,0.0,0.0,0.0,0.0,0.0,0.0
llmlingua2,False,evidence_qa,beginning,128,8,1.0,0,0.0,0.0,0.0,0.0,0.0,0.0,0.0,0.0,0.0,0.0,0.0,0.0,0.0,0.0,0.0,0.0,0.0,0.0,,,0.0,1.0,8.223496021402113,1811.0,0.0,108.8714415,137.0364523,199.0,0,800.102294921875,898.0,0.0,62.0,0.0,0.0,0.0,0.0,0.0,0.0
naive_first_n,False,evidence_qa,beginning,256,8,1.0,0,0.815886287625418,0.2660106560207257,0.75,0.75,0.75,0.75,0.625,0.625,0.625,0.625,0.625,0.7603469899665551,0.625,0.625,0.625,0.625,0.625,0.625,,,0.0,0.0,8.041015625,1802.5,3.1870558110367893,0.7152015,0.93379965,256.0,0,0.0,0.0,0.0,,0.0,0.2741908818609717,0.2741908818609717,0.2701258412105652,0.2701258412105652,0.2701258412105652
head_tail,False,evidence_qa,beginning,256,8,1.0,0,0.7218119038771212,0.21668738704030188,0.5,0.5,0.5,0.5,0.5,0.5,0.5,0.5,0.5,0.6035233184689707,0.5,0.5,0.5,0.5,0.5,0.5,,,0.0,0.0,8.052535232843137,1803.0,2.825393154385655,0.976955,1.3915559,255.5,0,0.0,0.0,0.0,,0.0,0.27553049752985564,0.27553049752985564,0.24921470805617144,0.27553049752985564,0.24921470805617144
trimwise_structural,False,evidence_qa,beginning,256,8,1.0,0,0.37047875634832156,0.1365753526866538,0.125,0.125,0.125,0.125,0.125,0.125,0.125,0.125,0.125,0.34906478384739253,0.125,0.125,0.125,0.125,0.125,0.125,,,0.0,0.0,8.060208538385826,1802.5,1.4521874915052648,26.187161,27.1207336,255.0,0,0.0,0.0,0.0,,0.0,0.03436807095343681,0.03436807095343681,0.03436807095343681,0.03436807095343681,0.03436807095343681
llmlingua_queryless,False,evidence_qa,beginning,256,8,1.0,0,0.22535302861389817,0.0951902223309768,0.0,0.0,0.0,0.0,0.0,0.0,0.0,0.0,0.0,0.1696948934720674,0.0,0.0,0.0,0.0,0.0,0.0,,,0.0,0.5,8.415314294959956,1808.5,1.1368800845536116,194.656187,378.94023804999995,249.0,0,1193.21142578125,1368.0,0.0,54.0,0.0,0.0,0.0,0.0,0.0,0.0
llmlingua2,False,evidence_qa,beginning,256,8,1.0,0,0.004629629629629629,0.00505050505050505,0.0,0.0,0.0,0.0,0.0,0.0,0.0,0.0,0.0,0.0023148148148148147,0.0,0.0,0.0,0.0,0.0,0.0,,,0.0,0.125,7.4771166574738,1786.5,0.02039484418339044,108.488782,136.0746537,245.5,0,800.102294921875,898.0,0.0,62.0,0.0,0.0,0.0,0.0,0.0,0.0
naive_first_n,False,evidence_qa,beginning,512,8,1.0,0,1.0,0.18048952783416108,1.0,1.0,1.0,1.0,1.0,1.0,1.0,1.0,1.0,1.0,1.0,1.0,1.0,1.0,1.0,1.0,,,0.0,0.0,4.0205078125,1546.5,1.953125,1.016978,2.303403849999999,512.0,0,0.0,0.0,0.0,48.0,0.0,0.2898967207375423,0.2898967207375423,0.2898967207375423,0.2898967207375423,0.2898967207375423
head_tail,False,evidence_qa,beginning,512,8,1.0,0,0.8507943143812708,0.1529206773699636,0.75,0.75,0.75,0.75,0.625,0.625,0.625,0.625,0.625,0.7478469899665552,0.625,0.625,0.625,0.625,0.625,0.625,,,0.0,0.0,4.023382078644814,1547.0,1.6630931791555674,1.3834374999999999,1.7389103,512.0,0,0.0,0.0,0.0,,0.0,0.39688849340646515,0.39688849340646515,0.3846933714552456,0.38875841210565215,0.3846933714552456
trimwise_structural,False,evidence_qa,beginning,512,8,1.0,0,0.5298409822866345,0.11812757791922254,0.375,0.375,0.375,0.375,0.25,0.25,0.25,0.25,0.25,0.4466082930756844,0.25,0.25,0.25,0.25,0.25,0.25,,,0.0,0.0,4.035136621055829,1549.0,1.158772932621307,57.663916,78.6367339,509.0,0,0.0,0.0,0.0,,0.0,0.06929046563192905,0.06929046563192905,0.04249815225424982,0.04249815225424982,0.04249815225424982
llmlingua_queryless,False,evidence_qa,beginning,512,8,1.0,0,0.4456366902019076,0.11151604120321955,0.0,0.0,0.0,0.0,0.0,0.0,0.0,0.0,0.0,0.33731961476526695,0.0,0.0,0.0,0.0,0.0,0.0,,,0.0,0.0,5.1292755260556415,1633.0,1.25920952172652,223.098436,2305.1475868999987,425.0,1,1193.21142578125,1357.0,0.0,52.0,0.0,0.015151515151515152,0.015151515151515152,0.0,0.0,0.0
llmlingua2,False,evidence_qa,beginning,512,8,1.0,0,0.15958403010033445,0.04134438430090924,0.0,0.0,0.0,0.0,0.0,0.0,0.0,0.0,0.0,0.09523527499070977,0.0,0.0,0.0,0.0,0.0,0.0,,,0.0,0.0,4.229339366745253,1570.5,0.33859360314986275,108.1076755,135.93180310000002,486.5,0,800.102294921875,898.0,0.0,62.0,0.0,0.0,0.0,0.0,0.0,0.0
llmlingua_queryless,False,evidence_qa,beginning,1024,8,1.0,0,0.7158437074197943,0.11241277623727858,0.5,0.5,0.5,0.5,0.0,0.0,0.5,0.5,0.5,0.6090432614889136,0.5,0.5,0.5,0.5,0.5,0.5,,,0.0,0.0,3.067469334128272,1384.5,1.2069915991333635,219.2307595,395.23822739999997,673.0,0,1193.21142578125,1345.0,0.0,52.0,0.0,0.29327615046485395,0.29327615046485395,0.09580561714708057,0.14696021511650523,0.09580561714708057
naive_first_n,False,evidence_qa,beginning,1024,8,1.0,0,1.0,0.09793799824822397,1.0,1.0,1.0,1.0,1.0,1.0,1.0,1.0,1.0,1.0,1.0,1.0,1.0,1.0,1.0,1.0,,,0.0,0.0,2.01025390625,1034.5,0.9765625,1.6776815,2.0463213,1024.0,0,0.0,0.0,0.0,,0.0,0.5197635857937527,0.5197635857937527,0.5197635857937527,0.5197635857937527,0.5197635857937527
head_tail,False,evidence_qa,beginning,1024,8,1.0,0,1.0,0.09417707635730782,1.0,1.0,1.0,1.0,1.0,1.0,1.0,1.0,1.0,1.0,1.0,1.0,1.0,1.0,1.0,1.0,,,0.0,0.0,2.01025390625,1034.5,0.9768011516373412,2.038823,2.4778452499999997,1024.0,0,0.0,0.0,0.0,,0.0,0.42072441358384877,0.42072441358384877,0.4166593729334423,0.4166593729334423,0.4166593729334423
trimwise_structural,False,evidence_qa,beginning,1024,8,1.0,0,0.49592391304347827,0.056045634099482246,0.25,0.25,0.25,0.25,0.25,0.25,0.25,0.25,0.25,0.38700181159420294,0.25,0.25,0.25,0.25,0.25,0.25,,,0.0,0.0,2.012179320572407,1036.0,0.48791266946353434,108.33845500000001,144.0972707,1022.5,0,0.0,0.0,0.0,,0.0,0.15467941611234293,0.15467941611234293,0.10460550628233556,0.10867054693274204,0.10867054693274204
llmlingua2,False,evidence_qa,beginning,1024,8,1.0,0,0.6643998513563731,0.05021045383113722,0.0,0.0,0.0,0.0,0.0,0.0,0.0,0.0,0.0,0.5316336089433915,0.0,0.0,0.0,0.0,0.0,0.0,,,0.0,0.5,1.864942961227317,972.0,0.637358168336932,109.312639,140.03607085000002,1016.5,0,800.102294921875,898.0,0.0,62.0,0.0,0.02032520325203252,0.02032520325203252,0.0,0.012195121951219511,0.0
bm25_128_32_source_order,True,evidence_qa,end,128,6,1.0,0,0.962121212121212,0.5346622079730571,0.8333333333333334,0.8333333333333334,0.8333333333333334,0.8333333333333334,0.8333333333333334,0.8333333333333334,0.8333333333333334,0.8333333333333334,0.8333333333333334,0.9469696969696969,0.8333333333333334,0.8333333333333334,0.8333333333333334,0.8333333333333334,0.8333333333333334,0.8333333333333334,,,0.0,0.0,20.41796875,2485.5,7.51657196969697,2.104826,6.16429175,128.0,0,0.0,0.0,0.0,34.0,0.0,0.5392276422764227,0.5392276422764227,0.42703057532967675,0.5275868440502587,0.45741140545376746
trimwise_lexical,True,evidence_qa,end,128,6,1.0,0,0.5950757575757576,0.3417851195328518,0.5,0.5,0.5,0.5,0.3333333333333333,0.3333333333333333,0.3333333333333333,0.3333333333333333,0.3333333333333333,0.5742424242424242,0.5,0.5,0.5,0.5,0.5,0.5,,,0.0,0.0,20.578740157480315,2486.5,4.689607290199429,7.5612595,9.285257249999999,127.0,0,0.0,0.0,0.0,,0.0,0.5000554323725056,0.5000554323725056,0.49192535107169255,0.5000554323725056,0.5000554323725056
trimwise_hybrid,True,evidence_qa,end,128,6,1.0,0,0.4978535353535354,0.3204748555703601,0.3333333333333333,0.3333333333333333,0.3333333333333333,0.3333333333333333,0.16666666666666666,0.16666666666666666,0.16666666666666666,0.16666666666666666,0.16666666666666666,0.47007575757575754,0.3333333333333333,0.3333333333333333,0.3333333333333333,0.3333333333333333,0.3333333333333333,0.3333333333333333,,,0.0,0.0,20.831661163322327,2486.5,4.473434116533637,30.020751,44.26193975,125.5,0,0.0,0.0,0.0,,0.0,0.5121581670362159,0.5121581670362159,0.5040280857354028,0.5121581670362159,0.5121581670362159
embedding_mmr_source_order,True,evidence_qa,end,128,6,1.0,0,0.5083054226475279,0.2952153745613661,0.3333333333333333,0.3333333333333333,0.3333333333333333,0.3333333333333333,0.16666666666666666,0.16666666666666666,0.16666666666666666,0.16666666666666666,0.16666666666666666,0.45894338118022326,0.16666666666666666,0.16666666666666666,0.16666666666666666,0.16666666666666666,0.16666666666666666,0.16666666666666666,,,0.0,0.0,20.41796875,2485.5,3.9711361144338118,18.0384405,22.14870475,128.0,0,0.0,0.0,0.0,44.0,0.0,0.41471389115805035,0.41471389115805035,0.3195841599564321,0.40307309293188626,0.35044151398451784
embedding_topk_source_order,True,evidence_qa,end,128,6,1.0,0,0.5083054226475279,0.2952153745613661,0.3333333333333333,0.3333333333333333,0.3333333333333333,0.3333333333333333,0.16666666666666666,0.16666666666666666,0.16666666666666666,0.16666666666666666,0.16666666666666666,0.45894338118022326,0.16666666666666666,0.16666666666666666,0.16666666666666666,0.16666666666666666,0.16666666666666666,0.16666666666666666,,,0.0,0.0,20.41796875,2485.5,3.9711361144338118,19.5127155,26.3896695,128.0,0,0.0,0.0,0.0,40.0,0.0,0.41471389115805035,0.41471389115805035,0.3195841599564321,0.40307309293188626,0.35044151398451784
recomp_extractive,True,evidence_qa,end,128,6,1.0,0,0.42275784157363105,0.2571327340925688,0.16666666666666666,0.16666666666666666,0.16666666666666666,0.16666666666666666,0.0,0.0,0.0,0.0,0.0,0.3239925571504519,0.0,0.0,0.0,0.0,0.0,0.0,,,0.0,0.0,20.421875,2486.0,3.3053587934619717,305.486406,378.69812625,128.0,0,569.281982421875,705.0,0.0,,0.0,0.319176926518069,0.319176926518069,0.29478668261563,0.29885172326603654,0.29885172326603654
llmlingua,True,evidence_qa,end,128,6,1.0,0,0.1791600212652844,0.14629951425726073,0.0,0.0,0.0,0.0,0.0,0.0,0.0,0.0,0.0,0.13983253588516745,0.0,0.0,0.0,0.0,0.0,0.0,,,0.0,0.16666666666666666,33.53344594594594,2521.5,2.244300063025903,328.976182,374.14466749999997,77.0,0,1193.24658203125,1380.0,0.0,,0.0,0.0,0.0,0.0,0.0,0.0
longllmlingua,True,evidence_qa,end,128,6,1.0,0,0.170388091440723,0.1160571229536747,0.0,0.0,0.0,0.0,0.0,0.0,0.0,0.0,0.0,0.13149920255183414,0.0,0.0,0.0,0.0,0.0,0.0,,,0.0,0.3333333333333333,29.14562053115424,2498.5,1.7363106825424686,655.2790245,758.9064375,88.5,0,1193.2509765625,1406.0,0.0,,0.0,0.0,0.0,0.0,0.0,0.0
bm25_128_32_source_order,True,evidence_qa,end,256,6,1.0,0,1.0,0.33280969421408224,1.0,1.0,1.0,1.0,0.8333333333333334,0.8333333333333334,0.8333333333333334,0.8333333333333334,0.8333333333333334,0.962121212121212,0.8333333333333334,0.8333333333333334,0.8333333333333334,0.8333333333333334,0.8333333333333334,0.8333333333333334,,,0.0,0.0,10.208984375,2357.5,3.9139294169111216,3.0225615,4.0741115,256.0,0,0.0,0.0,0.0,35.0,0.0,0.6116361788617887,0.6116361788617887,0.4953740712646361,0.595930339985218,0.5257549013887268
embedding_topk_source_order,True,evidence_qa,end,256,6,1.0,0,0.753213716108453,0.2611175799815208,0.6666666666666666,0.6666666666666666,0.6666666666666666,0.6666666666666666,0.3333333333333333,0.3333333333333333,0.3333333333333333,0.3333333333333333,0.3333333333333333,0.6515948963317384,0.3333333333333333,0.3333333333333333,0.3333333333333333,0.3333333333333333,0.3333333333333333,0.3333333333333333,,,0.0,0.0,10.2109375,2358.0,2.9561036226532718,19.199368999999997,24.12881075,256.0,0,0.0,0.0,0.0,40.0,0.0,0.5088468121523321,0.5088468121523321,0.3921081806511845,0.49314097327576145,0.4229655346792702
embedding_mmr_source_order,True,evidence_qa,end,256,6,1.0,0,0.7468341307814992,0.25301138887806557,0.6666666666666666,0.6666666666666666,0.6666666666666666,0.6666666666666666,0.3333333333333333,0.3333333333333333,0.3333333333333333,0.3333333333333333,0.3333333333333333,0.6364433811802233,0.3333333333333333,0.3333333333333333,0.3333333333333333,0.3333333333333333,0.3333333333333333,0.3333333333333333,,,0.0,0.0,10.249019607843138,2358.5,2.9380293678647043,17.17732,21.5599225,255.0,0,0.0,0.0,0.0,44.0,0.0,0.521346812152332,0.521346812152332,0.4046081806511845,0.5056409732757614,0.43546553467927024
recomp_extractive,True,evidence_qa,end,256,6,1.0,0,0.6806552365762891,0.23481418234142085,0.3333333333333333,0.3333333333333333,0.3333333333333333,0.3333333333333333,0.0,0.0,0.0,0.0,0.0,0.5558200425305688,0.16666666666666666,0.16666666666666666,0.16666666666666666,0.16666666666666666,0.16666666666666666,0.16666666666666666,,,0.0,0.0,10.2109375,2358.0,2.667127367235715,312.7714635,398.43773675,255.5,0,569.281982421875,705.0,0.0,64.0,0.0,0.3650703115882834,0.3650703115882834,0.32848494573462483,0.34068006768584436,0.33661502703543783
trimwise_lexical,True,evidence_qa,end,256,6,1.0,0,0.6457070707070708,0.22313561056406175,0.5,0.5,0.5,0.5,0.3333333333333333,0.3333333333333333,0.3333333333333333,0.3333333333333333,0.3333333333333333,0.5811868686868688,0.5,0.5,0.5,0.5,0.5,0.5,,,0.0,0.0,10.29149810121677,2360.0,2.5986453428840703,8.240001,10.207422000000001,251.0,0,686.13623046875,790.0,0.0,46.0,0.0,0.6009885439763488,0.6009885439763488,0.5928584626755359,0.6009885439763488,0.6009885439763488
trimwise_hybrid,True,evidence_qa,end,256,6,1.0,0,0.5370959595959596,0.21179532033936146,0.3333333333333333,0.3333333333333333,0.3333333333333333,0.3333333333333333,0.16666666666666666,0.16666666666666666,0.16666666666666666,0.16666666666666666,0.16666666666666666,0.4950757575757576,0.3333333333333333,0.3333333333333333,0.3333333333333333,0.3333333333333333,0.3333333333333333,0.3333333333333333,,,0.0,0.0,11.151073508005823,2367.0,2.2933391778825913,32.382698500000004,46.776315249999996,234.5,0,686.13623046875,790.0,0.0,46.0,0.0,0.6120750184774575,0.6120750184774575,0.6039449371766445,0.6120750184774575,0.6120750184774575
llmlingua,True,evidence_qa,end,256,6,1.0,0,0.19904306220095694,0.12455997049617733,0.0,0.0,0.0,0.0,0.0,0.0,0.0,0.0,0.0,0.13983253588516745,0.0,0.0,0.0,0.0,0.0,0.0,,,0.0,0.0,22.31214605067064,2486.5,1.6166116773678372,341.799369,390.96612225,116.0,0,1870.7578125,2088.0,0.0,67.0,0.0,0.0,0.0,0.0,0.0,0.0
longllmlingua,True,evidence_qa,end,256,6,1.0,0,0.2059875066454014,0.11369385816833456,0.0,0.0,0.0,0.0,0.0,0.0,0.0,0.0,0.0,0.16943779904306222,0.0,0.0,0.0,0.0,0.0,0.0,,,0.0,0.16666666666666666,22.265539237501855,2463.0,1.6881194192471913,673.512111,789.59047725,116.5,0,1193.2509765625,1408.0,8243.005995056592,70.0,0.0,0.0,0.0,0.0,0.0,0.0
trimwise_hybrid,True,evidence_qa,end,512,6,1.0,0,0.6662626262626262,0.21541472981068174,0.5,0.5,0.5,0.5,0.5,0.5,0.5,0.5,0.5,0.6242424242424243,0.5,0.5,0.5,0.5,0.5,0.5,,,0.0,0.0,8.563060025050582,2308.0,2.0199772504894815,29.647591,43.5511225,306.0,0,0.0,0.0,0.0,,0.0,0.6318458980044346,0.6318458980044346,0.6318458980044346,0.6318458980044346,0.6318458980044346
bm25_128_32_source_order,True,evidence_qa,end,512,6,1.0,0,1.0,0.19154943850433434,1.0,1.0,1.0,1.0,0.8333333333333334,0.8333333333333334,0.8333333333333334,0.8333333333333334,0.8333333333333334,0.9696969696969697,1.0,1.0,1.0,0.8333333333333334,0.8333333333333334,0.8333333333333334,,,0.0,0.0,5.119494647173938,2103.0,1.9601548401018265,2.623021,3.5602565,510.0,0,0.0,0.0,0.0,35.0,0.0,0.6642045454545454,0.6642045454545454,0.5451015287664839,0.6642045454545454,0.5795473995409811
trimwise_lexical,True,evidence_qa,end,512,6,1.0,0,0.6457070707070708,0.163305179892024,0.5,0.5,0.5,0.5,0.3333333333333333,0.3333333333333333,0.3333333333333333,0.3333333333333333,0.3333333333333333,0.5811868686868688,0.5,0.5,0.5,0.5,0.5,0.5,,,0.0,0.0,6.798436118479222,2197.5,1.5944184312338436,8.432219499999999,10.53246075,382.0,0,0.0,0.0,0.0,,0.0,0.6091186252771619,0.6091186252771619,0.6050535846267554,0.6091186252771619,0.6091186252771619
recomp_extractive,True,evidence_qa,end,512,6,1.0,0,0.8331140350877192,0.1551278759646616,0.6666666666666666,0.6666666666666666,0.6666666666666666,0.6666666666666666,0.0,0.0,0.0,0.0,0.0,0.6641533758639021,0.16666666666666666,0.16666666666666666,0.16666666666666666,0.16666666666666666,0.16666666666666666,0.16666666666666666,,,0.0,0.0,5.1044921875,2101.5,1.6282747214783535,309.91576299999997,382.03728075000004,512.0,0,569.281982421875,705.0,0.0,,0.0,0.41024153602780045,0.41024153602780045,0.34113584497088995,0.35739600757251594,0.3533309669221094
embedding_mmr_source_order,True,evidence_qa,end,512,6,1.0,0,0.7944856459330144,0.1498981456095796,0.6666666666666666,0.6666666666666666,0.6666666666666666,0.6666666666666666,0.3333333333333333,0.3333333333333333,0.3333333333333333,0.3333333333333333,0.3333333333333333,0.6557615629984052,0.3333333333333333,0.3333333333333333,0.3333333333333333,0.3333333333333333,0.3333333333333333,0.3333333333333333,,,0.0,0.0,5.109485842710372,2102.0,1.5538586668209673,19.013606000000003,20.1464695,511.0,0,0.0,0.0,0.0,44.0,0.0,0.5505134788189987,0.5505134788189987,0.4309339382269421,0.5272318823666705,0.44663977710351266
embedding_topk_source_order,True,evidence_qa,end,512,6,1.0,0,0.7970614035087719,0.14981511719961452,0.6666666666666666,0.6666666666666666,0.6666666666666666,0.6666666666666666,0.3333333333333333,0.3333333333333333,0.3333333333333333,0.3333333333333333,0.3333333333333333,0.6599282296650718,0.3333333333333333,0.3333333333333333,0.3333333333333333,0.3333333333333333,0.3333333333333333,0.3333333333333333,,,0.0,0.0,5.1044921875,2101.5,1.5573975807991725,18.857252000000003,21.3975065,512.0,0,0.0,0.0,0.0,40.0,0.0,0.5566618528027386,0.5566618528027386,0.4510096958026997,0.5333802563504104,0.46320481775391914
llmlingua,True,evidence_qa,end,512,6,1.0,0,0.2553907496012759,0.11080669963109707,0.0,0.0,0.0,0.0,0.0,0.0,0.0,0.0,0.0,0.1589992025518341,0.0,0.0,0.0,0.0,0.0,0.0,,,0.0,0.0,13.160714285714285,2414.5,1.2596845623208897,344.66020000000003,388.48361350000005,196.0,0,1193.24658203125,1380.0,0.0,,0.0,0.015151515151515152,0.015151515151515152,0.0,0.0,0.0
longllmlingua,True,evidence_qa,end,512,6,1.0,0,0.3119085592769803,0.10060371155525887,0.0,0.0,0.0,0.0,0.0,0.0,0.0,0.0,0.0,0.17864832535885167,0.0,0.0,0.0,0.0,0.0,0.0,,,0.0,0.0,11.170323488045007,2348.5,1.2460937520908926,685.86247,791.0412537499999,233.5,0,1193.2509765625,1402.0,0.0,,0.0,0.030303030303030304,0.030303030303030304,0.015151515151515152,0.007575757575757576,0.007575757575757576
trimwise_hybrid,True,evidence_qa,end,1024,6,1.0,0,1.0,0.17419645575600218,1.0,1.0,1.0,1.0,1.0,1.0,1.0,1.0,1.0,1.0,1.0,1.0,1.0,1.0,1.0,1.0,,,0.0,0.0,2.899199861058111,1706.5,1.4650967656345975,33.8009535,46.934757,907.0,0,686.13623046875,790.0,0.0,46.0,0.0,0.6481060606060606,0.6481060606060606,0.6481060606060606,0.6481060606060606,0.6481060606060606
trimwise_lexical,True,evidence_qa,end,1024,6,1.0,0,1.0,0.15024230509234968,1.0,1.0,1.0,1.0,1.0,1.0,1.0,1.0,1.0,1.0,1.0,1.0,1.0,1.0,1.0,1.0,,,0.0,0.0,3.227138878777386,1779.0,1.428850806839406,9.727951000000001,11.87648725,834.5,0,686.13623046875,790.0,0.0,46.0,0.0,0.6329545454545454,0.6329545454545454,0.6329545454545454,0.6329545454545454,0.6329545454545454
bm25_128_32_source_order,True,evidence_qa,end,1024,6,1.0,0,1.0,0.0991926269441683,1.0,1.0,1.0,1.0,0.8333333333333334,0.8333333333333334,0.8333333333333334,0.8333333333333334,0.8333333333333334,0.9696969696969697,1.0,1.0,1.0,0.8333333333333334,0.8333333333333334,0.8333333333333334,,,0.0,0.0,2.5622549019607845,1593.5,0.980393413297355,3.2517365,6.1683959999999995,1020.0,0,0.0,0.0,0.0,35.0,0.0,0.6079545454545454,0.6079545454545454,0.49926819543315054,0.6079545454545454,0.5337140662076477
embedding_mmr_source_order,True,evidence_qa,end,1024,6,1.0,0,0.9028947368421053,0.09136018384178324,0.8333333333333334,0.8333333333333334,0.8333333333333334,0.8333333333333334,0.3333333333333333,0.3333333333333333,0.3333333333333333,0.3333333333333333,0.3333333333333333,0.7383373205741627,0.5,0.5,0.5,0.3333333333333333,0.3333333333333333,0.3333333333333333,,,0.0,0.0,2.553493287206745,1590.0,0.8823484439846255,19.4223435,21.775305250000002,1023.0,0,0.0,0.0,0.0,44.0,0.0,0.5929878048780488,0.5929878048780488,0.4761713735558408,0.5848577235772358,0.5106172443303381
recomp_extractive,True,evidence_qa,end,1024,6,1.0,0,0.900219298245614,0.08716063932276397,0.8333333333333334,0.8333333333333334,0.8333333333333334,0.8333333333333334,0.0,0.0,0.0,0.0,0.0,0.6641533758639021,0.16666666666666666,0.16666666666666666,0.16666666666666666,0.16666666666666666,0.16666666666666666,0.16666666666666666,,,0.0,0.0,2.55224609375,1589.5,0.879438610626104,329.4566815,408.467676,1024.0,0,569.281982421875,705.0,0.0,65.0,0.0,0.4618136597035827,0.4618136597035827,0.34448180456684946,0.3607419671684755,0.356676926518069
longllmlingua,True,evidence_qa,end,1024,6,1.0,0,0.45278575225943646,0.08523282017260735,0.0,0.0,0.0,0.0,0.0,0.0,0.0,0.0,0.0,0.21892610313662944,0.0,0.0,0.0,0.0,0.0,0.0,,,0.0,0.0,5.280215405246836,2115.5,0.9143872292780278,749.6696985,862.483815,488.5,0,1193.2509765625,1356.0,4116.64408899378,70.0,0.0,0.10446570972886764,0.10446570972886764,0.015151515151515152,0.05143540669856459,0.007575757575757576
embedding_topk_source_order,True,evidence_qa,end,1024,6,1.0,0,0.8437280701754387,0.08512387927354044,0.6666666666666666,0.6666666666666666,0.6666666666666666,0.6666666666666666,0.3333333333333333,0.3333333333333333,0.3333333333333333,0.3333333333333333,0.3333333333333333,0.6675039872408294,0.5,0.5,0.5,0.3333333333333333,0.3333333333333333,0.3333333333333333,,,0.0,0.0,2.553493287206745,1590.0,0.8247406365992741,18.677563499999998,23.106090000000002,1023.0,0,0.0,0.0,0.0,40.0,0.0,0.5472560975609756,0.5472560975609756,0.43450470688917414,0.5431910569105691,0.4689505776636714
llmlingua,True,evidence_qa,end,1024,6,1.0,0,0.36146331738437,0.07846074945744076,0.0,0.0,0.0,0.0,0.0,0.0,0.0,0.0,0.0,0.17237639553429027,0.0,0.0,0.0,0.0,0.0,0.0,,,0.0,0.0,6.479459139011869,2197.5,0.854059680483819,372.07208549999996,416.70289975000003,398.5,0,1870.7578125,2064.0,0.0,67.0,0.0,0.29327615046485395,0.29327615046485395,0.09580561714708057,0.14696021511650523,0.09580561714708057
llmlingua_queryless,False,evidence_qa,end,128,6,1.0,0,0.1791600212652844,0.14629951425726073,0.0,0.0,0.0,0.0,0.0,0.0,0.0,0.0,0.0,0.13983253588516745,0.0,0.0,0.0,0.0,0.0,0.0,,,0.0,0.16666666666666666,33.53344594594594,2521.5,2.244300063025903,335.705027,382.34423000000004,77.0,0,1193.24658203125,1380.0,0.0,64.0,0.0,0.0,0.0,0.0,0.0,0.0
trimwise_structural,False,evidence_qa,end,128,6,1.0,0,0.2702565124933546,0.1391176020626211,0.0,0.0,0.0,0.0,0.0,0.0,0.0,0.0,0.0,0.21565124933545987,0.0,0.0,0.0,0.0,0.0,0.0,,,0.0,0.0,20.578740157480315,2486.5,2.118301930815717,10.661010000000001,15.946197999999999,127.0,0,0.0,0.0,0.0,,0.0,0.015151515151515152,0.015151515151515152,0.015151515151515152,0.015151515151515152,0.015151515151515152
head_tail,False,evidence_qa,end,128,6,1.0,0,0.20980329611908557,0.11431868125645524,0.0,0.0,0.0,0.0,0.0,0.0,0.0,0.0,0.0,0.15737639553429025,0.0,0.0,0.0,0.0,0.0,0.0,,,0.0,0.0,20.41796875,2485.5,1.6390882509303564,1.2778345,1.3799299999999999,128.0,0,0.0,0.0,0.0,,0.0,0.11363636363636363,0.11363636363636363,0.10606060606060606,0.10606060606060606,0.10606060606060606
naive_first_n,False,evidence_qa,end,128,6,1.0,0,0.0913157894736842,0.052924357243379856,0.0,0.0,0.0,0.0,0.0,0.0,0.0,0.0,0.0,0.05432748538011697,0.0,0.0,0.0,0.0,0.0,0.0,,,0.0,0.0,20.41796875,2485.5,0.7134046052631579,0.8070125,0.87582175,128.0,0,0.0,0.0,0.0,,0.0,0.2357577702571284,0.2357577702571284,0.20944198078344423,0.2357577702571284,0.2357577702571284
llmlingua2,False,evidence_qa,end,128,6,1.0,0,0.0,0.0,0.0,0.0,0.0,0.0,0.0,0.0,0.0,0.0,0.0,0.0,0.0,0.0,0.0,0.0,0.0,0.0,,,0.0,1.0,11.373644774933304,2383.5,0.0,133.48593599999998,136.11859875000002,230.0,0,826.17138671875,946.0,0.0,62.0,0.0,0.0,0.0,0.0,0.0,0.0
llmlingua_queryless,False,evidence_qa,end,256,6,1.0,0,0.19904306220095694,0.12455997049617733,0.0,0.0,0.0,0.0,0.0,0.0,0.0,0.0,0.0,0.13983253588516745,0.0,0.0,0.0,0.0,0.0,0.0,,,0.0,0.0,22.31214605067064,2486.5,1.6166116773678372,339.1036775,390.14473,116.0,0,1193.24658203125,1380.0,0.0,65.0,0.0,0.0,0.0,0.0,0.0,0.0
trimwise_structural,False,evidence_qa,end,256,6,1.0,0,0.3273471557682084,0.10915291376264487,0.0,0.0,0.0,0.0,0.0,0.0,0.0,0.0,0.0,0.186981658692185,0.0,0.0,0.0,0.0,0.0,0.0,,,0.0,0.0,10.249019607843138,2358.5,1.2816073052683474,11.601041,22.8376375,255.0,0,0.0,0.0,0.0,,0.0,0.03436807095343681,0.03436807095343681,0.03436807095343681,0.03436807095343681,0.03436807095343681
head_tail,False,evidence_qa,end,256,6,1.0,0,0.2840138224348751,0.09223512751110656,0.0,0.0,0.0,0.0,0.0,0.0,0.0,0.0,0.0,0.16614832535885168,0.0,0.0,0.0,0.0,0.0,0.0,,,0.0,0.0,10.208984375,2357.5,1.1107821393110673,1.376987,1.50369025,256.0,0,0.0,0.0,0.0,,0.0,0.27553049752985564,0.27553049752985564,0.24921470805617144,0.27553049752985564,0.24921470805617144
naive_first_n,False,evidence_qa,end,256,6,1.0,0,0.20166932482721955,0.07296061443666331,0.0,0.0,0.0,0.0,0.0,0.0,0.0,0.0,0.0,0.10940324295587454,0.0,0.0,0.0,0.0,0.0,0.0,,,0.0,0.0,10.208984375,2357.5,0.7877708001063265,0.812643,0.87477425,256.0,0,0.0,0.0,0.0,,0.0,0.2741908818609717,0.2741908818609717,0.2701258412105652,0.2701258412105652,0.2701258412105652
llmlingua2,False,evidence_qa,end,256,6,1.0,0,0.011742424242424243,0.013180827886710239,0.0,0.0,0.0,0.0,0.0,0.0,0.0,0.0,0.0,0.011742424242424243,0.0,0.0,0.0,0.0,0.0,0.0,,,0.0,0.16666666666666666,11.270367478949423,2381.5,0.051728741156053935,131.927234,134.02238649999998,232.0,0,826.17138671875,946.0,0.0,62.0,0.0,0.0,0.0,0.0,0.0,0.0
head_tail,False,evidence_qa,end,512,6,1.0,0,0.8079545454545455,0.1564004903284155,0.6666666666666666,0.6666666666666666,0.6666666666666666,0.6666666666666666,0.5,0.5,0.5,0.5,0.5,0.7352272727272727,0.6666666666666666,0.6666666666666666,0.6666666666666666,0.5,0.5,0.5,,,0.0,0.0,5.1044921875,2101.5,1.5793102757331139,1.774212,1.8150897499999998,512.0,0,0.0,0.0,0.0,,0.0,0.39688849340646515,0.39688849340646515,0.3846933714552456,0.38875841210565215,0.3846933714552456
llmlingua_queryless,False,evidence_qa,end,512,6,1.0,0,0.2553907496012759,0.11080669963109707,0.0,0.0,0.0,0.0,0.0,0.0,0.0,0.0,0.0,0.1589992025518341,0.0,0.0,0.0,0.0,0.0,0.0,,,0.0,0.0,13.160714285714285,2414.5,1.2596845623208897,347.95892200000003,397.2174945,196.0,0,1193.24658203125,1380.0,0.0,65.0,0.0,0.015151515151515152,0.015151515151515152,0.0,0.0,0.0
trimwise_structural,False,evidence_qa,end,512,6,1.0,0,0.49015284423179156,0.08897735580032863,0.0,0.0,0.0,0.0,0.0,0.0,0.0,0.0,0.0,0.2720162147793727,0.0,0.0,0.0,0.0,0.0,0.0,,,0.0,0.0,5.124527583727735,2103.5,0.9983373201034423,17.5406685,34.796600000000005,510.0,0,0.0,0.0,0.0,,0.0,0.06929046563192905,0.06929046563192905,0.04249815225424982,0.04249815225424982,0.04249815225424982
llmlingua2,False,evidence_qa,end,512,6,1.0,0,0.28286549707602343,0.061339808196658165,0.0,0.0,0.0,0.0,0.0,0.0,0.0,0.0,0.0,0.15216507177033492,0.0,0.0,0.0,0.0,0.0,0.0,,,0.0,0.0,5.6277195324304525,2146.5,0.6187635731569132,132.474615,134.59762975,464.5,0,826.17138671875,946.0,0.0,62.0,0.0,0.0,0.0,0.0,0.0,0.0
naive_first_n,False,evidence_qa,end,512,6,1.0,0,0.29437666135034557,0.054410460236164464,0.0,0.0,0.0,0.0,0.0,0.0,0.0,0.0,0.0,0.13111376927166402,0.0,0.0,0.0,0.0,0.0,0.0,,,0.0,0.0,5.1044921875,2101.5,0.5749544166998937,1.218721,1.2759079999999998,512.0,0,0.0,0.0,0.0,,0.0,0.2898967207375423,0.2898967207375423,0.2898967207375423,0.2898967207375423,0.2898967207375423
head_tail,False,evidence_qa,end,1024,6,1.0,0,1.0,0.09308491888264454,1.0,1.0,1.0,1.0,1.0,1.0,1.0,1.0,1.0,1.0,1.0,1.0,1.0,1.0,1.0,1.0,,,0.0,0.0,2.55224609375,1589.5,0.9767216010915608,2.5025165,2.7903545000000003,1024.0,0,0.0,0.0,0.0,,0.0,0.42072441358384877,0.42072441358384877,0.4166593729334423,0.4166593729334423,0.4166593729334423
llmlingua_queryless,False,evidence_qa,end,1024,6,1.0,0,0.36146331738437,0.07846074945744076,0.0,0.0,0.0,0.0,0.0,0.0,0.0,0.0,0.0,0.17237639553429027,0.0,0.0,0.0,0.0,0.0,0.0,,,0.0,0.0,6.479459139011869,2197.5,0.854059680483819,368.1917905,411.15659700000003,398.5,0,1193.24658203125,1356.0,0.0,65.0,0.0,0.29327615046485395,0.29327615046485395,0.09580561714708057,0.14696021511650523,0.09580561714708057
trimwise_structural,False,evidence_qa,end,1024,6,1.0,0,0.8532894736842106,0.07785914546945417,0.6666666666666666,0.6666666666666666,0.6666666666666666,0.6666666666666666,0.5,0.5,0.5,0.5,0.5,0.7094298245614036,0.5,0.5,0.5,0.5,0.5,0.5,,,0.0,0.0,2.5547409579667644,1590.5,0.8428553190735202,30.8450025,68.7268675,1022.5,0,0.0,0.0,0.0,,0.0,0.15467941611234293,0.15467941611234293,0.10460550628233556,0.10867054693274204,0.10867054693274204
naive_first_n,False,evidence_qa,end,1024,6,1.0,0,0.5347049441786283,0.05273710302965368,0.0,0.0,0.0,0.0,0.0,0.0,0.0,0.0,0.0,0.22142610313662944,0.0,0.0,0.0,0.0,0.0,0.0,,,0.0,0.0,2.55224609375,1589.5,0.5221727970494418,2.010091,2.0712295000000003,1024.0,0,0.0,0.0,0.0,,0.0,0.5197635857937527,0.5197635857937527,0.5197635857937527,0.5197635857937527,0.5197635857937527
llmlingua2,False,evidence_qa,end,1024,6,1.0,0,0.5038530037214247,0.035126714742869165,0.0,0.0,0.0,0.0,0.0,0.0,0.0,0.0,0.0,0.3073511430090377,0.0,0.0,0.0,0.0,0.0,0.0,,,0.0,1.0,2.372278845963642,1500.5,0.4578727104794371,134.353174,135.09227850000002,1101.5,0,826.17138671875,946.0,0.0,62.0,0.0,0.02032520325203252,0.02032520325203252,0.0,0.012195121951219511,0.0
bm25_128_32_source_order,True,evidence_qa,middle,128,15,1.0,0,0.9888888888888889,0.48028292015621826,1.0,1.0,1.0,1.0,0.9333333333333333,0.9333333333333333,0.9333333333333333,0.9333333333333333,0.9333333333333333,0.9833333333333333,0.9333333333333333,0.9333333333333333,0.9333333333333333,0.9333333333333333,0.9333333333333333,0.9333333333333333,,,0.0,0.0,11.75,1376.0,7.725694444444445,1.216512,2.1595117999999998,128.0,0,0.0,0.0,0.0,35.0,0.0,0.5392276422764227,0.5392276422764227,0.42703057532967675,0.5275868440502587,0.45741140545376746
embedding_mmr_source_order,True,evidence_qa,middle,128,15,1.0,0,0.9485042735042735,0.4647531631748483,0.9333333333333333,0.9333333333333333,0.9333333333333333,0.9333333333333333,0.8666666666666667,0.8666666666666667,0.8666666666666667,0.8666666666666667,0.8666666666666667,0.9459401709401709,0.9333333333333333,0.9333333333333333,0.9333333333333333,0.9333333333333333,0.9333333333333333,0.9333333333333333,,,0.0,0.0,11.75,1376.0,7.410189636752136,13.576071,23.1035493,128.0,0,0.0,0.0,0.0,43.0,0.0,0.41471389115805035,0.41471389115805035,0.3195841599564321,0.40307309293188626,0.35044151398451784
embedding_topk_source_order,True,evidence_qa,middle,128,15,1.0,0,0.9485042735042735,0.4647531631748483,0.9333333333333333,0.9333333333333333,0.9333333333333333,0.9333333333333333,0.8666666666666667,0.8666666666666667,0.8666666666666667,0.8666666666666667,0.8666666666666667,0.9459401709401709,0.9333333333333333,0.9333333333333333,0.9333333333333333,0.9333333333333333,0.9333333333333333,0.9333333333333333,,,0.0,0.0,11.75,1376.0,7.410189636752136,11.284906,19.200753099999996,128.0,0,0.0,0.0,0.0,39.0,0.0,0.41471389115805035,0.41471389115805035,0.3195841599564321,0.40307309293188626,0.35044151398451784
trimwise_hybrid,True,evidence_qa,middle,128,15,1.0,0,0.753965811965812,0.35571052893322186,0.7333333333333333,0.7333333333333333,0.7333333333333333,0.7333333333333333,0.6666666666666666,0.6666666666666666,0.6666666666666666,0.6666666666666666,0.6666666666666666,0.7468433048433049,0.7333333333333333,0.7333333333333333,0.7333333333333333,0.7333333333333333,0.7333333333333333,0.7333333333333333,,,0.0,0.0,12.129032258064516,1380.0,5.979681538781464,38.32906,43.11419829999999,128.0,0,0.0,0.0,0.0,,0.0,0.5121581670362159,0.5121581670362159,0.5040280857354028,0.5121581670362159,0.5121581670362159
trimwise_lexical,True,evidence_qa,middle,128,15,1.0,0,0.756928774928775,0.3527016415885731,0.7333333333333333,0.7333333333333333,0.7333333333333333,0.7333333333333333,0.6666666666666666,0.6666666666666666,0.6666666666666666,0.6666666666666666,0.6666666666666666,0.7501766381766382,0.7333333333333333,0.7333333333333333,0.7333333333333333,0.7333333333333333,0.7333333333333333,0.7333333333333333,,,0.0,0.0,12.120967741935484,1378.0,6.004234460011364,5.11548,8.5547899,127.0,0,0.0,0.0,0.0,,0.0,0.5000554323725056,0.5000554323725056,0.49192535107169255,0.5000554323725056,0.5000554323725056
recomp_extractive,True,evidence_qa,middle,128,15,1.0,0,0.3457150997150997,0.1711905103873891,0.06666666666666667,0.06666666666666667,0.06666666666666667,0.06666666666666667,0.0,0.0,0.0,0.0,0.0,0.2998469678469678,0.0,0.0,0.0,0.0,0.0,0.0,,,0.0,0.0,12.016,1377.0,2.7461777810626233,112.110552,378.7129402,127.0,0,448.01611328125,492.0,0.0,,0.0,0.319176926518069,0.319176926518069,0.29478668261563,0.29885172326603654,0.29885172326603654
llmlingua,True,evidence_qa,middle,128,15,1.0,0,0.19388074888074888,0.09090643591373017,0.0,0.0,0.0,0.0,0.0,0.0,0.0,0.0,0.0,0.1324106634106634,0.0,0.0,0.0,0.0,0.0,0.0,,,0.0,0.6666666666666666,9.290123456790123,1343.0,1.457082846121801,140.987986,366.32417489999995,162.0,0,1193.2001953125,1380.0,0.0,,0.0,0.0,0.0,0.0,0.0,0.0
longllmlingua,True,evidence_qa,middle,128,15,1.0,0,0.1957912087912088,0.08104131333674555,0.0,0.0,0.0,0.0,0.0,0.0,0.0,0.0,0.0,0.12927838827838828,0.0,0.0,0.0,0.0,0.0,0.0,,,0.0,0.6666666666666666,9.011976047904191,1335.0,1.2186570350076105,276.658605,723.2696789,178.0,0,1193.2041015625,1404.0,0.0,,0.0,0.0,0.0,0.0,0.0,0.0
embedding_mmr_source_order,True,evidence_qa,middle,256,15,1.0,0,0.9972222222222222,0.2911794910880599,1.0,1.0,1.0,1.0,0.9333333333333333,0.9333333333333333,0.9333333333333333,0.9333333333333333,0.9333333333333333,0.9972222222222222,1.0,1.0,1.0,1.0,1.0,1.0,,,0.0,0.0,5.890196078431373,1248.0,3.899484272875817,14.921756,17.932464999999997,256.0,0,0.0,0.0,0.0,43.0,0.0,0.521346812152332,0.521346812152332,0.4046081806511845,0.5056409732757614,0.43546553467927024
embedding_topk_source_order,True,evidence_qa,middle,256,15,1.0,0,0.9972222222222222,0.28862815782794976,1.0,1.0,1.0,1.0,0.9333333333333333,0.9333333333333333,0.9333333333333333,0.9333333333333333,0.9333333333333333,0.9972222222222222,1.0,1.0,1.0,1.0,1.0,1.0,,,0.0,0.0,5.890196078431373,1248.0,3.9015347978102,11.226903,21.670290299999998,256.0,0,0.0,0.0,0.0,39.0,0.0,0.5088468121523321,0.5088468121523321,0.3921081806511845,0.49314097327576145,0.4229655346792702
bm25_128_32_source_order,True,evidence_qa,middle,256,15,1.0,0,1.0,0.2835919486881627,1.0,1.0,1.0,1.0,0.9333333333333333,0.9333333333333333,0.9333333333333333,0.9333333333333333,0.9333333333333333,0.986111111111111,0.9333333333333333,0.9333333333333333,0.9333333333333333,0.9333333333333333,0.9333333333333333,0.9333333333333333,,,0.0,0.0,5.890196078431373,1248.0,3.911356209150327,1.660386,3.0785135999999986,256.0,0,0.0,0.0,0.0,35.0,0.0,0.6116361788617887,0.6116361788617887,0.4953740712646361,0.595930339985218,0.5257549013887268
trimwise_hybrid,True,evidence_qa,middle,256,15,1.0,0,0.8970085470085469,0.27192455236876134,0.8666666666666667,0.8666666666666667,0.8666666666666667,0.8666666666666667,0.8,0.8,0.8,0.8,0.8,0.8857956857956857,0.8666666666666667,0.8666666666666667,0.8666666666666667,0.8666666666666667,0.8666666666666667,0.8666666666666667,,,0.0,0.0,6.526086956521739,1271.0,3.75657887917363,38.850817,44.78379109999999,238.0,0,686.13623046875,790.0,0.0,46.0,0.0,0.6120750184774575,0.6120750184774575,0.6039449371766445,0.6120750184774575,0.6120750184774575
trimwise_lexical,True,evidence_qa,middle,256,15,1.0,0,0.8952991452991452,0.24876871876512882,0.8666666666666667,0.8666666666666667,0.8666666666666667,0.8666666666666667,0.8,0.8,0.8,0.8,0.8,0.8857956857956857,0.8666666666666667,0.8666666666666667,0.8666666666666667,0.8666666666666667,0.8666666666666667,0.8666666666666667,,,0.0,0.0,6.130612244897959,1257.0,3.602517394183822,6.006364,9.6942776,249.0,0,686.13623046875,790.0,0.0,49.0,0.0,0.6009885439763488,0.6009885439763488,0.5928584626755359,0.6009885439763488,0.6009885439763488
recomp_extractive,True,evidence_qa,middle,256,15,1.0,0,0.5948717948717949,0.18890887143008853,0.26666666666666666,0.26666666666666666,0.26666666666666666,0.26666666666666666,0.06666666666666667,0.06666666666666667,0.06666666666666667,0.06666666666666667,0.06666666666666667,0.507054131054131,0.13333333333333333,0.13333333333333333,0.13333333333333333,0.06666666666666667,0.06666666666666667,0.06666666666666667,,,0.0,0.0,5.936758893280633,1250.0,2.335742502994917,110.800191,371.97545249999996,255.0,0,448.01611328125,492.0,0.0,62.0,0.0,0.3650703115882834,0.3650703115882834,0.32848494573462483,0.34068006768584436,0.33661502703543783
llmlingua,True,evidence_qa,middle,256,15,1.0,0,0.23958160358160357,0.07866470067798796,0.0,0.0,0.0,0.0,0.0,0.0,0.0,0.0,0.0,0.12974399674399675,0.0,0.0,0.0,0.0,0.0,0.0,,,0.0,0.6,5.566666666666666,1234.0,1.105251592121188,148.222756,379.5451743,270.0,0,1870.71142578125,2064.0,0.0,65.0,0.0,0.0,0.0,0.0,0.0,0.0
longllmlingua,True,evidence_qa,middle,256,15,1.0,0,0.2488909238909239,0.07055252298249007,0.0,0.0,0.0,0.0,0.0,0.0,0.0,0.0,0.0,0.16361457061457063,0.0,0.0,0.0,0.0,0.0,0.0,,,0.0,0.6666666666666666,5.08445945945946,1208.0,1.0044593545417888,297.688041,748.3869973999999,299.0,0,1193.2041015625,1380.0,4126.704622001853,70.0,0.0,0.0,0.0,0.0,0.0,0.0
trimwise_hybrid,True,evidence_qa,middle,512,15,1.0,0,0.947008547008547,0.2426163236209548,0.9333333333333333,0.9333333333333333,0.9333333333333333,0.9333333333333333,0.9333333333333333,0.9333333333333333,0.9333333333333333,0.9333333333333333,0.9333333333333333,0.9418803418803419,0.9333333333333333,0.9333333333333333,0.9333333333333333,0.9333333333333333,0.9333333333333333,0.9333333333333333,,,0.0,0.0,6.404255319148936,1271.0,3.3432209190370523,38.530052,44.675826499999985,240.0,0,0.0,0.0,0.0,,0.0,0.6318458980044346,0.6318458980044346,0.6318458980044346,0.6318458980044346,0.6318458980044346
trimwise_lexical,True,evidence_qa,middle,512,15,1.0,0,0.9452991452991453,0.2249333835291485,0.9333333333333333,0.9333333333333333,0.9333333333333333,0.9333333333333333,0.9333333333333333,0.9333333333333333,0.9333333333333333,0.9333333333333333,0.9333333333333333,0.9418803418803419,0.9333333333333333,0.9333333333333333,0.9333333333333333,0.9333333333333333,0.9333333333333333,0.9333333333333333,,,0.0,0.0,6.044176706827309,1257.0,3.235836833729123,5.506562,11.2285858,249.0,0,0.0,0.0,0.0,,0.0,0.6091186252771619,0.6091186252771619,0.6050535846267554,0.6091186252771619,0.6091186252771619
embedding_mmr_source_order,True,evidence_qa,middle,512,15,1.0,0,0.9972222222222222,0.16017962782035952,1.0,1.0,1.0,1.0,0.9333333333333333,0.9333333333333333,0.9333333333333333,0.9333333333333333,0.9333333333333333,0.9972222222222222,1.0,1.0,1.0,1.0,1.0,1.0,,,0.0,0.0,2.939334637964775,992.0,1.9487188960915416,15.271853,20.0521909,512.0,0,0.0,0.0,0.0,43.0,0.0,0.5505134788189987,0.5505134788189987,0.4309339382269421,0.5272318823666705,0.44663977710351266
bm25_128_32_source_order,True,evidence_qa,middle,512,15,1.0,0,1.0,0.15647576342995528,1.0,1.0,1.0,1.0,0.9333333333333333,0.9333333333333333,0.9333333333333333,0.9333333333333333,0.9333333333333333,0.9972222222222222,1.0,1.0,1.0,1.0,1.0,1.0,,,0.0,0.0,2.9450980392156865,992.0,1.9569511594592173,1.625581,3.644468799999999,511.0,0,0.0,0.0,0.0,35.0,0.0,0.6642045454545454,0.6642045454545454,0.5451015287664839,0.6642045454545454,0.5795473995409811
embedding_topk_source_order,True,evidence_qa,middle,512,15,1.0,0,0.9972222222222222,0.155194570332488,1.0,1.0,1.0,1.0,0.9333333333333333,0.9333333333333333,0.9333333333333333,0.9333333333333333,0.9333333333333333,0.9972222222222222,1.0,1.0,1.0,1.0,1.0,1.0,,,0.0,0.0,2.939334637964775,992.0,1.9487188960915416,12.095671,18.259007899999997,512.0,0,0.0,0.0,0.0,39.0,0.0,0.5566618528027386,0.5566618528027386,0.4510096958026997,0.5333802563504104,0.46320481775391914
recomp_extractive,True,evidence_qa,middle,512,15,1.0,0,0.8511111111111112,0.13827908722073298,0.7333333333333333,0.7333333333333333,0.7333333333333333,0.7333333333333333,0.13333333333333333,0.13333333333333333,0.13333333333333333,0.13333333333333333,0.13333333333333333,0.7355441595441595,0.26666666666666666,0.26666666666666666,0.26666666666666666,0.2,0.2,0.2,,,0.0,0.0,2.939453125,993.0,1.6643904334652722,115.411064,374.84117119999996,511.0,0,448.01611328125,492.0,0.0,,0.0,0.41024153602780045,0.41024153602780045,0.34113584497088995,0.35739600757251594,0.3533309669221094
llmlingua,True,evidence_qa,middle,512,15,1.0,0,0.363977614977615,0.06993502978588446,0.0,0.0,0.0,0.0,0.0,0.0,0.0,0.0,0.0,0.2766870166870167,0.0,0.0,0.0,0.0,0.0,0.0,,,0.0,0.0,3.0969072164948455,1017.0,0.9227665595880485,158.897709,379.9141123,485.0,0,1193.2001953125,1334.0,0.0,,0.0,0.015151515151515152,0.015151515151515152,0.0,0.0,0.0
longllmlingua,True,evidence_qa,middle,512,15,1.0,0,0.3743894993894994,0.06855003189741429,0.0,0.0,0.0,0.0,0.0,0.0,0.0,0.0,0.0,0.27256613756613757,0.0,0.0,0.0,0.0,0.0,0.0,,,0.0,0.6,2.7973977695167287,967.0,0.891632010282304,322.557212,748.9502515999999,538.0,0,1193.2041015625,1334.0,0.0,,0.0,0.030303030303030304,0.030303030303030304,0.015151515151515152,0.007575757575757576,0.007575757575757576
trimwise_hybrid,True,evidence_qa,middle,1024,15,1.0,0,1.0,0.2328051484029477,1.0,1.0,1.0,1.0,1.0,1.0,1.0,1.0,1.0,1.0,1.0,1.0,1.0,1.0,1.0,1.0,,,0.0,0.0,6.319327731092437,1271.0,3.2170959026800783,38.804748,44.863489499999986,240.0,0,686.13623046875,790.0,0.0,46.0,0.0,0.6481060606060606,0.6481060606060606,0.6481060606060606,0.6481060606060606,0.6481060606060606
trimwise_lexical,True,evidence_qa,middle,1024,15,1.0,0,1.0,0.20421466179361847,1.0,1.0,1.0,1.0,1.0,1.0,1.0,1.0,1.0,1.0,1.0,1.0,1.0,1.0,1.0,1.0,,,0.0,0.0,6.032128514056225,1257.0,2.9547156592860784,6.356266,13.872141599999997,249.0,0,686.13623046875,790.0,0.0,49.0,0.0,0.6329545454545454,0.6329545454545454,0.6329545454545454,0.6329545454545454,0.6329545454545454
embedding_mmr_source_order,True,evidence_qa,middle,1024,15,1.0,0,1.0,0.08293253470696599,1.0,1.0,1.0,1.0,0.9333333333333333,0.9333333333333333,0.9333333333333333,0.9333333333333333,0.9333333333333333,0.9972222222222222,1.0,1.0,1.0,1.0,1.0,1.0,,,0.0,0.0,1.469208211143695,480.0,0.9769444671607178,12.82421,24.070747599999997,1024.0,0,0.0,0.0,0.0,43.0,0.0,0.5929878048780488,0.5929878048780488,0.4761713735558408,0.5848577235772358,0.5106172443303381
embedding_topk_source_order,True,evidence_qa,middle,1024,15,1.0,0,1.0,0.08260035845636463,1.0,1.0,1.0,1.0,0.9333333333333333,0.9333333333333333,0.9333333333333333,0.9333333333333333,0.9333333333333333,0.9972222222222222,1.0,1.0,1.0,1.0,1.0,1.0,,,0.0,0.0,1.469208211143695,480.0,0.977008107597342,12.128501,22.1109215,1024.0,0,0.0,0.0,0.0,39.0,0.0,0.5472560975609756,0.5472560975609756,0.43450470688917414,0.5431910569105691,0.4689505776636714
bm25_128_32_source_order,True,evidence_qa,middle,1024,15,1.0,0,1.0,0.08139708831399155,1.0,1.0,1.0,1.0,0.9333333333333333,0.9333333333333333,0.9333333333333333,0.9333333333333333,0.9333333333333333,0.9972222222222222,1.0,1.0,1.0,1.0,1.0,1.0,,,0.0,0.0,1.4711067580803134,481.0,0.9783471750558024,2.593879,3.8677316,1022.0,0,0.0,0.0,0.0,35.0,0.0,0.6079545454545454,0.6079545454545454,0.49926819543315054,0.6079545454545454,0.5337140662076477
llmlingua,True,evidence_qa,middle,1024,15,1.0,0,0.6461412291412291,0.08010728520324001,0.6,0.6,0.6,0.6,0.0,0.0,0.0,0.0,0.0,0.5424533984533985,0.4,0.4,0.4,0.0,0.0,0.0,,,0.0,0.0,2.188046647230321,816.0,1.0252882213956211,174.883309,405.3921146,686.0,0,1870.71142578125,2042.0,0.0,66.0,0.0,0.29327615046485395,0.29327615046485395,0.09580561714708057,0.14696021511650523,0.09580561714708057
recomp_extractive,True,evidence_qa,middle,1024,15,1.0,0,0.9071452991452991,0.07276153925697511,0.9333333333333333,0.9333333333333333,0.9333333333333333,0.9333333333333333,0.13333333333333333,0.13333333333333333,0.13333333333333333,0.13333333333333333,0.13333333333333333,0.744091168091168,0.26666666666666666,0.26666666666666666,0.26666666666666666,0.2,0.2,0.2,,,0.0,0.0,1.4696673189823874,480.0,0.8866516666084847,122.879788,394.7745153999999,1023.0,0,448.01611328125,492.0,0.0,62.0,0.0,0.4618136597035827,0.4618136597035827,0.34448180456684946,0.3607419671684755,0.356676926518069
longllmlingua,True,evidence_qa,middle,1024,15,1.0,0,0.5338180708180709,0.06103687219736494,0.0,0.0,0.0,0.0,0.0,0.0,0.0,0.0,0.0,0.42529304029304027,0.0,0.0,0.0,0.0,0.0,0.0,,,0.0,0.0,1.6887640449438202,613.0,0.7360149185230864,367.236971,812.4826866999999,890.0,0,1193.2041015625,1334.0,8232.336624059826,70.0,0.0,0.10446570972886764,0.10446570972886764,0.015151515151515152,0.05143540669856459,0.007575757575757576
llmlingua_queryless,False,evidence_qa,middle,128,15,1.0,0,0.19388074888074888,0.09090643591373017,0.0,0.0,0.0,0.0,0.0,0.0,0.0,0.0,0.0,0.1324106634106634,0.0,0.0,0.0,0.0,0.0,0.0,,,0.0,0.6666666666666666,9.290123456790123,1343.0,1.457082846121801,139.698839,362.97642249999996,162.0,0,1193.2001953125,1380.0,0.0,61.0,0.0,0.0,0.0,0.0,0.0,0.0
naive_first_n,False,evidence_qa,middle,128,15,1.0,0,0.19875824175824175,0.0908152627246518,0.0,0.0,0.0,0.0,0.0,0.0,0.0,0.0,0.0,0.15897069597069596,0.0,0.0,0.0,0.0,0.0,0.0,,,0.0,0.0,11.75,1376.0,1.5527987637362637,0.451629,0.8443259,128.0,0,0.0,0.0,0.0,,0.0,0.2357577702571284,0.2357577702571284,0.20944198078344423,0.2357577702571284,0.2357577702571284
head_tail,False,evidence_qa,middle,128,15,1.0,0,0.16287423687423688,0.07757202538915547,0.0,0.0,0.0,0.0,0.0,0.0,0.0,0.0,0.0,0.10432600732600732,0.0,0.0,0.0,0.0,0.0,0.0,,,0.0,0.0,11.75,1376.0,1.2724549755799757,0.667832,1.3155447,128.0,0,0.0,0.0,0.0,,0.0,0.11363636363636363,0.11363636363636363,0.10606060606060606,0.10606060606060606,0.10606060606060606
trimwise_structural,False,evidence_qa,middle,128,15,1.0,0,0.14930687830687833,0.07171750272043578,0.0,0.0,0.0,0.0,0.0,0.0,0.0,0.0,0.0,0.11353479853479853,0.0,0.0,0.0,0.0,0.0,0.0,,,0.0,0.0,12.016,1377.0,1.1825815772136734,11.457459,13.680732399999993,127.0,0,0.0,0.0,0.0,,0.0,0.015151515151515152,0.015151515151515152,0.015151515151515152,0.015151515151515152,0.015151515151515152
llmlingua2,False,evidence_qa,middle,128,15,1.0,0,0.01076190476190476,0.010242778663831295,0.0,0.0,0.0,0.0,0.0,0.0,0.0,0.0,0.0,0.01076190476190476,0.0,0.0,0.0,0.0,0.0,0.0,,,0.0,1.0,7.547738693467337,1305.0,0.045227793159003,83.451834,135.14853250000002,200.0,0,774.033203125,850.0,0.0,62.0,0.0,0.0,0.0,0.0,0.0,0.0
llmlingua_queryless,False,evidence_qa,middle,256,15,1.0,0,0.23958160358160357,0.07866470067798796,0.0,0.0,0.0,0.0,0.0,0.0,0.0,0.0,0.0,0.12974399674399675,0.0,0.0,0.0,0.0,0.0,0.0,,,0.0,0.6,5.566666666666666,1234.0,1.105251592121188,145.619017,374.6238371,270.0,0,1193.2001953125,1356.0,0.0,61.0,0.0,0.0,0.0,0.0,0.0,0.0
head_tail,False,evidence_qa,middle,256,15,1.0,0,0.28198778998778995,0.07824226172823229,0.0,0.0,0.0,0.0,0.0,0.0,0.0,0.0,0.0,0.18543833943833946,0.0,0.0,0.0,0.0,0.0,0.0,,,0.0,0.0,5.890196078431373,1248.0,1.1030566179463237,0.809627,1.3938414,256.0,0,0.0,0.0,0.0,,0.0,0.27553049752985564,0.27553049752985564,0.24921470805617144,0.27553049752985564,0.24921470805617144
naive_first_n,False,evidence_qa,middle,256,15,1.0,0,0.2512958892958893,0.06811759218624243,0.0,0.0,0.0,0.0,0.0,0.0,0.0,0.0,0.0,0.17580260480260482,0.0,0.0,0.0,0.0,0.0,0.0,,,0.0,0.0,5.875,1248.0,0.9816245675620675,0.563864,0.8932152999999999,256.0,0,0.0,0.0,0.0,,0.0,0.2741908818609717,0.2741908818609717,0.2701258412105652,0.2701258412105652,0.2701258412105652
trimwise_structural,False,evidence_qa,middle,256,15,1.0,0,0.21311640211640212,0.06425742351101035,0.0,0.0,0.0,0.0,0.0,0.0,0.0,0.0,0.0,0.15175620675620674,0.0,0.0,0.0,0.0,0.0,0.0,,,0.0,0.0,5.913385826771654,1249.0,0.8365657597990517,26.743317,28.497771999999998,255.0,0,0.0,0.0,0.0,,0.0,0.03436807095343681,0.03436807095343681,0.03436807095343681,0.03436807095343681,0.03436807095343681
llmlingua2,False,evidence_qa,middle,256,15,1.0,0,0.024761904761904763,0.01519706044653278,0.0,0.0,0.0,0.0,0.0,0.0,0.0,0.0,0.0,0.02142857142857143,0.0,0.0,0.0,0.0,0.0,0.0,,,0.0,0.06666666666666667,6.1016260162601625,1255.0,0.09961588309869195,84.313659,133.61237699999998,247.0,0,774.033203125,850.0,0.0,62.0,0.0,0.0,0.0,0.0,0.0,0.0
llmlingua_queryless,False,evidence_qa,middle,512,15,1.0,0,0.363977614977615,0.06993502978588446,0.0,0.0,0.0,0.0,0.0,0.0,0.0,0.0,0.0,0.2766870166870167,0.0,0.0,0.0,0.0,0.0,0.0,,,0.0,0.0,3.0969072164948455,1017.0,0.9227665595880485,157.405431,380.53694319999994,485.0,0,1193.2001953125,1334.0,0.0,60.0,0.0,0.015151515151515152,0.015151515151515152,0.0,0.0,0.0
head_tail,False,evidence_qa,middle,512,15,1.0,0,0.38761009361009363,0.06058215310850505,0.06666666666666667,0.06666666666666667,0.06666666666666667,0.06666666666666667,0.0,0.0,0.0,0.0,0.0,0.23978306878306876,0.0,0.0,0.0,0.0,0.0,0.0,,,0.0,0.0,2.939453125,992.0,0.7576497041929405,1.128584,1.9393132,512.0,0,0.0,0.0,0.0,,0.0,0.39688849340646515,0.39688849340646515,0.3846933714552456,0.38875841210565215,0.3846933714552456
trimwise_structural,False,evidence_qa,middle,512,15,1.0,0,0.347956857956858,0.05821864285565612,0.06666666666666667,0.06666666666666667,0.06666666666666667,0.06666666666666667,0.06666666666666667,0.06666666666666667,0.06666666666666667,0.06666666666666667,0.06666666666666667,0.230020757020757,0.06666666666666667,0.06666666666666667,0.06666666666666667,0.06666666666666667,0.06666666666666667,0.06666666666666667,,,0.0,0.0,2.9528487229862477,995.0,0.6955662154256341,75.378881,79.6136705,510.0,0,0.0,0.0,0.0,,0.0,0.06929046563192905,0.06929046563192905,0.04249815225424982,0.04249815225424982,0.04249815225424982
naive_first_n,False,evidence_qa,middle,512,15,1.0,0,0.3276218966218966,0.050688651468547265,0.0,0.0,0.0,0.0,0.0,0.0,0.0,0.0,0.0,0.19665120065120065,0.0,0.0,0.0,0.0,0.0,0.0,,,0.0,0.0,2.9375,992.0,0.6398865168396418,0.884772,1.2501833,512.0,0,0.0,0.0,0.0,,0.0,0.2898967207375423,0.2898967207375423,0.2898967207375423,0.2898967207375423,0.2898967207375423
llmlingua2,False,evidence_qa,middle,512,15,1.0,0,0.22565934065934065,0.044584996627022026,0.0,0.0,0.0,0.0,0.0,0.0,0.0,0.0,0.0,0.15992958892958895,0.0,0.0,0.0,0.0,0.0,0.0,,,0.0,0.0,3.0653061224489795,1013.0,0.47995039233429093,84.698762,133.68269,490.0,0,774.033203125,850.0,0.0,62.0,0.0,0.0,0.0,0.0,0.0,0.0
llmlingua_queryless,False,evidence_qa,middle,1024,15,1.0,0,0.6461412291412291,0.08010728520324001,0.6,0.6,0.6,0.6,0.0,0.0,0.0,0.0,0.0,0.5424533984533985,0.4,0.4,0.4,0.0,0.0,0.0,,,0.0,0.0,2.188046647230321,816.0,1.0252882213956211,172.012273,399.85945519999996,686.0,0,1193.2001953125,1334.0,0.0,59.0,0.0,0.29327615046485395,0.29327615046485395,0.09580561714708057,0.14696021511650523,0.09580561714708057
naive_first_n,False,evidence_qa,middle,1024,15,1.0,0,0.8009914529914529,0.06070512831279411,0.6,0.6,0.6,0.6,0.6,0.6,0.6,0.6,0.6,0.6720671550671551,0.6,0.6,0.6,0.6,0.6,0.6,,,0.0,0.0,1.46875,480.0,0.7822182158119658,1.462063,2.0784553,1024.0,0,0.0,0.0,0.0,,0.0,0.5197635857937527,0.5197635857937527,0.5197635857937527,0.5197635857937527,0.5197635857937527
llmlingua2,False,evidence_qa,middle,1024,15,1.0,0,0.7107069597069596,0.04739167462095804,0.3333333333333333,0.3333333333333333,0.3333333333333333,0.3333333333333333,0.0,0.0,0.0,0.0,0.0,0.6281147741147741,0.2,0.2,0.2,0.0,0.0,0.0,,,0.0,0.4,1.511066398390342,508.0,0.6917623552648213,84.19331,133.9437192,996.0,0,774.033203125,850.0,0.0,62.0,0.0,0.02032520325203252,0.02032520325203252,0.0,0.012195121951219511,0.0
head_tail,False,evidence_qa,middle,1024,15,1.0,0,0.4607464387464387,0.03802906344411149,0.06666666666666667,0.06666666666666667,0.06666666666666667,0.06666666666666667,0.0,0.0,0.0,0.0,0.0,0.25262474562474563,0.0,0.0,0.0,0.0,0.0,0.0,,,0.0,0.0,1.46875,480.0,0.45002406261226824,1.740838,2.5497586,1024.0,0,0.0,0.0,0.0,,0.0,0.42072441358384877,0.42072441358384877,0.4166593729334423,0.4166593729334423,0.4166593729334423
trimwise_structural,False,evidence_qa,middle,1024,15,1.0,0,0.4463186813186813,0.03729261152936965,0.13333333333333333,0.13333333333333333,0.13333333333333333,0.13333333333333333,0.0,0.0,0.0,0.0,0.0,0.29390679690679694,0.06666666666666667,0.06666666666666667,0.06666666666666667,0.06666666666666667,0.06666666666666667,0.06666666666666667,,,0.0,0.0,1.4720861900097943,482.0,0.43806454360309144,137.051958,141.8710844,1022.0,0,0.0,0.0,0.0,,0.0,0.15467941611234293,0.15467941611234293,0.10460550628233556,0.10867054693274204,0.10867054693274204
trimwise_lexical,True,evidence_qa,multiple,128,12,1.0,0,1.0,0.9729436111263045,1.0,1.0,1.0,1.0,1.0,1.0,1.0,1.0,1.0,1.0,1.0,1.0,1.0,1.0,1.0,1.0,,,0.0,0.0,11.846456692913385,1375.5,7.921303519855717,5.214172,5.56199805,127.0,0,0.0,0.0,0.0,,0.0,0.5000554323725056,0.5000554323725056,0.49192535107169255,0.5000554323725056,0.5000554323725056
trimwise_hybrid,True,evidence_qa,multiple,128,12,1.0,0,0.7689638899037875,0.7528580715774713,0.25,0.25,0.25,0.75,0.75,0.25,0.75,0.25,0.25,0.8105982905982906,0.75,0.25,0.25,0.75,0.25,0.25,,,0.0,0.0,12.16610936270653,1379.5,6.204832434954731,38.877760499999994,39.55849355,124.0,0,0.0,0.0,0.0,,0.0,0.5121581670362159,0.5121581670362159,0.5040280857354028,0.5121581670362159,0.5121581670362159
recomp_extractive,True,evidence_qa,multiple,128,12,1.0,0,0.5093720821661999,0.4575803967363883,0.0,0.0,0.0,0.4444444444444444,0.0,0.0,0.0,0.0,0.0,0.5336882199925679,0.3611111111111111,0.0,0.0,0.3611111111111111,0.0,0.0,,,0.0,0.0,11.877671541057367,1376.5,4.0256936127398015,108.1905835,113.1344134,127.0,0,448.04248046875,494.0,0.0,,0.0,0.319176926518069,0.319176926518069,0.29478668261563,0.29885172326603654,0.29885172326603654
bm25_128_32_source_order,True,evidence_qa,multiple,128,12,1.0,0,0.3979169203913449,0.3589337257797009,0.0,0.0,0.0,0.3333333333333333,0.3333333333333333,0.0,0.3333333333333333,0.0,0.0,0.44719048061439365,0.3333333333333333,0.0,0.0,0.3333333333333333,0.0,0.0,,,0.0,0.0,11.734375,1374.0,3.1087259405573824,1.223078,5.182335749999999,128.0,0,0.0,0.0,0.0,34.0,0.0,0.5392276422764227,0.5392276422764227,0.42703057532967675,0.5275868440502587,0.45741140545376746
embedding_mmr_source_order,True,evidence_qa,multiple,128,12,1.0,0,0.2946590955222669,0.25902868390477635,0.0,0.0,0.0,0.16666666666666666,0.16666666666666666,0.0,0.16666666666666666,0.0,0.0,0.30187445807011026,0.16666666666666666,0.0,0.0,0.16666666666666666,0.0,0.0,,,0.0,0.0,11.734375,1374.0,2.3020241837677102,10.697054999999999,14.65604625,128.0,0,0.0,0.0,0.0,44.0,0.0,0.41471389115805035,0.41471389115805035,0.3195841599564321,0.40307309293188626,0.35044151398451784
embedding_topk_source_order,True,evidence_qa,multiple,128,12,1.0,0,0.2946590955222669,0.25902868390477635,0.0,0.0,0.0,0.16666666666666666,0.16666666666666666,0.0,0.16666666666666666,0.0,0.0,0.30187445807011026,0.16666666666666666,0.0,0.0,0.16666666666666666,0.0,0.0,,,0.0,0.0,11.734375,1374.0,2.3040596313128696,11.1942255,15.029074049999998,128.0,0,0.0,0.0,0.0,41.0,0.0,0.41471389115805035,0.41471389115805035,0.3195841599564321,0.40307309293188626,0.35044151398451784
longllmlingua,True,evidence_qa,multiple,128,12,1.0,0,0.23968609182803555,0.18001084629863365,0.0,0.0,0.0,0.027777777777777776,0.027777777777777776,0.0,0.027777777777777776,0.0,0.0,0.17070497336801685,0.027777777777777776,0.0,0.0,0.027777777777777776,0.0,0.0,,,0.0,1.0,8.841447800961971,1333.0,1.3661249299541616,281.12541699999997,284.49523455,170.0,0,1193.2041015625,1404.0,0.0,,0.0,0.0,0.0,0.0,0.0,0.0
llmlingua,True,evidence_qa,multiple,128,12,1.0,0,0.22877999025697235,0.1691687221804802,0.0,0.0,0.0,0.027777777777777776,0.027777777777777776,0.0,0.027777777777777776,0.0,0.0,0.174682429084603,0.027777777777777776,0.0,0.0,0.027777777777777776,0.0,0.0,,,0.0,1.0,9.07561153705732,1338.5,1.3557369180258616,140.591194,142.5077025,165.5,0,1193.2001953125,1380.0,0.0,,0.0,0.0,0.0,0.0,0.0,0.0
trimwise_hybrid,True,evidence_qa,multiple,256,12,1.0,0,1.0,0.638844389954544,1.0,1.0,1.0,1.0,1.0,1.0,1.0,1.0,1.0,1.0,1.0,1.0,1.0,1.0,1.0,1.0,,,0.0,0.0,6.476404139494268,1270.5,4.283727044070033,39.123772,40.29979755,232.0,0,686.13623046875,790.0,0.0,47.0,0.0,0.6120750184774575,0.6120750184774575,0.6039449371766445,0.6120750184774575,0.6120750184774575
trimwise_lexical,True,evidence_qa,multiple,256,12,1.0,0,1.0,0.5797281900325617,1.0,1.0,1.0,1.0,1.0,1.0,1.0,1.0,1.0,1.0,1.0,1.0,1.0,1.0,1.0,1.0,,,0.0,0.0,5.917322834645669,1248.0,3.9357718856659716,6.2077305,6.861271049999999,254.0,0,686.13623046875,790.0,0.0,43.0,0.0,0.6009885439763488,0.6009885439763488,0.5928584626755359,0.6009885439763488,0.6009885439763488
bm25_128_32_source_order,True,evidence_qa,multiple,256,12,1.0,0,0.695052876222953,0.40297428753527686,0.0,0.0,0.0,0.6388888888888888,0.6388888888888888,0.0,0.6388888888888888,0.0,0.0,0.7218394648829433,0.6388888888888888,0.0,0.0,0.6388888888888888,0.0,0.0,,,0.0,0.0,5.873046875,1247.0,2.716881872767223,1.4709225,2.8028007999999995,256.0,0,0.0,0.0,0.0,34.0,0.0,0.6116361788617887,0.6116361788617887,0.4953740712646361,0.595930339985218,0.5257549013887268
recomp_extractive,True,evidence_qa,multiple,256,12,1.0,0,0.6038804652295701,0.3380038228101447,0.0,0.0,0.0,0.5555555555555555,0.0,0.0,0.0,0.0,0.0,0.5872429703951444,0.38888888888888884,0.0,0.0,0.38888888888888884,0.0,0.0,,,0.0,0.0,5.890196078431373,1248.0,2.368610874864555,111.64051699999999,114.55479840000001,255.0,0,448.04248046875,494.0,0.0,65.0,0.0,0.3650703115882834,0.3650703115882834,0.32848494573462483,0.34068006768584436,0.33661502703543783
embedding_topk_source_order,True,evidence_qa,multiple,256,12,1.0,0,0.48074534161490684,0.26928182628432185,0.0,0.0,0.0,0.3333333333333333,0.3333333333333333,0.0,0.3333333333333333,0.0,0.0,0.4579518146909451,0.3333333333333333,0.0,0.0,0.3333333333333333,0.0,0.0,,,0.0,0.0,5.869140625,1246.5,1.878733686125061,10.8338775,14.313001799999997,256.0,0,0.0,0.0,0.0,41.0,0.0,0.5088468121523321,0.5088468121523321,0.3921081806511845,0.49314097327576145,0.4229655346792702
embedding_mmr_source_order,True,evidence_qa,multiple,256,12,1.0,0,0.3727672228311614,0.21012066529240678,0.0,0.0,0.0,0.2222222222222222,0.2222222222222222,0.0,0.2222222222222222,0.0,0.0,0.35445280564845777,0.2222222222222222,0.0,0.0,0.2222222222222222,0.0,0.0,,,0.0,0.0,5.8843137254901965,1247.0,1.459330990583929,10.9914085,13.94959665,255.5,0,0.0,0.0,0.0,44.0,0.0,0.521346812152332,0.521346812152332,0.4046081806511845,0.5056409732757614,0.43546553467927024
longllmlingua,True,evidence_qa,multiple,256,12,1.0,0,0.3012361466325661,0.15660529358465122,0.0,0.0,0.0,0.027777777777777776,0.027777777777777776,0.0,0.027777777777777776,0.0,0.0,0.21347036417688592,0.027777777777777776,0.0,0.0,0.027777777777777776,0.0,0.0,,,0.0,1.0,5.025156599552572,1210.0,1.0152854631644368,293.2405315,302.51810205,299.0,0,1193.2041015625,1380.0,4115.398167981766,70.0,0.0,0.0,0.0,0.0,0.0,0.0
llmlingua,True,evidence_qa,multiple,256,12,1.0,0,0.2697950919498234,0.1427865848290443,0.0,0.0,0.0,0.027777777777777776,0.027777777777777776,0.0,0.027777777777777776,0.0,0.0,0.19840626161278338,0.027777777777777776,0.0,0.0,0.027777777777777776,0.0,0.0,,,0.0,1.0,5.515621633268692,1231.0,0.9797319727381967,147.6089145,149.68348605,272.5,0,1870.71142578125,2064.0,0.0,67.0,0.0,0.0,0.0,0.0,0.0,0.0
trimwise_hybrid,True,evidence_qa,multiple,512,12,1.0,0,1.0,0.638844389954544,1.0,1.0,1.0,1.0,1.0,1.0,1.0,1.0,1.0,1.0,1.0,1.0,1.0,1.0,1.0,1.0,,,0.0,0.0,6.476404139494268,1270.5,4.283727044070033,39.015529,40.56573735,232.0,0,0.0,0.0,0.0,,0.0,0.6318458980044346,0.6318458980044346,0.6318458980044346,0.6318458980044346,0.6318458980044346
trimwise_lexical,True,evidence_qa,multiple,512,12,1.0,0,1.0,0.5713146573843507,1.0,1.0,1.0,1.0,1.0,1.0,1.0,1.0,1.0,1.0,1.0,1.0,1.0,1.0,1.0,1.0,,,0.0,0.0,5.606414379794773,1234.5,3.7168539701587004,5.8620295,6.321109249999999,268.0,0,0.0,0.0,0.0,,0.0,0.6091186252771619,0.6091186252771619,0.6050535846267554,0.6091186252771619,0.6091186252771619
bm25_128_32_source_order,True,evidence_qa,multiple,512,12,1.0,0,1.0,0.33295468270385015,1.0,1.0,1.0,1.0,1.0,1.0,1.0,1.0,1.0,1.0,1.0,1.0,1.0,1.0,1.0,1.0,,,0.0,0.0,2.943248532289628,992.0,1.9582299674395598,1.5300924999999999,4.6238892499999995,511.0,0,0.0,0.0,0.0,34.0,0.0,0.6642045454545454,0.6642045454545454,0.5451015287664839,0.6642045454545454,0.5795473995409811
recomp_extractive,True,evidence_qa,multiple,512,12,1.0,0,0.7123503024398166,0.23299899402640808,0.0,0.0,0.0,0.6666666666666666,0.0,0.0,0.0,0.0,0.0,0.6348789173789174,0.4166666666666667,0.0,0.0,0.4166666666666667,0.0,0.0,,,0.0,0.0,2.939334637964775,991.0,1.3943144556940716,113.78632,120.47340575,511.0,0,448.04248046875,494.0,0.0,,0.0,0.41024153602780045,0.41024153602780045,0.34113584497088995,0.35739600757251594,0.3533309669221094
embedding_topk_source_order,True,evidence_qa,multiple,512,12,1.0,0,0.6685716315511713,0.21794028665178847,0.0,0.0,0.0,0.5555555555555555,0.5555555555555555,0.0,0.5555555555555555,0.0,0.0,0.659903381642512,0.5555555555555555,0.0,0.0,0.5555555555555555,0.0,0.0,,,0.0,0.0,2.937438845401174,991.0,1.3073116620204306,11.5203925,11.8716556,512.0,0,0.0,0.0,0.0,41.0,0.0,0.5566618528027386,0.5566618528027386,0.4510096958026997,0.5333802563504104,0.46320481775391914
embedding_mmr_source_order,True,evidence_qa,multiple,512,12,1.0,0,0.6596831486217676,0.21569676630404555,0.0,0.0,0.0,0.5277777777777778,0.5277777777777778,0.0,0.5277777777777778,0.0,0.0,0.6378544221479004,0.5277777777777778,0.0,0.0,0.5277777777777778,0.0,0.0,,,0.0,0.0,2.937438845401174,991.0,1.2902046014664321,11.18694,14.907738649999999,511.5,0,0.0,0.0,0.0,44.0,0.0,0.5505134788189987,0.5505134788189987,0.4309339382269421,0.5272318823666705,0.44663977710351266
llmlingua,True,evidence_qa,multiple,512,12,1.0,0,0.4692171071327082,0.15418774807417246,0.0,0.0,0.0,0.027777777777777776,0.027777777777777776,0.0,0.027777777777777776,0.0,0.0,0.370507865725257,0.027777777777777776,0.0,0.0,0.027777777777777776,0.0,0.0,,,0.0,0.0,3.0559584720083453,1010.5,0.9492162443834092,156.60422649999998,157.21771365,494.5,0,1193.2001953125,1334.0,0.0,,0.0,0.015151515151515152,0.015151515151515152,0.0,0.0,0.0
longllmlingua,True,evidence_qa,multiple,512,12,1.0,0,0.4570870377136362,0.14566281933318537,0.0,0.0,0.0,0.027777777777777776,0.027777777777777776,0.0,0.027777777777777776,0.0,0.0,0.3348025826830175,0.027777777777777776,0.0,0.0,0.027777777777777776,0.0,0.0,,,0.0,0.9166666666666666,2.7519993290842,956.5,0.8330858652617862,317.098549,1724.850759299998,549.5,1,1193.2041015625,1334.0,0.0,,0.0,0.030303030303030304,0.030303030303030304,0.015151515151515152,0.007575757575757576,0.007575757575757576
trimwise_hybrid,True,evidence_qa,multiple,1024,12,1.0,0,1.0,0.638844389954544,1.0,1.0,1.0,1.0,1.0,1.0,1.0,1.0,1.0,1.0,1.0,1.0,1.0,1.0,1.0,1.0,,,0.0,0.0,6.476404139494268,1270.5,4.283727044070033,39.214224,41.812946600000004,232.0,0,686.13623046875,790.0,0.0,47.0,0.0,0.6481060606060606,0.6481060606060606,0.6481060606060606,0.6481060606060606,0.6481060606060606
trimwise_lexical,True,evidence_qa,multiple,1024,12,1.0,0,1.0,0.5713146573843507,1.0,1.0,1.0,1.0,1.0,1.0,1.0,1.0,1.0,1.0,1.0,1.0,1.0,1.0,1.0,1.0,,,0.0,0.0,5.606414379794773,1234.5,3.7168539701587004,6.2474925,6.943892099999999,268.0,0,686.13623046875,790.0,0.0,43.0,0.0,0.6329545454545454,0.6329545454545454,0.6329545454545454,0.6329545454545454,0.6329545454545454
llmlingua,True,evidence_qa,multiple,1024,12,1.0,0,0.8476332562010311,0.21792125779770452,0.0,0.0,0.0,0.6666666666666666,0.027777777777777776,0.0,0.3333333333333333,0.0,0.0,0.7985247120029729,0.5833333333333334,0.0,0.0,0.3611111111111111,0.0,0.0,,,0.0,0.0,2.1784082590806975,814.0,1.2131062071287502,174.63694099999998,177.1856837,690.5,0,1870.71142578125,2042.0,0.0,67.0,0.0,0.29327615046485395,0.29327615046485395,0.09580561714708057,0.14696021511650523,0.09580561714708057
bm25_128_32_source_order,True,evidence_qa,multiple,1024,12,1.0,0,1.0,0.1789519588222173,1.0,1.0,1.0,1.0,1.0,1.0,1.0,1.0,1.0,1.0,1.0,1.0,1.0,1.0,1.0,1.0,,,0.0,0.0,1.4718278888440783,481.5,0.9788746113835057,2.3141005,3.9678663999999992,1021.5,0,0.0,0.0,0.0,34.0,0.0,0.6079545454545454,0.6079545454545454,0.49926819543315054,0.6079545454545454,0.5337140662076477
embedding_mmr_source_order,True,evidence_qa,multiple,1024,12,1.0,0,0.8495909958186173,0.15147791336499203,0.25,0.25,0.25,0.75,0.75,0.25,0.75,0.25,0.25,0.831219806763285,0.75,0.25,0.25,0.75,0.25,0.25,,,0.0,0.0,1.466796875,478.0,0.8298708982987559,11.811333999999999,15.148289299999998,1024.0,0,0.0,0.0,0.0,44.0,0.0,0.5929878048780488,0.5929878048780488,0.4761713735558408,0.5848577235772358,0.5106172443303381
embedding_topk_source_order,True,evidence_qa,multiple,1024,12,1.0,0,0.8326827832582309,0.14870152756926347,0.16666666666666666,0.16666666666666666,0.16666666666666666,0.7222222222222222,0.7222222222222222,0.16666666666666666,0.7222222222222222,0.16666666666666666,0.16666666666666666,0.8150161030595813,0.7222222222222222,0.16666666666666666,0.16666666666666666,0.7222222222222222,0.16666666666666666,0.16666666666666666,,,0.0,0.0,1.46728515625,478.5,0.8134348990957293,12.069704,16.346432099999998,1024.0,0,0.0,0.0,0.0,41.0,0.0,0.5472560975609756,0.5472560975609756,0.43450470688917414,0.5431910569105691,0.4689505776636714
recomp_extractive,True,evidence_qa,multiple,1024,12,1.0,0,0.7991408882393537,0.1396096239567545,0.3333333333333333,0.3333333333333333,0.3333333333333333,0.7777777777777777,0.0,0.0,0.0,0.0,0.0,0.6887678062678063,0.4166666666666667,0.0,0.0,0.4166666666666667,0.0,0.0,,,0.0,0.0,1.4698973225666099,480.0,0.7817163625662222,117.81927350000001,122.41953849999999,1022.0,0,448.04248046875,494.0,0.0,65.0,0.0,0.4618136597035827,0.4618136597035827,0.34448180456684946,0.3607419671684755,0.356676926518069
longllmlingua,True,evidence_qa,multiple,1024,12,1.0,0,0.5973927252060244,0.1180775491691442,0.0,0.0,0.0,0.05555555555555555,0.027777777777777776,0.0,0.027777777777777776,0.0,0.0,0.4786078595317726,0.027777777777777776,0.0,0.0,0.027777777777777776,0.0,0.0,,,0.0,0.0,1.6260859125647857,578.5,0.6451580626504544,364.9043735,370.1479011,924.0,0,1193.2041015625,1334.0,0.0,69.0,0.0,0.10446570972886764,0.10446570972886764,0.015151515151515152,0.05143540669856459,0.007575757575757576
naive_first_n,False,evidence_qa,multiple,128,12,1.0,0,0.4401580197296309,0.3873067405904036,0.0,0.0,0.0,0.3333333333333333,0.3333333333333333,0.0,0.3333333333333333,0.0,0.0,0.459508547008547,0.3333333333333333,0.0,0.0,0.3333333333333333,0.0,0.0,,,0.0,0.0,11.734375,1374.0,3.438734529137742,0.42057750000000005,0.45114614999999997,128.0,0,0.0,0.0,0.0,,0.0,0.2357577702571284,0.2357577702571284,0.20944198078344423,0.2357577702571284,0.2357577702571284
llmlingua_queryless,False,evidence_qa,multiple,128,12,1.0,0,0.22877999025697235,0.1691687221804802,0.0,0.0,0.0,0.027777777777777776,0.027777777777777776,0.0,0.027777777777777776,0.0,0.0,0.174682429084603,0.027777777777777776,0.0,0.0,0.027777777777777776,0.0,0.0,,,0.0,1.0,9.07561153705732,1338.5,1.3557369180258616,139.8355465,140.82513485,165.5,0,1193.2001953125,1380.0,0.0,67.0,0.0,0.0,0.0,0.0,0.0,0.0
head_tail,False,evidence_qa,multiple,128,12,1.0,0,0.14991779320423823,0.13082903506547475,0.0,0.0,0.0,0.0,0.0,0.0,0.0,0.0,0.0,0.13722469961600395,0.0,0.0,0.0,0.0,0.0,0.0,,,0.0,0.0,11.734375,1374.0,1.1712327594081111,0.6828970000000001,0.8484381999999999,128.0,0,0.0,0.0,0.0,,0.0,0.11363636363636363,0.11363636363636363,0.10606060606060606,0.10606060606060606,0.10606060606060606
trimwise_structural,False,evidence_qa,multiple,128,12,1.0,0,0.1075533836723095,0.09849046022591733,0.0,0.0,0.0,0.0,0.0,0.0,0.0,0.0,0.0,0.09341230026012633,0.0,0.0,0.0,0.0,0.0,0.0,,,0.0,0.0,11.908730158730158,1376.5,0.8531261920041514,11.7035655,12.560206699999998,126.0,0,0.0,0.0,0.0,,0.0,0.015151515151515152,0.015151515151515152,0.015151515151515152,0.015151515151515152,0.015151515151515152
llmlingua2,False,evidence_qa,multiple,128,12,1.0,0,0.0,0.0,0.0,0.0,0.0,0.0,0.0,0.0,0.0,0.0,0.0,0.0,0.0,0.0,0.0,0.0,0.0,0.0,,,0.0,1.0,7.547738693467337,1303.0,0.0,71.2897385,83.7182093,199.0,0,756.15380859375,840.0,0.0,59.0,0.0,0.0,0.0,0.0,0.0,0.0
head_tail,False,evidence_qa,multiple,256,12,1.0,0,0.7194571306783583,0.41463057911907936,0.0,0.0,0.0,0.6666666666666666,0.6666666666666666,0.0,0.6666666666666666,0.0,0.0,0.747008547008547,0.6666666666666666,0.0,0.0,0.6666666666666666,0.0,0.0,,,0.0,0.0,5.876953125,1246.5,2.8140896115390603,0.824093,0.9483431,256.0,0,0.0,0.0,0.0,,0.0,0.27553049752985564,0.27553049752985564,0.24921470805617144,0.27553049752985564,0.24921470805617144
naive_first_n,False,evidence_qa,multiple,256,12,1.0,0,0.49937837453822104,0.27547401421452344,0.0,0.0,0.0,0.3333333333333333,0.3333333333333333,0.0,0.3333333333333333,0.0,0.0,0.46228632478632475,0.3333333333333333,0.0,0.0,0.3333333333333333,0.0,0.0,,,0.0,0.0,5.8671875,1246.0,1.9506967755399263,0.5399375,0.6926187499999998,256.0,0,0.0,0.0,0.0,,0.0,0.2741908818609717,0.2741908818609717,0.2701258412105652,0.2701258412105652,0.2701258412105652
llmlingua_queryless,False,evidence_qa,multiple,256,12,1.0,0,0.2697950919498234,0.1427865848290443,0.0,0.0,0.0,0.027777777777777776,0.027777777777777776,0.0,0.027777777777777776,0.0,0.0,0.19840626161278338,0.027777777777777776,0.0,0.0,0.027777777777777776,0.0,0.0,,,0.0,1.0,5.515621633268692,1231.0,0.9797319727381967,146.38950699999998,147.44251075,272.5,0,1193.2001953125,1356.0,0.0,66.0,0.0,0.0,0.0,0.0,0.0,0.0
trimwise_structural,False,evidence_qa,multiple,256,12,1.0,0,0.1607345836885479,0.09674988353904079,0.0,0.0,0.0,0.0,0.0,0.0,0.0,0.0,0.0,0.14235507246376813,0.0,0.0,0.0,0.0,0.0,0.0,,,0.0,0.0,5.90748031496063,1248.0,0.6313220228735003,27.0856365,27.472674299999998,254.5,0,0.0,0.0,0.0,,0.0,0.03436807095343681,0.03436807095343681,0.03436807095343681,0.03436807095343681,0.03436807095343681
llmlingua2,False,evidence_qa,multiple,256,12,1.0,0,0.0314572930621524,0.02577962638549625,0.0,0.0,0.0,0.0,0.0,0.0,0.0,0.0,0.0,0.0337037037037037,0.0,0.0,0.0,0.0,0.0,0.0,,,0.0,0.08333333333333333,6.064663053415176,1255.0,0.1263743347774859,71.43852849999999,83.39823805,247.5,0,756.15380859375,840.0,0.0,59.0,0.0,0.0,0.0,0.0,0.0,0.0
head_tail,False,evidence_qa,multiple,512,12,1.0,0,0.7351774042950514,0.2392444113209077,0.0,0.0,0.0,0.6666666666666666,0.6666666666666666,0.0,0.6666666666666666,0.0,0.0,0.747008547008547,0.6666666666666666,0.0,0.0,0.6666666666666666,0.0,0.0,,,0.0,0.0,2.936460371819961,990.5,1.4368361461060004,1.126021,1.2722768,512.0,0,0.0,0.0,0.0,,0.0,0.39688849340646515,0.39688849340646515,0.3846933714552456,0.38875841210565215,0.3846933714552456
naive_first_n,False,evidence_qa,multiple,512,12,1.0,0,0.5368053018308773,0.17048920290997635,0.0,0.0,0.0,0.3333333333333333,0.3333333333333333,0.0,0.3333333333333333,0.0,0.0,0.46367521367521364,0.3333333333333333,0.0,0.0,0.3333333333333333,0.0,0.0,,,0.0,0.0,2.93359375,990.0,1.0484478551384322,0.856285,0.9717204999999999,512.0,0,0.0,0.0,0.0,,0.0,0.2898967207375423,0.2898967207375423,0.2898967207375423,0.2898967207375423,0.2898967207375423
llmlingua_queryless,False,evidence_qa,multiple,512,12,1.0,0,0.4692171071327082,0.15418774807417246,0.0,0.0,0.0,0.027777777777777776,0.027777777777777776,0.0,0.027777777777777776,0.0,0.0,0.370507865725257,0.027777777777777776,0.0,0.0,0.027777777777777776,0.0,0.0,,,0.0,0.0,3.0559584720083453,1010.5,0.9492162443834092,158.72295400000002,160.88699545,494.5,0,1193.2001953125,1334.0,0.0,66.0,0.0,0.015151515151515152,0.015151515151515152,0.0,0.0,0.0
trimwise_structural,False,evidence_qa,multiple,512,12,1.0,0,0.2332770064547558,0.08188898142404173,0.0,0.0,0.0,0.0,0.0,0.0,0.0,0.0,0.0,0.1650684380032206,0.0,0.0,0.0,0.0,0.0,0.0,,,0.0,0.0,2.947937131630648,992.0,0.4576523691184177,76.342006,80.50081655,510.0,0,0.0,0.0,0.0,,0.0,0.06929046563192905,0.06929046563192905,0.04249815225424982,0.04249815225424982,0.04249815225424982
llmlingua2,False,evidence_qa,multiple,512,12,1.0,0,0.11018095644054725,0.0389823690452905,0.0,0.0,0.0,0.0,0.0,0.0,0.0,0.0,0.0,0.09168060200668897,0.0,0.0,0.0,0.0,0.0,0.0,,,0.0,0.0,3.056910569105691,1011.5,0.22403849321472893,71.681887,83.84767535,492.5,0,756.15380859375,840.0,0.0,58.0,0.0,0.0,0.0,0.0,0.0,0.0
llmlingua_queryless,False,evidence_qa,multiple,1024,12,1.0,0,0.8476332562010311,0.21792125779770452,0.0,0.0,0.0,0.6666666666666666,0.027777777777777776,0.0,0.3333333333333333,0.0,0.0,0.7985247120029729,0.5833333333333334,0.0,0.0,0.3611111111111111,0.0,0.0,,,0.0,0.0,2.1784082590806975,814.0,1.2131062071287502,173.2089485,174.4409637,690.5,0,1193.2001953125,1334.0,0.0,67.0,0.0,0.29327615046485395,0.29327615046485395,0.09580561714708057,0.14696021511650523,0.09580561714708057
naive_first_n,False,evidence_qa,multiple,1024,12,1.0,0,0.7968314862176755,0.1367708453441017,0.0,0.0,0.0,0.6666666666666666,0.6666666666666666,0.0,0.6666666666666666,0.0,0.0,0.7166666666666667,0.6666666666666666,0.0,0.0,0.6666666666666666,0.0,0.0,,,0.0,0.0,1.466796875,478.0,0.7781557482594487,1.445883,1.5035648999999998,1024.0,0,0.0,0.0,0.0,,0.0,0.5197635857937527,0.5197635857937527,0.5197635857937527,0.5197635857937527,0.5197635857937527
head_tail,False,evidence_qa,multiple,1024,12,1.0,0,0.7411993058092802,0.1288635734368361,0.0,0.0,0.0,0.6666666666666666,0.6666666666666666,0.0,0.6666666666666666,0.0,0.0,0.747008547008547,0.6666666666666666,0.0,0.0,0.6666666666666666,0.0,0.0,,,0.0,0.0,1.4675133072152982,478.5,0.7239450435383549,1.7902405,1.9896216,1024.0,0,0.0,0.0,0.0,,0.0,0.42072441358384877,0.42072441358384877,0.4166593729334423,0.4166593729334423,0.4166593729334423
llmlingua2,False,evidence_qa,multiple,1024,12,1.0,0,0.690416311452117,0.11487636775664122,0.0,0.0,0.0,0.2222222222222222,0.0,0.0,0.0,0.0,0.0,0.6077299331103679,0.13888888888888887,0.0,0.0,0.0,0.0,0.0,,,0.0,0.0,1.511066398390342,508.0,0.6929606990341091,71.9898295,85.0057745,994.5,0,756.15380859375,840.0,0.0,59.0,0.0,0.02032520325203252,0.02032520325203252,0.0,0.012195121951219511,0.0
trimwise_structural,False,evidence_qa,multiple,1024,12,1.0,0,0.3156416189664271,0.05561425543222312,0.0,0.0,0.0,0.0,0.0,0.0,0.0,0.0,0.0,0.18656060324538584,0.0,0.0,0.0,0.0,0.0,0.0,,,0.0,0.0,1.4694076066018695,479.5,0.30868129532972605,138.9990765,149.53436714999998,1022.5,0,0.0,0.0,0.0,,0.0,0.15467941611234293,0.15467941611234293,0.10460550628233556,0.10867054693274204,0.10867054693274204
longllmlingua,True,instruction,beginning,128,4,1.0,0,0.2857142857142857,0.07786563576232822,0.0,0.0,0.0,0.0,0.0,0.0,0.0,0.0,0.0,0.23214285714285715,0.0,0.0,0.0,0.0,0.0,0.0,,,0.0,1.0,11.675,1494.5,2.060818417201396,301.8214885,1238.1509594999995,140.0,1,1681.2998046875,1937.0,0.0,,0.0,0.0,0.0,0.0,0.0,0.0
llmlingua,True,instruction,beginning,128,4,1.0,0,0.17857142857142855,0.048852118166854364,0.0,0.0,0.0,0.0,0.0,0.0,0.0,0.0,0.0,0.14285714285714285,0.0,0.0,0.0,0.0,0.0,0.0,,,0.0,0.25,13.296626984126984,1511.5,1.439506184107513,150.03252550000002,2557.977193099999,123.0,1,1193.2021484375,1378.0,0.0,,0.0,0.0,0.0,0.0,0.0,0.0
bm25_128_32_source_order,True,instruction,beginning,128,4,1.0,0,0.14285714285714285,0.03729664243682935,0.0,0.0,0.0,0.0,0.0,0.0,0.0,0.0,0.0,0.14285714285714285,0.0,0.0,0.0,0.0,0.0,0.0,,,0.0,0.0,12.76953125,1506.5,1.1160714285714286,83.36531099999999,166.08125675000002,128.0,0,0.0,0.0,0.0,36.0,0.0,0.5392276422764227,0.5392276422764227,0.42703057532967675,0.5275868440502587,0.45741140545376746
trimwise_hybrid,True,instruction,beginning,128,4,1.0,0,0.14285714285714285,0.03674673409186684,0.0,0.0,0.0,0.0,0.0,0.0,0.0,0.0,0.0,0.14285714285714285,0.0,0.0,0.0,0.0,0.0,0.0,,,0.0,0.0,13.024095238095239,1509.0,1.1383219954648527,46.7244035,799.0022617499997,125.5,1,0.0,0.0,0.0,,0.0,0.5121581670362159,0.5121581670362159,0.5040280857354028,0.5121581670362159,0.5121581670362159
trimwise_lexical,True,instruction,beginning,128,4,1.0,0,0.14285714285714285,0.03539823008849558,0.0,0.0,0.0,0.0,0.0,0.0,0.0,0.0,0.0,0.14285714285714285,0.0,0.0,0.0,0.0,0.0,0.0,,,0.0,0.0,12.972222222222221,1508.5,1.1337868480725624,5.741185,159.03216144999993,126.0,0,0.0,0.0,0.0,,0.0,0.5000554323725056,0.5000554323725056,0.49192535107169255,0.5000554323725056,0.5000554323725056
embedding_mmr_source_order,True,instruction,beginning,128,4,1.0,0,0.10714285714285714,0.029126213592233007,0.0,0.0,0.0,0.0,0.0,0.0,0.0,0.0,0.0,0.10714285714285714,0.0,0.0,0.0,0.0,0.0,0.0,,,0.0,0.0,12.76953125,1506.5,0.8370535714285715,258.25696300000004,581.4811427499999,128.0,2,0.0,0.0,0.0,41.0,0.0,0.41471389115805035,0.41471389115805035,0.3195841599564321,0.40307309293188626,0.35044151398451784
embedding_topk_source_order,True,instruction,beginning,128,4,1.0,0,0.10714285714285714,0.029126213592233007,0.0,0.0,0.0,0.0,0.0,0.0,0.0,0.0,0.0,0.10714285714285714,0.0,0.0,0.0,0.0,0.0,0.0,,,0.0,0.0,12.76953125,1506.5,0.8370535714285715,443.4959675,916.06945335,128.0,2,0.0,0.0,0.0,36.0,0.0,0.41471389115805035,0.41471389115805035,0.3195841599564321,0.40307309293188626,0.35044151398451784
recomp_extractive,True,instruction,beginning,128,4,1.0,0,0.0,0.0,0.0,0.0,0.0,0.0,0.0,0.0,0.0,0.0,0.0,0.0,0.0,0.0,0.0,0.0,0.0,0.0,,,0.0,0.0,12.866141732283465,1507.0,0.0,125.43673899999999,1008.3292853999995,127.0,1,936.111328125,1016.0,0.0,,0.0,0.319176926518069,0.319176926518069,0.29478668261563,0.29885172326603654,0.29885172326603654
embedding_mmr_source_order,True,instruction,beginning,256,4,1.0,0,0.375,0.055809602902668676,0.25,0.25,0.25,0.25,0.25,0.25,0.25,0.25,0.25,0.3571428571428571,0.25,0.25,0.25,0.25,0.25,0.25,,,0.0,0.0,6.397288602941177,1379.0,1.4670385870883786,12.668374499999999,14.55740905,255.5,0,0.0,0.0,0.0,41.0,0.0,0.521346812152332,0.521346812152332,0.4046081806511845,0.5056409732757614,0.43546553467927024
embedding_topk_source_order,True,instruction,beginning,256,4,1.0,0,0.3571428571428571,0.05317845005292775,0.25,0.25,0.25,0.25,0.25,0.25,0.25,0.25,0.25,0.3571428571428571,0.25,0.25,0.25,0.25,0.25,0.25,,,0.0,0.0,6.397288602941177,1379.0,1.3961834733893557,15.3376085,25.778093499999997,255.5,0,0.0,0.0,0.0,36.0,0.0,0.5088468121523321,0.5088468121523321,0.3921081806511845,0.49314097327576145,0.4229655346792702
longllmlingua,True,instruction,beginning,256,4,1.0,0,0.3214285714285714,0.04749644129186209,0.0,0.0,0.0,0.0,0.0,0.0,0.0,0.0,0.0,0.26785714285714285,0.0,0.0,0.0,0.0,0.0,0.0,,,0.0,1.0,6.13373042694604,1368.0,1.2002325431693461,318.117634,1230.5901538499995,266.5,1,1870.71728515625,2088.0,0.0,67.0,0.0,0.0,0.0,0.0,0.0,0.0
recomp_extractive,True,instruction,beginning,256,4,1.0,0,0.25,0.04046242774566474,0.25,0.25,0.25,0.25,0.25,0.25,0.25,0.25,0.25,0.25,0.25,0.25,0.25,0.25,0.25,0.25,,,0.0,0.0,6.397280943627451,1379.0,0.9765625,125.064392,1126.4784810499996,255.5,1,936.111328125,1016.0,0.0,68.0,0.0,0.3650703115882834,0.3650703115882834,0.32848494573462483,0.34068006768584436,0.33661502703543783
llmlingua,True,instruction,beginning,256,4,1.0,0,0.23214285714285715,0.03826430251033855,0.0,0.0,0.0,0.0,0.0,0.0,0.0,0.0,0.0,0.125,0.0,0.0,0.0,0.0,0.0,0.0,,,0.0,0.0,7.157040229885057,1406.5,1.023541837400311,156.83643849999999,1219.4554816499997,228.5,1,1870.71337890625,2064.0,0.0,52.0,0.0,0.0,0.0,0.0,0.0,0.0
bm25_128_32_source_order,True,instruction,beginning,256,4,1.0,0,0.14285714285714285,0.020486656200941915,0.0,0.0,0.0,0.0,0.0,0.0,0.0,0.0,0.0,0.14285714285714285,0.0,0.0,0.0,0.0,0.0,0.0,,,0.0,0.0,6.384765625,1378.5,0.5580357142857143,1.8472075000000001,2.6887926499999995,256.0,0,0.0,0.0,0.0,36.0,0.0,0.6116361788617887,0.6116361788617887,0.4953740712646361,0.595930339985218,0.5257549013887268
trimwise_hybrid,True,instruction,beginning,256,4,1.0,0,0.14285714285714285,0.019875868183833308,0.0,0.0,0.0,0.0,0.0,0.0,0.0,0.0,0.0,0.14285714285714285,0.0,0.0,0.0,0.0,0.0,0.0,,,0.0,0.0,6.409803921568628,1379.5,0.5607754912988818,47.335923,1046.6826201999995,255.0,1,686.13623046875,790.0,0.0,44.0,0.0,0.6120750184774575,0.6120750184774575,0.6039449371766445,0.6120750184774575,0.6120750184774575
trimwise_lexical,True,instruction,beginning,256,4,1.0,0,0.14285714285714285,0.019138755980861247,0.0,0.0,0.0,0.0,0.0,0.0,0.0,0.0,0.0,0.14285714285714285,0.0,0.0,0.0,0.0,0.0,0.0,,,0.0,0.0,6.384765625,1378.5,0.5580357142857143,6.952408999999999,21.78561244999999,256.0,0,686.13623046875,790.0,0.0,58.0,0.0,0.6009885439763488,0.6009885439763488,0.5928584626755359,0.6009885439763488,0.6009885439763488
recomp_extractive,True,instruction,beginning,512,4,1.0,0,1.0,0.08217427534916004,1.0,0.75,0.75,1.0,1.0,1.0,1.0,1.0,0.75,1.0,1.0,1.0,0.75,1.0,1.0,0.75,,,0.25,0.0,3.197651663405088,1123.0,1.955991621819961,126.16111950000001,127.1250813,511.0,0,936.111328125,1016.0,0.0,,0.0,0.41024153602780045,0.41024153602780045,0.34113584497088995,0.35739600757251594,0.3533309669221094
embedding_topk_source_order,True,instruction,beginning,512,4,1.0,0,0.8214285714285714,0.06322766175112908,0.75,0.75,0.75,0.75,0.75,0.75,0.75,0.75,0.75,0.8035714285714286,0.75,0.75,0.75,0.75,0.75,0.75,,,0.0,0.0,3.1923828125,1122.5,1.6046256901733296,13.762137,19.34581715,512.0,0,0.0,0.0,0.0,36.0,0.0,0.5566618528027386,0.5566618528027386,0.4510096958026997,0.5333802563504104,0.46320481775391914
embedding_mmr_source_order,True,instruction,beginning,512,4,1.0,0,0.8035714285714286,0.061823120964851784,0.75,0.75,0.75,0.75,0.75,0.75,0.75,0.75,0.75,0.7857142857142857,0.75,0.75,0.75,0.75,0.75,0.75,,,0.0,0.0,3.1986301369863015,1123.5,1.5715912863433044,12.1816475,13.26590115,511.0,0,0.0,0.0,0.0,41.0,0.0,0.5505134788189987,0.5505134788189987,0.4309339382269421,0.5272318823666705,0.44663977710351266
llmlingua,True,instruction,beginning,512,4,1.0,0,0.5714285714285714,0.04872741864946824,0.0,0.0,0.0,0.0,0.0,0.0,0.0,0.0,0.0,0.5714285714285714,0.0,0.0,0.0,0.0,0.0,0.0,,,0.0,0.0,3.677275349995445,1190.0,1.2921406803414306,171.2547735,172.2170104,444.5,0,1193.2021484375,1334.0,0.0,,0.0,0.015151515151515152,0.015151515151515152,0.0,0.0,0.0
longllmlingua,True,instruction,beginning,512,4,1.0,0,0.5,0.03706588043630729,0.0,0.0,0.0,0.0,0.0,0.0,0.0,0.0,0.0,0.3392857142857143,0.0,0.0,0.0,0.0,0.0,0.0,,,0.0,1.0,2.950073651141267,1080.0,0.9003391015748877,345.194921,348.41818865,554.0,0,1681.2998046875,1866.0,0.0,,0.0,0.030303030303030304,0.030303030303030304,0.015151515151515152,0.007575757575757576,0.007575757575757576
trimwise_lexical,True,instruction,beginning,512,4,1.0,0,0.14285714285714285,0.018518518518518517,0.0,0.0,0.0,0.0,0.0,0.0,0.0,0.0,0.0,0.14285714285714285,0.0,0.0,0.0,0.0,0.0,0.0,,,0.0,0.0,5.735087719298246,1349.5,0.5012531328320802,6.351164499999999,6.6070602,285.0,0,0.0,0.0,0.0,,0.0,0.6091186252771619,0.6091186252771619,0.6050535846267554,0.6091186252771619,0.6091186252771619
trimwise_hybrid,True,instruction,beginning,512,4,1.0,0,0.14285714285714285,0.01789000161354535,0.0,0.0,0.0,0.0,0.0,0.0,0.0,0.0,0.0,0.14285714285714285,0.0,0.0,0.0,0.0,0.0,0.0,,,0.0,0.0,5.6364868721461185,1344.5,0.46225040982617105,46.517447000000004,51.601288149999995,290.0,0,0.0,0.0,0.0,,0.0,0.6318458980044346,0.6318458980044346,0.6318458980044346,0.6318458980044346,0.6318458980044346
bm25_128_32_source_order,True,instruction,beginning,512,4,1.0,0,0.14285714285714285,0.010746370885885061,0.0,0.0,0.0,0.0,0.0,0.0,0.0,0.0,0.0,0.14285714285714285,0.0,0.0,0.0,0.0,0.0,0.0,,,0.0,0.0,3.211198428290766,1125.5,0.2803877424694883,2.25324,3.4690307499999995,509.0,0,0.0,0.0,0.0,36.0,0.0,0.6642045454545454,0.6642045454545454,0.5451015287664839,0.6642045454545454,0.5795473995409811
llmlingua,True,instruction,beginning,1024,4,1.0,0,1.0,0.060379673802247937,1.0,1.0,1.0,1.0,1.0,1.0,1.0,1.0,1.0,1.0,1.0,1.0,1.0,1.0,1.0,1.0,,,0.0,0.0,2.420761992972229,959.0,1.489627846742858,185.990503,187.0673811,675.0,0,1870.71337890625,2042.0,0.0,52.0,0.0,0.29327615046485395,0.29327615046485395,0.09580561714708057,0.14696021511650523,0.09580561714708057
recomp_extractive,True,instruction,beginning,1024,4,1.0,0,1.0,0.038892931625967984,1.0,0.75,0.75,1.0,1.0,1.0,1.0,1.0,0.75,1.0,1.0,1.0,0.75,1.0,1.0,0.75,,,0.25,0.0,1.5985336286927097,612.0,0.9787178647206287,130.60664100000002,132.25912625,1022.5,0,936.111328125,1016.0,0.0,66.0,0.0,0.4618136597035827,0.4618136597035827,0.34448180456684946,0.3607419671684755,0.356676926518069
embedding_mmr_source_order,True,instruction,beginning,1024,4,1.0,0,1.0,0.038848697753293554,1.0,0.5,0.5,1.0,1.0,1.0,1.0,1.0,0.5,1.0,1.0,1.0,0.5,1.0,1.0,0.5,,,0.5,0.0,1.5969713198008308,611.0,0.9770398032746823,12.8911375,13.9217444,1023.5,0,0.0,0.0,0.0,42.0,0.0,0.5929878048780488,0.5929878048780488,0.4761713735558408,0.5848577235772358,0.5106172443303381
embedding_topk_source_order,True,instruction,beginning,1024,4,1.0,0,1.0,0.03872767238022209,1.0,0.75,0.75,1.0,1.0,1.0,1.0,1.0,0.75,1.0,1.0,1.0,0.75,1.0,1.0,0.75,,,0.25,0.0,1.59619140625,610.5,0.9768011516373412,11.8827105,16.294725149999998,1024.0,0,0.0,0.0,0.0,36.0,0.0,0.5472560975609756,0.5472560975609756,0.43450470688917414,0.5431910569105691,0.4689505776636714
longllmlingua,True,instruction,beginning,1024,4,1.0,0,0.5,0.022555543576807797,0.0,0.0,0.0,0.0,0.0,0.0,0.0,0.0,0.0,0.3392857142857143,0.0,0.0,0.0,0.0,0.0,0.0,,,0.0,0.0,1.7954983627997212,724.0,0.5492374505538579,389.7249645,393.87356639999996,910.5,0,1870.71728515625,2042.0,0.0,67.0,0.0,0.10446570972886764,0.10446570972886764,0.015151515151515152,0.05143540669856459,0.007575757575757576
trimwise_lexical,True,instruction,beginning,1024,4,1.0,0,0.14285714285714285,0.018518518518518517,0.0,0.0,0.0,0.0,0.0,0.0,0.0,0.0,0.0,0.14285714285714285,0.0,0.0,0.0,0.0,0.0,0.0,,,0.0,0.0,5.735087719298246,1349.5,0.5012531328320802,6.7348704999999995,6.8721623,285.0,0,686.13623046875,790.0,0.0,55.0,0.0,0.6329545454545454,0.6329545454545454,0.6329545454545454,0.6329545454545454,0.6329545454545454
trimwise_hybrid,True,instruction,beginning,1024,4,1.0,0,0.14285714285714285,0.01789000161354535,0.0,0.0,0.0,0.0,0.0,0.0,0.0,0.0,0.0,0.14285714285714285,0.0,0.0,0.0,0.0,0.0,0.0,,,0.0,0.0,5.6364868721461185,1344.5,0.46225040982617105,47.277243,51.243157249999996,290.0,0,686.13623046875,790.0,0.0,44.0,0.0,0.6481060606060606,0.6481060606060606,0.6481060606060606,0.6481060606060606,0.6481060606060606
bm25_128_32_source_order,True,instruction,beginning,1024,4,1.0,0,0.21428571428571427,0.008348803037679573,0.0,0.0,0.0,0.0,0.0,0.0,0.0,0.0,0.0,0.19642857142857142,0.0,0.0,0.0,0.0,0.0,0.0,,,0.25,0.0,1.6016664746211904,614.0,0.2099126315493393,1.9550975,2.9146896499999997,1020.5,0,0.0,0.0,0.0,36.0,0.0,0.6079545454545454,0.6079545454545454,0.49926819543315054,0.6079545454545454,0.5337140662076477
naive_first_n,False,instruction,beginning,128,4,1.0,0,1.0,0.2772689033609243,1.0,1.0,1.0,1.0,1.0,1.0,1.0,1.0,1.0,1.0,1.0,1.0,1.0,1.0,1.0,1.0,,,0.0,0.0,12.76953125,1506.5,7.8125,0.9584385,205.41524994999992,128.0,0,0.0,0.0,0.0,48.0,0.0,0.2357577702571284,0.2357577702571284,0.20944198078344423,0.2357577702571284,0.2357577702571284
llmlingua_queryless,False,instruction,beginning,128,4,1.0,0,0.17857142857142855,0.048852118166854364,0.0,0.0,0.0,0.0,0.0,0.0,0.0,0.0,0.0,0.14285714285714285,0.0,0.0,0.0,0.0,0.0,0.0,,,0.0,0.25,13.296626984126984,1511.5,1.439506184107513,151.350275,2787.539059749999,123.0,1,1193.2021484375,1378.0,0.0,,0.0,0.0,0.0,0.0,0.0,0.0
trimwise_structural,False,instruction,beginning,128,4,1.0,0,0.10714285714285714,0.03130482456140351,0.0,0.0,0.0,0.0,0.0,0.0,0.0,0.0,0.0,0.10714285714285714,0.0,0.0,0.0,0.0,0.0,0.0,,,0.0,0.0,12.76953125,1506.5,0.8370535714285715,13.767854,32.58104174999999,128.0,0,0.0,0.0,0.0,,0.0,0.015151515151515152,0.015151515151515152,0.015151515151515152,0.015151515151515152,0.015151515151515152
head_tail,False,instruction,beginning,128,4,1.0,0,0.10714285714285714,0.029474075687726795,0.0,0.0,0.0,0.0,0.0,0.0,0.0,0.0,0.0,0.10714285714285714,0.0,0.0,0.0,0.0,0.0,0.0,,,0.0,0.0,12.76953125,1506.5,0.8370535714285715,0.69831,0.80709175,128.0,0,0.0,0.0,0.0,,0.0,0.11363636363636363,0.11363636363636363,0.10606060606060606,0.10606060606060606,0.10606060606060606
llmlingua2,False,instruction,beginning,128,4,1.0,0,0.0,0.0,0.0,0.0,0.0,0.0,0.0,0.0,0.0,0.0,0.0,0.0,0.0,0.0,0.0,0.0,0.0,0.0,,,0.0,1.0,7.858173076923077,1426.5,0.0,85.09668149999999,788.7224362999997,208.0,1,1261.751953125,1386.0,0.0,66.0,0.0,0.0,0.0,0.0,0.0,0.0
head_tail,False,instruction,beginning,256,4,1.0,0,1.0,0.15179867731018626,1.0,0.0,0.0,1.0,1.0,1.0,1.0,1.0,0.0,1.0,1.0,1.0,0.0,1.0,1.0,0.0,,,1.0,0.0,6.397288602941177,1379.0,3.9139093137254903,0.8055475,0.8270471,255.5,0,0.0,0.0,0.0,,0.0,0.27553049752985564,0.27553049752985564,0.24921470805617144,0.27553049752985564,0.24921470805617144
naive_first_n,False,instruction,beginning,256,4,1.0,0,1.0,0.14396173774412116,1.0,1.0,1.0,1.0,1.0,1.0,1.0,1.0,1.0,1.0,1.0,1.0,1.0,1.0,1.0,1.0,,,0.0,0.0,6.384765625,1378.5,3.90625,0.575555,165.1606969999999,256.0,0,0.0,0.0,0.0,,0.0,0.2741908818609717,0.2741908818609717,0.2701258412105652,0.2701258412105652,0.2701258412105652
llmlingua_queryless,False,instruction,beginning,256,4,1.0,0,0.23214285714285715,0.03826430251033855,0.0,0.0,0.0,0.0,0.0,0.0,0.0,0.0,0.0,0.125,0.0,0.0,0.0,0.0,0.0,0.0,,,0.0,0.0,7.157040229885057,1406.5,1.023541837400311,154.8440125,156.78972994999998,228.5,0,1193.2021484375,1356.0,0.0,,0.0,0.0,0.0,0.0,0.0,0.0
trimwise_structural,False,instruction,beginning,256,4,1.0,0,0.10714285714285714,0.01712737299243179,0.0,0.0,0.0,0.0,0.0,0.0,0.0,0.0,0.0,0.10714285714285714,0.0,0.0,0.0,0.0,0.0,0.0,,,0.0,0.0,6.397280943627451,1379.0,0.41907387955182074,31.1397435,34.29942835,255.5,0,0.0,0.0,0.0,,0.0,0.03436807095343681,0.03436807095343681,0.03436807095343681,0.03436807095343681,0.03436807095343681
llmlingua2,False,instruction,beginning,256,4,1.0,0,0.0,0.0,0.0,0.0,0.0,0.0,0.0,0.0,0.0,0.0,0.0,0.0,0.0,0.0,0.0,0.0,0.0,0.0,,,0.0,0.0,6.499225296442688,1383.0,0.0,85.01254399999999,86.5633274,251.5,0,1261.751953125,1386.0,0.0,66.0,0.0,0.0,0.0,0.0,0.0,0.0
head_tail,False,instruction,beginning,512,4,1.0,0,1.0,0.07583004306253072,1.0,0.0,0.0,1.0,1.0,1.0,1.0,1.0,0.0,1.0,1.0,1.0,0.0,1.0,1.0,0.0,,,1.0,0.0,3.195507430283757,1123.0,1.9550360812133072,1.0971975,1.1041338,511.5,0,0.0,0.0,0.0,,0.0,0.39688849340646515,0.39688849340646515,0.3846933714552456,0.38875841210565215,0.3846933714552456
naive_first_n,False,instruction,beginning,512,4,1.0,0,1.0,0.07383002360783225,1.0,1.0,1.0,1.0,1.0,1.0,1.0,1.0,1.0,1.0,1.0,1.0,1.0,1.0,1.0,1.0,,,0.0,0.0,3.1923828125,1122.5,1.953125,1.4370645,1.9780417499999998,512.0,0,0.0,0.0,0.0,48.0,0.0,0.2898967207375423,0.2898967207375423,0.2898967207375423,0.2898967207375423,0.2898967207375423
llmlingua_queryless,False,instruction,beginning,512,4,1.0,0,0.5714285714285714,0.04872741864946824,0.0,0.0,0.0,0.0,0.0,0.0,0.0,0.0,0.0,0.5714285714285714,0.0,0.0,0.0,0.0,0.0,0.0,,,0.0,0.0,3.677275349995445,1190.0,1.2921406803414306,169.114099,171.75523165,444.5,0,1193.2021484375,1334.0,0.0,,0.0,0.015151515151515152,0.015151515151515152,0.0,0.0,0.0
trimwise_structural,False,instruction,beginning,512,4,1.0,0,0.125,0.010212631344955241,0.0,0.0,0.0,0.0,0.0,0.0,0.0,0.0,0.0,0.125,0.0,0.0,0.0,0.0,0.0,0.0,,,0.0,0.0,3.193359375,1123.0,0.24420887790047527,91.7920885,93.10814599999999,512.0,0,0.0,0.0,0.0,,0.0,0.06929046563192905,0.06929046563192905,0.04249815225424982,0.04249815225424982,0.04249815225424982
llmlingua2,False,instruction,beginning,512,4,1.0,0,0.0,0.0,0.0,0.0,0.0,0.0,0.0,0.0,0.0,0.0,0.0,0.0,0.0,0.0,0.0,0.0,0.0,0.0,,,0.0,0.0,3.2433649223791394,1130.5,0.0,84.557163,85.62172025,504.0,0,1261.751953125,1386.0,0.0,66.0,0.0,0.0,0.0,0.0,0.0,0.0
llmlingua_queryless,False,instruction,beginning,1024,4,1.0,0,1.0,0.060379673802247937,1.0,1.0,1.0,1.0,1.0,1.0,1.0,1.0,1.0,1.0,1.0,1.0,1.0,1.0,1.0,1.0,,,0.0,0.0,2.420761992972229,959.0,1.489627846742858,183.872684,186.501465,675.0,0,1193.2021484375,1334.0,0.0,,0.0,0.29327615046485395,0.29327615046485395,0.09580561714708057,0.14696021511650523,0.09580561714708057
head_tail,False,instruction,beginning,1024,4,1.0,0,1.0,0.03781234078221472,1.0,0.0,0.0,1.0,1.0,1.0,1.0,1.0,0.0,1.0,1.0,1.0,0.0,1.0,1.0,0.0,,,1.0,0.0,1.5966796875,611.0,0.9768011516373412,1.721326,1.7662764499999999,1024.0,0,0.0,0.0,0.0,,0.0,0.42072441358384877,0.42072441358384877,0.4166593729334423,0.4166593729334423,0.4166593729334423
naive_first_n,False,instruction,beginning,1024,4,1.0,0,1.0,0.03762194903290785,1.0,1.0,1.0,1.0,1.0,1.0,1.0,1.0,1.0,1.0,1.0,1.0,1.0,1.0,1.0,1.0,,,0.0,0.0,1.59619140625,610.5,0.9765625,1.4401985000000002,1.4907276,1024.0,0,0.0,0.0,0.0,,0.0,0.5197635857937527,0.5197635857937527,0.5197635857937527,0.5197635857937527,0.5197635857937527
llmlingua2,False,instruction,beginning,1024,4,1.0,0,0.5,0.017523533312088512,0.0,0.0,0.0,0.0,0.0,0.0,0.0,0.0,0.0,0.42857142857142855,0.0,0.0,0.0,0.0,0.0,0.0,,,0.0,0.0,1.6228015413004007,627.0,0.4964525618009009,85.6575455,85.8117478,1007.0,0,1261.751953125,1386.0,0.0,66.0,0.0,0.02032520325203252,0.02032520325203252,0.0,0.012195121951219511,0.0
trimwise_structural,False,instruction,beginning,1024,4,1.0,0,0.21428571428571427,0.00828734825215725,0.0,0.0,0.0,0.0,0.0,0.0,0.0,0.0,0.0,0.14285714285714285,0.0,0.0,0.0,0.0,0.0,0.0,,,0.0,0.0,1.6003917727717925,613.0,0.20972455116657338,165.695153,167.07262035,1021.0,0,0.0,0.0,0.0,,0.0,0.15467941611234293,0.15467941611234293,0.10460550628233556,0.10867054693274204,0.10867054693274204
trimwise_lexical,True,instruction,middle,128,8,1.0,0,1.0,0.3516483516483517,1.0,0.0,0.0,1.0,1.0,1.0,1.0,1.0,0.0,1.0,1.0,1.0,0.0,1.0,1.0,0.0,,,1.0,0.0,12.972222222222221,1508.5,7.921006944444445,5.5795935,5.61434745,126.0,0,0.0,0.0,0.0,,0.0,0.5000554323725056,0.5000554323725056,0.49192535107169255,0.5000554323725056,0.5000554323725056
trimwise_hybrid,True,instruction,middle,128,8,1.0,0,1.0,0.328166168912706,1.0,0.125,0.125,1.0,1.0,1.0,1.0,1.0,0.125,1.0,1.0,1.0,0.125,1.0,1.0,0.125,,,0.875,0.0,12.972222222222221,1508.5,7.914720108628839,42.1863865,43.27151495,126.5,0,0.0,0.0,0.0,,0.0,0.5121581670362159,0.5121581670362159,0.5040280857354028,0.5121581670362159,0.5121581670362159
bm25_128_32_source_order,True,instruction,middle,128,8,1.0,0,1.0,0.3063694946275543,1.0,1.0,1.0,1.0,1.0,1.0,1.0,1.0,1.0,1.0,1.0,1.0,1.0,1.0,1.0,1.0,,,0.0,0.0,12.76953125,1506.5,7.8125,1.346127,1.50636405,128.0,0,0.0,0.0,0.0,35.0,0.0,0.5392276422764227,0.5392276422764227,0.42703057532967675,0.5275868440502587,0.45741140545376746
embedding_mmr_source_order,True,instruction,middle,128,8,1.0,0,0.7890625,0.24054455115379483,0.75,0.75,0.75,0.75,0.375,0.375,0.375,0.375,0.375,0.765625,0.75,0.75,0.75,0.75,0.75,0.75,,,0.125,0.0,12.76953125,1506.5,6.16455078125,11.250505,13.0315117,128.0,0,0.0,0.0,0.0,43.0,0.0,0.41471389115805035,0.41471389115805035,0.3195841599564321,0.40307309293188626,0.35044151398451784
embedding_topk_source_order,True,instruction,middle,128,8,1.0,0,0.7890625,0.24054455115379483,0.75,0.75,0.75,0.75,0.375,0.375,0.375,0.375,0.375,0.765625,0.75,0.75,0.75,0.75,0.75,0.75,,,0.125,0.0,12.76953125,1506.5,6.16455078125,11.0185315,13.393823399999999,128.0,0,0.0,0.0,0.0,39.0,0.0,0.41471389115805035,0.41471389115805035,0.3195841599564321,0.40307309293188626,0.35044151398451784
longllmlingua,True,instruction,middle,128,8,1.0,0,0.4921875,0.16702054735974062,0.0,0.0,0.0,0.0,0.0,0.0,0.0,0.0,0.0,0.3515625,0.0,0.0,0.0,0.0,0.0,0.0,,,0.0,0.5,12.930737961225766,1512.5,3.889442444161535,298.822965,299.78103445,126.5,0,1193.2060546875,1403.0,0.0,,0.0,0.0,0.0,0.0,0.0,0.0
llmlingua,True,instruction,middle,128,8,1.0,0,0.125,0.03731634976917421,0.0,0.0,0.0,0.0,0.0,0.0,0.0,0.0,0.0,0.1015625,0.0,0.0,0.0,0.0,0.0,0.0,,,0.0,0.25,13.509221311475411,1516.0,0.9849247181377125,149.59486800000002,152.7974081,121.0,0,1193.2021484375,1378.0,0.0,,0.0,0.0,0.0,0.0,0.0,0.0
recomp_extractive,True,instruction,middle,128,8,1.0,0,0.0703125,0.02006856443204446,0.0,0.0,0.0,0.0,0.0,0.0,0.0,0.0,0.0,0.0625,0.0,0.0,0.0,0.0,0.0,0.0,,,0.0,0.0,12.870078740157481,1508.0,0.5522075853799525,120.940179,124.33800655,127.5,0,936.11279296875,1016.0,0.0,,0.0,0.319176926518069,0.319176926518069,0.29478668261563,0.29885172326603654,0.29885172326603654
trimwise_lexical,True,instruction,middle,256,8,1.0,0,1.0,0.2377003869541183,1.0,0.0,0.0,1.0,1.0,1.0,1.0,1.0,0.0,1.0,1.0,1.0,0.0,1.0,1.0,0.0,,,1.0,0.0,8.225394088669951,1436.5,5.0290288529204785,6.355218499999999,6.7613432,200.0,0,686.13623046875,790.0,0.0,50.0,0.0,0.6009885439763488,0.6009885439763488,0.5928584626755359,0.6009885439763488,0.6009885439763488
trimwise_hybrid,True,instruction,middle,256,8,1.0,0,1.0,0.2185604426556021,1.0,0.0,0.0,1.0,1.0,1.0,1.0,1.0,0.0,1.0,1.0,1.0,0.0,1.0,1.0,0.0,,,1.0,0.0,7.913250469043152,1431.0,4.85690133916114,42.2047465,43.105499449999996,206.5,0,686.13623046875,790.0,0.0,46.0,0.0,0.6120750184774575,0.6120750184774575,0.6039449371766445,0.6120750184774575,0.6120750184774575
bm25_128_32_source_order,True,instruction,middle,256,8,1.0,0,1.0,0.1679998816923535,1.0,0.875,0.875,1.0,1.0,1.0,1.0,1.0,0.875,1.0,1.0,1.0,0.875,1.0,1.0,0.875,,,0.125,0.0,6.38671875,1379.0,3.9119944852941178,1.520891,2.7760985,256.0,0,0.0,0.0,0.0,35.0,0.0,0.6116361788617887,0.6116361788617887,0.4953740712646361,0.595930339985218,0.5257549013887268
embedding_topk_source_order,True,instruction,middle,256,8,1.0,0,0.8515625,0.14161252881830416,0.75,0.75,0.75,0.75,0.375,0.375,0.375,0.375,0.375,0.8203125,0.75,0.75,0.75,0.75,0.75,0.75,,,0.125,0.0,6.38671875,1379.0,3.330245672487745,11.3900775,16.363640649999997,256.0,0,0.0,0.0,0.0,39.0,0.0,0.5088468121523321,0.5088468121523321,0.3921081806511845,0.49314097327576145,0.4229655346792702
embedding_mmr_source_order,True,instruction,middle,256,8,1.0,0,0.796875,0.13312841526944602,0.75,0.75,0.75,0.75,0.375,0.375,0.375,0.375,0.375,0.7734375,0.75,0.75,0.75,0.75,0.75,0.75,,,0.25,0.0,6.38671875,1379.0,3.118552531433341,11.295889500000001,13.715299449999998,256.0,0,0.0,0.0,0.0,43.0,0.0,0.521346812152332,0.521346812152332,0.4046081806511845,0.5056409732757614,0.43546553467927024
longllmlingua,True,instruction,middle,256,8,1.0,0,0.515625,0.10295964674618252,0.0,0.0,0.0,0.0,0.0,0.0,0.0,0.0,0.0,0.3671875,0.0,0.0,0.0,0.0,0.0,0.0,,,0.0,0.125,7.108695652173913,1406.5,2.2293463920144343,317.6837815,323.79913295,230.0,0,1193.2060546875,1380.0,0.0,69.0,0.0,0.0,0.0,0.0,0.0,0.0
recomp_extractive,True,instruction,middle,256,8,1.0,0,0.2265625,0.03552066660512669,0.125,0.125,0.125,0.125,0.125,0.125,0.125,0.125,0.125,0.1953125,0.125,0.125,0.125,0.125,0.125,0.125,,,0.0,0.0,6.388671875,1379.0,0.8860906259649529,121.034003,127.96321855000001,256.0,0,448.01904296875,496.0,0.0,61.0,0.0,0.3650703115882834,0.3650703115882834,0.32848494573462483,0.34068006768584436,0.33661502703543783
llmlingua,True,instruction,middle,256,8,1.0,0,0.1796875,0.03298428039770289,0.0,0.0,0.0,0.0,0.0,0.0,0.0,0.0,0.0,0.1171875,0.0,0.0,0.0,0.0,0.0,0.0,,,0.0,0.0,7.157040229885057,1413.5,0.7864050768275399,156.93993,162.10761879999998,228.5,0,1870.71337890625,2076.0,0.0,64.0,0.0,0.0,0.0,0.0,0.0,0.0
trimwise_lexical,True,instruction,middle,512,8,1.0,0,1.0,0.2377003869541183,1.0,0.0,0.0,1.0,1.0,1.0,1.0,1.0,0.0,1.0,1.0,1.0,0.0,1.0,1.0,0.0,,,1.0,0.0,8.225394088669951,1436.5,5.0290288529204785,5.823472499999999,5.9079067499999995,200.0,0,0.0,0.0,0.0,,0.0,0.6091186252771619,0.6091186252771619,0.6050535846267554,0.6091186252771619,0.6091186252771619
trimwise_hybrid,True,instruction,middle,512,8,1.0,0,1.0,0.2185604426556021,1.0,0.0,0.0,1.0,1.0,1.0,1.0,1.0,0.0,1.0,1.0,1.0,0.0,1.0,1.0,0.0,,,1.0,0.0,7.913250469043152,1431.0,4.85690133916114,42.845352,43.8367857,206.5,0,0.0,0.0,0.0,,0.0,0.6318458980044346,0.6318458980044346,0.6318458980044346,0.6318458980044346,0.6318458980044346
bm25_128_32_source_order,True,instruction,middle,512,8,1.0,0,1.0,0.09023776838170736,1.0,0.0,0.0,1.0,1.0,1.0,1.0,1.0,0.0,1.0,1.0,1.0,0.0,1.0,1.0,0.0,,,1.0,0.0,3.1986443014705883,1123.5,1.9564750129503856,1.6106305,2.16059865,511.5,0,0.0,0.0,0.0,35.0,0.0,0.6642045454545454,0.6642045454545454,0.5451015287664839,0.6642045454545454,0.5795473995409811
embedding_mmr_source_order,True,instruction,middle,512,8,1.0,0,0.984375,0.08687888052608711,1.0,0.125,0.125,1.0,0.625,0.625,0.625,0.625,0.0,0.9765625,1.0,1.0,0.125,1.0,1.0,0.125,,,0.875,0.0,3.193359375,1123.0,1.9240108721410225,12.350783,15.48334755,512.0,0,0.0,0.0,0.0,43.0,0.0,0.5505134788189987,0.5505134788189987,0.4309339382269421,0.5272318823666705,0.44663977710351266
embedding_topk_source_order,True,instruction,middle,512,8,1.0,0,0.890625,0.07825993610073109,0.875,0.125,0.125,0.875,0.625,0.625,0.625,0.625,0.125,0.890625,0.875,0.875,0.125,0.875,0.875,0.125,,,0.875,0.0,3.196482081702544,1123.0,1.7409352640349804,11.13093,12.681885549999999,512.0,0,0.0,0.0,0.0,39.0,0.0,0.5566618528027386,0.5566618528027386,0.4510096958026997,0.5333802563504104,0.46320481775391914
longllmlingua,True,instruction,middle,512,8,1.0,0,0.6484375,0.06063457851424781,0.0,0.0,0.0,0.0,0.0,0.0,0.0,0.0,0.0,0.5078125,0.0,0.0,0.0,0.0,0.0,0.0,,,0.0,0.5,3.207760832877388,1137.5,1.2805384704633773,339.994233,344.64532015,509.5,0,1193.2060546875,1334.0,0.0,,0.0,0.030303030303030304,0.030303030303030304,0.015151515151515152,0.007575757575757576,0.007575757575757576
recomp_extractive,True,instruction,middle,512,8,1.0,0,0.5703125,0.04636589600016145,0.5,0.25,0.25,0.5,0.5,0.5,0.5,0.5,0.25,0.5546875,0.5,0.5,0.25,0.5,0.5,0.25,,,0.625,0.0,3.20078661601627,1124.0,1.1157458903823652,127.156342,134.0062801,511.0,0,936.11279296875,1016.0,0.0,,0.0,0.41024153602780045,0.41024153602780045,0.34113584497088995,0.35739600757251594,0.3533309669221094
llmlingua,True,instruction,middle,512,8,1.0,0,0.4296875,0.041648443164759685,0.0,0.0,0.0,0.0,0.0,0.0,0.0,0.0,0.0,0.2890625,0.0,0.0,0.0,0.0,0.0,0.0,,,0.0,0.0,3.6741708075788795,1191.0,0.9681177105419476,167.9559585,168.76882265,445.0,0,1193.2021484375,1334.0,0.0,,0.0,0.015151515151515152,0.015151515151515152,0.0,0.0,0.0
trimwise_lexical,True,instruction,middle,1024,8,1.0,0,1.0,0.2377003869541183,1.0,0.0,0.0,1.0,1.0,1.0,1.0,1.0,0.0,1.0,1.0,1.0,0.0,1.0,1.0,0.0,,,1.0,0.0,8.225394088669951,1436.5,5.0290288529204785,6.375929,7.075778349999999,200.0,0,686.13623046875,790.0,0.0,50.0,0.0,0.6329545454545454,0.6329545454545454,0.6329545454545454,0.6329545454545454,0.6329545454545454
trimwise_hybrid,True,instruction,middle,1024,8,1.0,0,1.0,0.2185604426556021,1.0,0.0,0.0,1.0,1.0,1.0,1.0,1.0,0.0,1.0,1.0,1.0,0.0,1.0,1.0,0.0,,,1.0,0.0,7.913250469043152,1431.0,4.85690133916114,41.9577625,42.5347318,206.5,0,686.13623046875,790.0,0.0,46.0,0.0,0.6481060606060606,0.6481060606060606,0.6481060606060606,0.6481060606060606,0.6481060606060606
llmlingua,True,instruction,middle,1024,8,1.0,0,0.75,0.051187118894509456,0.0,0.0,0.0,0.0,0.0,0.0,0.0,0.0,0.0,0.71875,0.0,0.0,0.0,0.0,0.0,0.0,,,0.0,0.0,2.420761992972229,959.0,1.1081473660834054,186.81928299999998,190.13140865,680.0,0,1870.71337890625,2042.0,0.0,64.0,0.0,0.29327615046485395,0.29327615046485395,0.09580561714708057,0.14696021511650523,0.09580561714708057
bm25_128_32_source_order,True,instruction,middle,1024,8,1.0,0,1.0,0.04491432295594223,1.0,0.0,0.0,1.0,1.0,1.0,1.0,1.0,0.0,1.0,1.0,1.0,0.0,1.0,1.0,0.0,,,1.0,0.0,1.599806794366208,613.0,0.9785947813271446,1.8321990000000001,1.92838815,1022.5,0,0.0,0.0,0.0,35.0,0.0,0.6079545454545454,0.6079545454545454,0.49926819543315054,0.6079545454545454,0.5337140662076477
embedding_mmr_source_order,True,instruction,middle,1024,8,1.0,0,0.9921875,0.04420604639323946,1.0,0.0,0.0,1.0,0.875,0.875,0.875,0.875,0.0,0.9921875,1.0,1.0,0.0,1.0,1.0,0.0,,,1.0,0.0,1.59619140625,610.5,0.96893310546875,12.0488695,13.96509315,1024.0,0,0.0,0.0,0.0,43.0,0.0,0.5929878048780488,0.5929878048780488,0.4761713735558408,0.5848577235772358,0.5106172443303381
embedding_topk_source_order,True,instruction,middle,1024,8,1.0,0,0.9921875,0.04407888162683487,1.0,0.0,0.0,1.0,0.875,0.875,0.875,0.875,0.0,0.9921875,1.0,1.0,0.0,1.0,1.0,0.0,,,1.0,0.0,1.59619140625,610.5,0.9690449734237536,12.273711500000001,14.049795799999998,1024.0,0,0.0,0.0,0.0,39.0,0.0,0.5472560975609756,0.5472560975609756,0.43450470688917414,0.5431910569105691,0.4689505776636714
longllmlingua,True,instruction,middle,1024,8,1.0,0,0.796875,0.04130978940072246,0.625,0.25,0.25,0.625,0.0,0.0,0.0,0.0,0.0,0.6640625,0.0,0.0,0.0,0.0,0.0,0.0,,,0.5,0.0,1.8056713541730192,729.5,0.8758609874855359,397.71276950000004,405.5128204,912.0,0,1193.2060546875,1334.0,0.0,69.0,0.0,0.10446570972886764,0.10446570972886764,0.015151515151515152,0.05143540669856459,0.007575757575757576
recomp_extractive,True,instruction,middle,1024,8,1.0,0,0.90625,0.038386045628191784,0.875,0.0,0.0,0.875,0.875,0.875,0.875,0.875,0.0,0.8984375,0.875,0.875,0.0,0.875,0.875,0.0,,,1.0,0.0,1.5966796875,611.0,0.8854877701287832,130.692853,133.47896824999998,1024.0,0,448.01904296875,496.0,0.0,61.0,0.0,0.4618136597035827,0.4618136597035827,0.34448180456684946,0.3607419671684755,0.356676926518069
head_tail,False,instruction,middle,128,8,1.0,0,0.1875,0.0585275296440345,0.0,0.0,0.0,0.0,0.0,0.0,0.0,0.0,0.0,0.1640625,0.0,0.0,0.0,0.0,0.0,0.0,,,0.0,0.0,12.76953125,1506.5,1.46484375,0.6619685,0.7495573,128.0,0,0.0,0.0,0.0,,0.0,0.11363636363636363,0.11363636363636363,0.10606060606060606,0.10606060606060606,0.10606060606060606
naive_first_n,False,instruction,middle,128,8,1.0,0,0.1796875,0.05626973731727168,0.0,0.0,0.0,0.0,0.0,0.0,0.0,0.0,0.0,0.1484375,0.0,0.0,0.0,0.0,0.0,0.0,,,0.0,0.0,12.76953125,1506.5,1.40380859375,0.43380799999999997,0.5148973499999999,128.0,0,0.0,0.0,0.0,,0.0,0.2357577702571284,0.2357577702571284,0.20944198078344423,0.2357577702571284,0.2357577702571284
trimwise_structural,False,instruction,middle,128,8,1.0,0,0.140625,0.04629786733449615,0.0,0.0,0.0,0.0,0.0,0.0,0.0,0.0,0.0,0.125,0.0,0.0,0.0,0.0,0.0,0.0,,,0.0,0.0,12.76953125,1506.5,1.1005704365079365,12.9336635,13.089713849999999,128.0,0,0.0,0.0,0.0,,0.0,0.015151515151515152,0.015151515151515152,0.015151515151515152,0.015151515151515152,0.015151515151515152
llmlingua_queryless,False,instruction,middle,128,8,1.0,0,0.125,0.03731634976917421,0.0,0.0,0.0,0.0,0.0,0.0,0.0,0.0,0.0,0.1015625,0.0,0.0,0.0,0.0,0.0,0.0,,,0.0,0.25,13.509221311475411,1516.0,0.9849247181377125,149.930408,151.24591895,121.0,0,1193.2021484375,1378.0,0.0,57.0,0.0,0.0,0.0,0.0,0.0,0.0
llmlingua2,False,instruction,middle,128,8,1.0,0,0.0625,0.028985507246376812,0.0,0.0,0.0,0.0,0.0,0.0,0.0,0.0,0.0,0.0625,0.0,0.0,0.0,0.0,0.0,0.0,,,0.0,1.0,7.858173076923077,1426.5,0.3005232700467849,84.33388500000001,86.86517465,208.0,0,774.033203125,850.0,0.0,59.0,0.0,0.0,0.0,0.0,0.0,0.0
head_tail,False,instruction,middle,256,8,1.0,0,0.2734375,0.04720406333309559,0.0,0.0,0.0,0.0,0.0,0.0,0.0,0.0,0.0,0.171875,0.0,0.0,0.0,0.0,0.0,0.0,,,1.0,0.0,6.397288602941177,1379.0,1.0695513556985294,0.803813,0.83287355,256.0,0,0.0,0.0,0.0,,0.0,0.27553049752985564,0.27553049752985564,0.24921470805617144,0.27553049752985564,0.24921470805617144
llmlingua2,False,instruction,middle,256,8,1.0,0,0.15625,0.044739620864980886,0.0,0.0,0.0,0.0,0.0,0.0,0.0,0.0,0.0,0.15625,0.0,0.0,0.0,0.0,0.0,0.0,,,0.0,0.125,6.500153824855021,1383.5,0.6198716175903789,84.497063,85.82115245,251.5,0,774.033203125,850.0,0.0,59.0,0.0,0.0,0.0,0.0,0.0,0.0
naive_first_n,False,instruction,middle,256,8,1.0,0,0.234375,0.0384991089783719,0.0,0.0,0.0,0.0,0.0,0.0,0.0,0.0,0.0,0.21875,0.0,0.0,0.0,0.0,0.0,0.0,,,0.0,0.0,6.384765625,1378.5,0.91552734375,0.578638,0.5958073,256.0,0,0.0,0.0,0.0,,0.0,0.2741908818609717,0.2741908818609717,0.2701258412105652,0.2701258412105652,0.2701258412105652
llmlingua_queryless,False,instruction,middle,256,8,1.0,0,0.1796875,0.03298428039770289,0.0,0.0,0.0,0.0,0.0,0.0,0.0,0.0,0.0,0.1171875,0.0,0.0,0.0,0.0,0.0,0.0,,,0.0,0.0,7.157040229885057,1413.5,0.7864050768275399,154.271836,156.2207328,228.5,0,1193.2021484375,1368.0,0.0,57.0,0.0,0.0,0.0,0.0,0.0,0.0
trimwise_structural,False,instruction,middle,256,8,1.0,0,0.140625,0.02571847870537009,0.0,0.0,0.0,0.0,0.0,0.0,0.0,0.0,0.0,0.125,0.0,0.0,0.0,0.0,0.0,0.0,,,0.0,0.0,6.407843137254902,1379.0,0.5507525275735294,28.763379,28.98223335,255.0,0,0.0,0.0,0.0,,0.0,0.03436807095343681,0.03436807095343681,0.03436807095343681,0.03436807095343681,0.03436807095343681
llmlingua_queryless,False,instruction,middle,512,8,1.0,0,0.4296875,0.041648443164759685,0.0,0.0,0.0,0.0,0.0,0.0,0.0,0.0,0.0,0.2890625,0.0,0.0,0.0,0.0,0.0,0.0,,,0.0,0.0,3.6741708075788795,1191.0,0.9681177105419476,169.8089785,171.91826295,445.0,0,1193.2021484375,1334.0,0.0,55.0,0.0,0.015151515151515152,0.015151515151515152,0.0,0.0,0.0
llmlingua2,False,instruction,middle,512,8,1.0,0,0.3203125,0.030271007530812896,0.0,0.0,0.0,0.0,0.0,0.0,0.0,0.0,0.0,0.3046875,0.0,0.0,0.0,0.0,0.0,0.0,,,0.0,0.0,3.2615290222592304,1133.0,0.6351885046076177,84.485739,85.06937275,503.5,0,774.033203125,850.0,0.0,59.0,0.0,0.0,0.0,0.0,0.0,0.0
head_tail,False,instruction,middle,512,8,1.0,0,0.3125,0.027004076335307207,0.0,0.0,0.0,0.0,0.0,0.0,0.0,0.0,0.0,0.2265625,0.0,0.0,0.0,0.0,0.0,0.0,,,1.0,0.0,3.193359375,1123.0,0.6106501689395792,1.100165,1.15358155,512.0,0,0.0,0.0,0.0,,0.0,0.39688849340646515,0.39688849340646515,0.3846933714552456,0.38875841210565215,0.3846933714552456
naive_first_n,False,instruction,middle,512,8,1.0,0,0.296875,0.025027952113628637,0.0,0.0,0.0,0.0,0.0,0.0,0.0,0.0,0.0,0.25,0.0,0.0,0.0,0.0,0.0,0.0,,,0.0,0.0,3.1923828125,1122.5,0.579833984375,0.853862,0.90570035,512.0,0,0.0,0.0,0.0,,0.0,0.2898967207375423,0.2898967207375423,0.2898967207375423,0.2898967207375423,0.2898967207375423
trimwise_structural,False,instruction,middle,512,8,1.0,0,0.21875,0.02063898783207825,0.0,0.0,0.0,0.0,0.0,0.0,0.0,0.0,0.0,0.1875,0.0,0.0,0.0,0.0,0.0,0.0,,,0.0,0.0,3.195505519202544,1123.0,0.42778464131686395,89.0864645,94.47928895,511.5,0,0.0,0.0,0.0,,0.0,0.06929046563192905,0.06929046563192905,0.04249815225424982,0.04249815225424982,0.04249815225424982
llmlingua_queryless,False,instruction,middle,1024,8,1.0,0,0.75,0.051187118894509456,0.0,0.0,0.0,0.0,0.0,0.0,0.0,0.0,0.0,0.71875,0.0,0.0,0.0,0.0,0.0,0.0,,,0.0,0.0,2.420761992972229,959.0,1.1081473660834054,185.020213,185.9059169,680.0,0,1193.2021484375,1334.0,0.0,56.0,0.0,0.29327615046485395,0.29327615046485395,0.09580561714708057,0.14696021511650523,0.09580561714708057
naive_first_n,False,instruction,middle,1024,8,1.0,0,1.0,0.043008339317576756,1.0,1.0,1.0,1.0,1.0,1.0,1.0,1.0,1.0,1.0,1.0,1.0,1.0,1.0,1.0,1.0,,,0.0,0.0,1.59619140625,610.5,0.9765625,1.445442,1.5026109,1024.0,0,0.0,0.0,0.0,,0.0,0.5197635857937527,0.5197635857937527,0.5197635857937527,0.5197635857937527,0.5197635857937527
llmlingua2,False,instruction,middle,1024,8,1.0,0,0.578125,0.023174945233027947,0.0,0.0,0.0,0.0,0.0,0.0,0.0,0.0,0.0,0.5234375,0.0,0.0,0.0,0.0,0.0,0.0,,,0.0,0.0,1.6394182547642928,637.5,0.5746402049335231,85.243725,86.5791124,1002.5,0,774.033203125,850.0,0.0,59.0,0.0,0.02032520325203252,0.02032520325203252,0.0,0.012195121951219511,0.0
head_tail,False,instruction,middle,1024,8,1.0,0,0.3125,0.013507665950244836,0.0,0.0,0.0,0.0,0.0,0.0,0.0,0.0,0.0,0.25,0.0,0.0,0.0,0.0,0.0,0.0,,,1.0,0.0,1.5969713198008308,611.0,0.3052876492050037,1.7409720000000002,1.816427,1024.0,0,0.0,0.0,0.0,,0.0,0.42072441358384877,0.42072441358384877,0.4166593729334423,0.4166593729334423,0.4166593729334423
trimwise_structural,False,instruction,middle,1024,8,1.0,0,0.25,0.011117649699698024,0.0,0.0,0.0,0.0,0.0,0.0,0.0,0.0,0.0,0.25,0.0,0.0,0.0,0.0,0.0,0.0,,,0.0,0.0,1.6003917727717925,613.0,0.2447084744823366,163.43992250000002,177.12101815,1021.0,0,0.0,0.0,0.0,,0.0,0.15467941611234293,0.15467941611234293,0.10460550628233556,0.10867054693274204,0.10867054693274204
trimwise_hybrid,True,instruction,multiple,128,10,1.0,0,0.7142857142857143,0.4545454545454545,0.0,0.0,0.0,0.6666666666666666,0.6666666666666666,0.0,0.6666666666666666,0.0,0.0,0.7857142857142857,0.6666666666666666,0.0,0.0,0.6666666666666666,0.0,0.0,,,1.0,0.0,12.968253968253968,1508.0,5.660076530612246,42.2162285,44.211895049999995,126.0,0,0.0,0.0,0.0,,0.0,0.5121581670362159,0.5121581670362159,0.5040280857354028,0.5121581670362159,0.5121581670362159
bm25_128_32_source_order,True,instruction,multiple,128,10,1.0,0,0.6928571428571428,0.450808167227066,0.0,0.0,0.0,0.6666666666666666,0.5,0.0,0.5,0.0,0.0,0.7718253968253969,0.6666666666666666,0.0,0.0,0.6666666666666666,0.0,0.0,,,1.0,0.0,12.765625,1506.0,5.412946428571429,1.2731925,1.6805815999999998,128.0,0,0.0,0.0,0.0,34.0,0.0,0.5392276422764227,0.5392276422764227,0.42703057532967675,0.5275868440502587,0.45741140545376746
embedding_mmr_source_order,True,instruction,multiple,128,10,1.0,0,0.6095238095238095,0.3936086207192155,0.0,0.0,0.0,0.5,0.4666666666666666,0.0,0.4666666666666666,0.0,0.0,0.6674603174603175,0.5,0.0,0.0,0.5,0.0,0.0,,,0.9,0.0,12.765625,1506.0,4.761904761904762,13.859323499999999,18.694643,128.0,0,0.0,0.0,0.0,43.0,0.0,0.41471389115805035,0.41471389115805035,0.3195841599564321,0.40307309293188626,0.35044151398451784
embedding_topk_source_order,True,instruction,multiple,128,10,1.0,0,0.6023809523809524,0.388561574741937,0.0,0.0,0.0,0.5,0.4666666666666666,0.0,0.4666666666666666,0.0,0.0,0.6674603174603175,0.5,0.0,0.0,0.5,0.0,0.0,,,0.9,0.0,12.76953125,1506.0,4.712985095613049,11.1391605,13.148041349999998,128.0,0,0.0,0.0,0.0,41.0,0.0,0.41471389115805035,0.41471389115805035,0.3195841599564321,0.40307309293188626,0.35044151398451784
trimwise_lexical,True,instruction,multiple,128,10,1.0,0,0.42857142857142855,0.26086956521739124,0.0,0.0,0.0,0.3333333333333333,0.3333333333333333,0.0,0.3333333333333333,0.0,0.0,0.40476190476190477,0.3333333333333333,0.0,0.0,0.3333333333333333,0.0,0.0,,,0.0,0.0,13.072,1509.0,3.423172103487064,6.448138,6.74759255,125.0,0,0.0,0.0,0.0,,0.0,0.5000554323725056,0.5000554323725056,0.49192535107169255,0.5000554323725056,0.5000554323725056
recomp_extractive,True,instruction,multiple,128,10,1.0,0,0.3880952380952381,0.25228727287323544,0.0,0.0,0.0,0.3333333333333333,0.3333333333333333,0.0,0.3333333333333333,0.0,0.0,0.45138888888888895,0.3333333333333333,0.0,0.0,0.3333333333333333,0.0,0.0,,,0.0,0.0,12.765625,1506.0,3.034044572553431,118.8299845,119.56496575,128.0,0,448.02490234375,496.0,0.0,,0.0,0.319176926518069,0.319176926518069,0.29478668261563,0.29885172326603654,0.29885172326603654
longllmlingua,True,instruction,multiple,128,10,1.0,0,0.19523809523809524,0.11240500379124559,0.0,0.0,0.0,0.0,0.0,0.0,0.0,0.0,0.0,0.14494047619047618,0.0,0.0,0.0,0.0,0.0,0.0,,,0.0,1.0,10.559166666666666,1484.5,1.2263544852053554,307.223468,316.95626705,155.0,0,1193.2060546875,1403.0,0.0,,0.0,0.0,0.0,0.0,0.0,0.0
llmlingua,True,instruction,multiple,128,10,1.0,0,0.15,0.09543199377546188,0.0,0.0,0.0,0.0,0.0,0.0,0.0,0.0,0.0,0.14454365079365078,0.0,0.0,0.0,0.0,0.0,0.0,,,0.0,0.2,13.509221311475411,1515.0,1.1986183041552487,150.6597445,153.97540665,121.0,0,1193.2021484375,1379.0,0.0,,0.0,0.0,0.0,0.0,0.0,0.0
embedding_topk_source_order,True,instruction,multiple,256,10,1.0,0,0.719047619047619,0.2797583131233897,0.0,0.0,0.0,0.5666666666666667,0.5666666666666667,0.0,0.5666666666666667,0.0,0.0,0.7422619047619048,0.5666666666666667,0.0,0.0,0.5666666666666667,0.0,0.0,,,1.0,0.0,6.405882352941177,1379.0,2.8153084150326797,11.310197500000001,19.872507199999998,255.0,0,0.0,0.0,0.0,41.0,0.0,0.5088468121523321,0.5088468121523321,0.3921081806511845,0.49314097327576145,0.4229655346792702
trimwise_hybrid,True,instruction,multiple,256,10,1.0,0,0.7142857142857143,0.2732265472368526,0.0,0.0,0.0,0.6666666666666666,0.6666666666666666,0.0,0.6666666666666666,0.0,0.0,0.7857142857142857,0.6666666666666666,0.0,0.0,0.6666666666666666,0.0,0.0,,,1.0,0.0,6.458498023715415,1381.0,2.8233790229119418,42.633322,43.460344449999994,253.0,0,686.13623046875,790.0,0.0,47.0,0.0,0.6120750184774575,0.6120750184774575,0.6039449371766445,0.6120750184774575,0.6120750184774575
bm25_128_32_source_order,True,instruction,multiple,256,10,1.0,0,0.7023809523809523,0.2692737618376858,0.0,0.0,0.0,0.6666666666666666,0.5,0.0,0.5,0.0,0.0,0.7718253968253969,0.6666666666666666,0.0,0.0,0.6666666666666666,0.0,0.0,,,1.0,0.0,6.397280943627451,1379.0,2.748052345938375,1.541485,2.316000799999999,256.0,0,0.0,0.0,0.0,34.0,0.0,0.6116361788617887,0.6116361788617887,0.4953740712646361,0.595930339985218,0.5257549013887268
embedding_mmr_source_order,True,instruction,multiple,256,10,1.0,0,0.6738095238095239,0.2622594922640024,0.0,0.0,0.0,0.5,0.5,0.0,0.5,0.0,0.0,0.6795634920634921,0.5,0.0,0.0,0.5,0.0,0.0,,,0.9,0.0,6.3828125,1378.0,2.6320684523809526,13.340573,16.4143634,256.0,0,0.0,0.0,0.0,43.0,0.0,0.521346812152332,0.521346812152332,0.4046081806511845,0.5056409732757614,0.43546553467927024
trimwise_lexical,True,instruction,multiple,256,10,1.0,0,0.7142857142857143,0.26098348205809757,0.0,0.0,0.0,0.6666666666666666,0.6666666666666666,0.0,0.6666666666666666,0.0,0.0,0.7857142857142857,0.6666666666666666,0.0,0.0,0.6666666666666666,0.0,0.0,,,1.0,0.0,6.458498023715415,1381.0,2.821049368363947,8.323779,8.7702725,253.0,0,686.13623046875,790.0,0.0,44.0,0.0,0.6009885439763488,0.6009885439763488,0.5928584626755359,0.6009885439763488,0.6009885439763488
recomp_extractive,True,instruction,multiple,256,10,1.0,0,0.42857142857142855,0.1597297460648268,0.0,0.0,0.0,0.3333333333333333,0.3333333333333333,0.0,0.3333333333333333,0.0,0.0,0.45138888888888895,0.3333333333333333,0.0,0.0,0.3333333333333333,0.0,0.0,,,0.0,0.0,6.38671875,1379.0,1.67531074929972,122.7416465,130.09993305,256.0,0,448.02490234375,496.0,0.0,65.0,0.0,0.3650703115882834,0.3650703115882834,0.32848494573462483,0.34068006768584436,0.33661502703543783
longllmlingua,True,instruction,multiple,256,10,1.0,0,0.29285714285714287,0.11056947319709667,0.0,0.0,0.0,0.0,0.0,0.0,0.0,0.0,0.0,0.18303571428571427,0.0,0.0,0.0,0.0,0.0,0.0,,,0.0,0.7,6.323219096079018,1377.0,1.0958922665295092,318.4008565,329.1150791,258.5,0,1193.2060546875,1380.0,0.0,69.0,0.0,0.0,0.0,0.0,0.0,0.0
llmlingua,True,instruction,multiple,256,10,1.0,0,0.20238095238095238,0.0853388976304253,0.0,0.0,0.0,0.0,0.0,0.0,0.0,0.0,0.0,0.14732142857142858,0.0,0.0,0.0,0.0,0.0,0.0,,,0.0,0.0,7.368493150684932,1418.0,0.8971033408127476,157.56264900000002,159.4165684,222.0,0,1870.71337890625,2088.0,0.0,66.0,0.0,0.0,0.0,0.0,0.0,0.0
trimwise_hybrid,True,instruction,multiple,512,10,1.0,0,0.7142857142857143,0.2731008717310087,0.0,0.0,0.0,0.6666666666666666,0.6666666666666666,0.0,0.6666666666666666,0.0,0.0,0.7857142857142857,0.6666666666666666,0.0,0.0,0.6666666666666666,0.0,0.0,,,1.0,0.0,6.458498023715415,1381.0,2.8180338532348754,42.828439,46.9848139,253.0,0,0.0,0.0,0.0,,0.0,0.6318458980044346,0.6318458980044346,0.6318458980044346,0.6318458980044346,0.6318458980044346
embedding_mmr_source_order,True,instruction,multiple,512,10,1.0,0,0.8142857142857143,0.176191604088965,0.0,0.0,0.0,0.6333333333333333,0.6333333333333333,0.0,0.6333333333333333,0.0,0.0,0.775595238095238,0.6333333333333333,0.0,0.0,0.6333333333333333,0.0,0.0,,,1.0,0.0,3.19140625,1122.0,1.5917148109243697,13.3796235,17.858049699999995,512.0,0,0.0,0.0,0.0,43.0,0.0,0.5505134788189987,0.5505134788189987,0.4309339382269421,0.5272318823666705,0.44663977710351266
embedding_topk_source_order,True,instruction,multiple,512,10,1.0,0,0.8,0.1728678721500103,0.0,0.0,0.0,0.6333333333333333,0.6333333333333333,0.0,0.6333333333333333,0.0,0.0,0.7735119047619048,0.6333333333333333,0.0,0.0,0.6333333333333333,0.0,0.0,,,1.0,0.0,3.1923828125,1122.5,1.5631279266843723,12.113127500000001,18.799958849999996,512.0,0,0.0,0.0,0.0,41.0,0.0,0.5566618528027386,0.5566618528027386,0.4510096958026997,0.5333802563504104,0.46320481775391914
bm25_128_32_source_order,True,instruction,multiple,512,10,1.0,0,0.7238095238095238,0.15434558782309793,0.0,0.0,0.0,0.6666666666666666,0.5333333333333333,0.0,0.5333333333333333,0.0,0.0,0.7746031746031746,0.6666666666666666,0.0,0.0,0.6666666666666666,0.0,0.0,,,1.0,0.0,3.203921568627451,1124.0,1.4181615262345935,1.7365595,3.1020947499999996,510.0,0,0.0,0.0,0.0,34.0,0.0,0.6642045454545454,0.6642045454545454,0.5451015287664839,0.6642045454545454,0.5795473995409811
trimwise_lexical,True,instruction,multiple,512,10,1.0,0,0.7142857142857143,0.14195703071202312,0.0,0.0,0.0,0.6666666666666666,0.6666666666666666,0.0,0.6666666666666666,0.0,0.0,0.7857142857142857,0.6666666666666666,0.0,0.0,0.6666666666666666,0.0,0.0,,,1.0,0.0,3.1923828125,1122.0,1.3961845503333072,11.3496035,13.379230749999996,512.0,0,0.0,0.0,0.0,,0.0,0.6091186252771619,0.6091186252771619,0.6050535846267554,0.6091186252771619,0.6091186252771619
recomp_extractive,True,instruction,multiple,512,10,1.0,0,0.6261904761904762,0.1289069329832844,0.0,0.0,0.0,0.5666666666666667,0.5666666666666667,0.0,0.5666666666666667,0.0,0.0,0.6409722222222223,0.5666666666666667,0.0,0.0,0.5666666666666667,0.0,0.0,,,0.0,0.0,3.1986301369863015,1123.5,1.2252680395788453,124.7327085,127.3487095,511.0,0,448.02490234375,496.0,0.0,,0.0,0.41024153602780045,0.41024153602780045,0.34113584497088995,0.35739600757251594,0.3533309669221094
llmlingua,True,instruction,multiple,512,10,1.0,0,0.4119047619047619,0.09754588319405502,0.0,0.0,0.0,0.0,0.0,0.0,0.0,0.0,0.0,0.32728174603174603,0.0,0.0,0.0,0.0,0.0,0.0,,,0.0,0.0,3.6885063796828503,1195.5,0.9349651390263871,169.413234,170.37565995,443.0,0,1193.2021484375,1334.0,0.0,,0.0,0.015151515151515152,0.015151515151515152,0.0,0.0,0.0
longllmlingua,True,instruction,multiple,512,10,1.0,0,0.43809523809523804,0.09461935854643268,0.0,0.0,0.0,0.0,0.0,0.0,0.0,0.0,0.0,0.2685515873015873,0.0,0.0,0.0,0.0,0.0,0.0,,,0.0,0.8,3.0820329922999523,1113.0,0.8341433236087449,346.7708355,359.06094889999997,532.0,0,1193.2060546875,1334.0,0.0,,0.0,0.030303030303030304,0.030303030303030304,0.015151515151515152,0.007575757575757576,0.007575757575757576
trimwise_hybrid,True,instruction,multiple,1024,10,1.0,0,0.7142857142857143,0.2731008717310087,0.0,0.0,0.0,0.6666666666666666,0.6666666666666666,0.0,0.6666666666666666,0.0,0.0,0.7857142857142857,0.6666666666666666,0.0,0.0,0.6666666666666666,0.0,0.0,,,1.0,0.0,6.458498023715415,1381.0,2.8180338532348754,42.778447,44.80279779999999,253.0,0,686.13623046875,790.0,0.0,47.0,0.0,0.6481060606060606,0.6481060606060606,0.6481060606060606,0.6481060606060606,0.6481060606060606
llmlingua,True,instruction,multiple,1024,10,1.0,0,0.7666666666666667,0.12930168760552876,0.0,0.0,0.0,0.5333333333333333,0.3333333333333333,0.0,0.3333333333333333,0.0,0.0,0.7409722222222224,0.3333333333333333,0.0,0.0,0.3333333333333333,0.0,0.0,,,0.0,0.0,2.413589364844904,957.0,1.1287268099943435,188.549374,191.80386670000001,680.0,0,1870.71337890625,2042.0,0.0,66.0,0.0,0.29327615046485395,0.29327615046485395,0.09580561714708057,0.14696021511650523,0.09580561714708057
trimwise_lexical,True,instruction,multiple,1024,10,1.0,0,0.7142857142857143,0.1173163418830027,0.0,0.0,0.0,0.6666666666666666,0.6666666666666666,0.0,0.6666666666666666,0.0,0.0,0.7857142857142857,0.6666666666666666,0.0,0.0,0.6666666666666666,0.0,0.0,,,1.0,0.0,2.481050113176613,977.0,1.0759563125522569,14.2916525,15.693644699999998,659.0,0,686.13623046875,790.0,0.0,44.0,0.0,0.6329545454545454,0.6329545454545454,0.6329545454545454,0.6329545454545454,0.6329545454545454
embedding_topk_source_order,True,instruction,multiple,1024,10,1.0,0,0.8714285714285713,0.09837680944727471,0.3,0.0,0.0,0.7333333333333333,0.7333333333333333,0.3,0.7333333333333333,0.3,0.0,0.8398809523809524,0.7333333333333333,0.3,0.0,0.7333333333333333,0.3,0.0,,,1.0,0.0,1.5966796875,611.0,0.851174929740958,12.2061545,19.9732324,1024.0,0,0.0,0.0,0.0,41.0,0.0,0.5472560975609756,0.5472560975609756,0.43450470688917414,0.5431910569105691,0.4689505776636714
embedding_mmr_source_order,True,instruction,multiple,1024,10,1.0,0,0.8357142857142857,0.09438344229580278,0.1,0.0,0.0,0.6666666666666666,0.6666666666666666,0.1,0.6666666666666666,0.1,0.0,0.7970238095238095,0.6666666666666666,0.1,0.0,0.6666666666666666,0.1,0.0,,,1.0,0.0,1.5959942799975562,610.0,0.8162681502525253,16.697493,20.812903,1024.0,0,0.0,0.0,0.0,43.0,0.0,0.5929878048780488,0.5929878048780488,0.4761713735558408,0.5848577235772358,0.5106172443303381
recomp_extractive,True,instruction,multiple,1024,10,1.0,0,0.8571428571428571,0.09344185951235952,0.5,0.0,0.0,0.8333333333333333,0.8333333333333333,0.5,0.8333333333333333,0.5,0.0,0.861111111111111,0.8333333333333333,0.5,0.0,0.8333333333333333,0.5,0.0,,,0.5,0.0,1.5974596010508308,611.5,0.8385465160813033,132.7661075,136.8447981,1023.5,0,448.02490234375,496.0,0.0,65.0,0.0,0.4618136597035827,0.4618136597035827,0.34448180456684946,0.3607419671684755,0.356676926518069
bm25_128_32_source_order,True,instruction,multiple,1024,10,1.0,0,0.8119047619047619,0.09060033621762245,0.2,0.0,0.0,0.7333333333333333,0.6,0.2,0.6,0.2,0.0,0.8174603174603174,0.7333333333333333,0.2,0.0,0.7333333333333333,0.2,0.0,,,1.0,0.0,1.6003917727717925,613.0,0.794872888185935,1.9563160000000002,2.3483199,1021.0,0,0.0,0.0,0.0,34.0,0.0,0.6079545454545454,0.6079545454545454,0.49926819543315054,0.6079545454545454,0.5337140662076477
longllmlingua,True,instruction,multiple,1024,10,1.0,0,0.5523809523809524,0.06775133966506583,0.0,0.0,0.0,0.06666666666666667,0.0,0.0,0.0,0.0,0.0,0.41676587301587303,0.0,0.0,0.0,0.0,0.0,0.0,,,0.0,0.0,1.7173269032796807,689.0,0.5823837002584215,399.4724545,428.77865855,951.5,0,1193.2060546875,1334.0,8230.995983001776,70.0,0.0,0.10446570972886764,0.10446570972886764,0.015151515151515152,0.05143540669856459,0.007575757575757576
naive_first_n,False,instruction,multiple,128,10,1.0,0,0.3904761904761905,0.25650097512408443,0.0,0.0,0.0,0.3333333333333333,0.3333333333333333,0.0,0.3333333333333333,0.0,0.0,0.45972222222222225,0.3333333333333333,0.0,0.0,0.3333333333333333,0.0,0.0,,,0.0,0.0,12.765625,1506.0,3.050595238095238,0.433396,0.4787494,128.0,0,0.0,0.0,0.0,,0.0,0.2357577702571284,0.2357577702571284,0.20944198078344423,0.2357577702571284,0.2357577702571284
llmlingua_queryless,False,instruction,multiple,128,10,1.0,0,0.15,0.09543199377546188,0.0,0.0,0.0,0.0,0.0,0.0,0.0,0.0,0.0,0.14454365079365078,0.0,0.0,0.0,0.0,0.0,0.0,,,0.0,0.2,13.509221311475411,1515.0,1.1986183041552487,152.465394,154.29004675,121.0,0,1193.2021484375,1379.0,0.0,66.0,0.0,0.0,0.0,0.0,0.0,0.0
head_tail,False,instruction,multiple,128,10,1.0,0,0.10476190476190475,0.0680823569253741,0.0,0.0,0.0,0.0,0.0,0.0,0.0,0.0,0.0,0.08055555555555556,0.0,0.0,0.0,0.0,0.0,0.0,,,0.0,0.0,12.765625,1506.0,0.8184523809523808,0.6877155,0.7164144499999999,128.0,0,0.0,0.0,0.0,,0.0,0.11363636363636363,0.11363636363636363,0.10606060606060606,0.10606060606060606,0.10606060606060606
trimwise_structural,False,instruction,multiple,128,10,1.0,0,0.04523809523809523,0.030914243399956364,0.0,0.0,0.0,0.0,0.0,0.0,0.0,0.0,0.0,0.06329365079365079,0.0,0.0,0.0,0.0,0.0,0.0,,,0.0,0.0,12.76953125,1506.0,0.35445485608941735,12.9579625,13.0619818,128.0,0,0.0,0.0,0.0,,0.0,0.015151515151515152,0.015151515151515152,0.015151515151515152,0.015151515151515152,0.015151515151515152
llmlingua2,False,instruction,multiple,128,10,1.0,0,0.0,0.0,0.0,0.0,0.0,0.0,0.0,0.0,0.0,0.0,0.0,0.0,0.0,0.0,0.0,0.0,0.0,0.0,,,0.0,1.0,7.855769230769231,1426.0,0.0,84.9667595,85.77506665,208.5,0,774.033203125,850.0,0.0,59.0,0.0,0.0,0.0,0.0,0.0,0.0
head_tail,False,instruction,multiple,256,10,1.0,0,1.0,0.3974083518244632,1.0,0.0,0.0,1.0,1.0,1.0,1.0,1.0,0.0,1.0,1.0,1.0,0.0,1.0,1.0,0.0,,,1.0,0.0,6.3828125,1378.0,3.9108455882352944,0.8892610000000001,0.9936086,256.0,0,0.0,0.0,0.0,,0.0,0.27553049752985564,0.27553049752985564,0.24921470805617144,0.27553049752985564,0.24921470805617144
naive_first_n,False,instruction,multiple,256,10,1.0,0,0.4166666666666667,0.15865024513865597,0.0,0.0,0.0,0.3333333333333333,0.3333333333333333,0.0,0.3333333333333333,0.0,0.0,0.45972222222222225,0.3333333333333333,0.0,0.0,0.3333333333333333,0.0,0.0,,,0.0,0.0,6.3828125,1378.0,1.6276041666666667,0.5888180000000001,0.6945539999999999,256.0,0,0.0,0.0,0.0,,0.0,0.2741908818609717,0.2741908818609717,0.2701258412105652,0.2701258412105652,0.2701258412105652
llmlingua_queryless,False,instruction,multiple,256,10,1.0,0,0.20238095238095238,0.0853388976304253,0.0,0.0,0.0,0.0,0.0,0.0,0.0,0.0,0.0,0.14732142857142858,0.0,0.0,0.0,0.0,0.0,0.0,,,0.0,0.0,7.368493150684932,1418.0,0.8971033408127476,156.1879155,158.58280635,222.0,0,1193.2021484375,1380.0,0.0,66.0,0.0,0.0,0.0,0.0,0.0,0.0
trimwise_structural,False,instruction,multiple,256,10,1.0,0,0.04285714285714286,0.017842535990546173,0.0,0.0,0.0,0.0,0.0,0.0,0.0,0.0,0.0,0.06329365079365079,0.0,0.0,0.0,0.0,0.0,0.0,,,0.0,0.0,6.407843137254902,1379.0,0.16795809531161543,28.881509,29.301499749999998,255.0,0,0.0,0.0,0.0,,0.0,0.03436807095343681,0.03436807095343681,0.03436807095343681,0.03436807095343681,0.03436807095343681
llmlingua2,False,instruction,multiple,256,10,1.0,0,0.0,0.0,0.0,0.0,0.0,0.0,0.0,0.0,0.0,0.0,0.0,0.0,0.0,0.0,0.0,0.0,0.0,0.0,,,0.0,0.1,6.487237237237237,1382.5,0.0,84.19262,84.97076555,252.5,0,774.033203125,850.0,0.0,59.0,0.0,0.0,0.0,0.0,0.0,0.0
head_tail,False,instruction,multiple,512,10,1.0,0,1.0,0.21203853413795487,1.0,0.0,0.0,1.0,1.0,1.0,1.0,1.0,0.0,1.0,1.0,1.0,0.0,1.0,1.0,0.0,,,1.0,0.0,3.19140625,1122.0,1.9538894324853229,1.152199,1.30115425,512.0,0,0.0,0.0,0.0,,0.0,0.39688849340646515,0.39688849340646515,0.3846933714552456,0.38875841210565215,0.3846933714552456
naive_first_n,False,instruction,multiple,512,10,1.0,0,0.4714285714285714,0.09755511168669326,0.0,0.0,0.0,0.3333333333333333,0.3333333333333333,0.0,0.3333333333333333,0.0,0.0,0.45972222222222225,0.3333333333333333,0.0,0.0,0.3333333333333333,0.0,0.0,,,0.0,0.0,3.19140625,1122.0,0.9207589285714285,0.8847235,0.90414805,512.0,0,0.0,0.0,0.0,,0.0,0.2898967207375423,0.2898967207375423,0.2898967207375423,0.2898967207375423,0.2898967207375423
llmlingua_queryless,False,instruction,multiple,512,10,1.0,0,0.4119047619047619,0.09754588319405502,0.0,0.0,0.0,0.0,0.0,0.0,0.0,0.0,0.0,0.32728174603174603,0.0,0.0,0.0,0.0,0.0,0.0,,,0.0,0.0,3.6885063796828503,1195.5,0.9349651390263871,171.7622785,172.55732020000002,443.0,0,1193.2021484375,1334.0,0.0,66.0,0.0,0.015151515151515152,0.015151515151515152,0.0,0.0,0.0
trimwise_structural,False,instruction,multiple,512,10,1.0,0,0.13095238095238096,0.03002278841561772,0.0,0.0,0.0,0.0,0.0,0.0,0.0,0.0,0.0,0.08472222222222223,0.0,0.0,0.0,0.0,0.0,0.0,,,0.0,0.0,3.197651663405088,1123.0,0.25621318124387127,88.740466,93.98359239999999,511.0,0,0.0,0.0,0.0,,0.0,0.06929046563192905,0.06929046563192905,0.04249815225424982,0.04249815225424982,0.04249815225424982
llmlingua2,False,instruction,multiple,512,10,1.0,0,0.030952380952380953,0.007095544019143689,0.0,0.0,0.0,0.0,0.0,0.0,0.0,0.0,0.0,0.034027777777777775,0.0,0.0,0.0,0.0,0.0,0.0,,,0.0,0.1,3.2356943153701065,1129.0,0.06126173355153134,84.899231,85.6330066,505.5,0,774.033203125,850.0,0.0,59.0,0.0,0.0,0.0,0.0,0.0,0.0
llmlingua_queryless,False,instruction,multiple,1024,10,1.0,0,0.7666666666666667,0.12930168760552876,0.0,0.0,0.0,0.5333333333333333,0.3333333333333333,0.0,0.3333333333333333,0.0,0.0,0.7409722222222224,0.3333333333333333,0.0,0.0,0.3333333333333333,0.0,0.0,,,0.0,0.0,2.413589364844904,957.0,1.1287268099943435,186.587508,188.13949474999998,680.0,0,1193.2021484375,1334.0,0.0,66.0,0.0,0.29327615046485395,0.29327615046485395,0.09580561714708057,0.14696021511650523,0.09580561714708057
head_tail,False,instruction,multiple,1024,10,1.0,0,1.0,0.10953812374141576,1.0,0.0,0.0,1.0,1.0,1.0,1.0,1.0,0.0,1.0,1.0,1.0,0.0,1.0,1.0,0.0,,,1.0,0.0,1.5969713198008308,611.0,0.9769443426197458,1.8108905000000002,1.8855296,1024.0,0,0.0,0.0,0.0,,0.0,0.42072441358384877,0.42072441358384877,0.4166593729334423,0.4166593729334423,0.4166593729334423
naive_first_n,False,instruction,multiple,1024,10,1.0,0,0.47619047619047616,0.05191212900873281,0.0,0.0,0.0,0.3333333333333333,0.3333333333333333,0.0,0.3333333333333333,0.0,0.0,0.45972222222222225,0.3333333333333333,0.0,0.0,0.3333333333333333,0.0,0.0,,,0.0,0.0,1.595703125,610.0,0.46502976190476186,1.4491455,1.5050253,1024.0,0,0.0,0.0,0.0,,0.0,0.5197635857937527,0.5197635857937527,0.5197635857937527,0.5197635857937527,0.5197635857937527
llmlingua2,False,instruction,multiple,1024,10,1.0,0,0.4309523809523809,0.04380453050219066,0.0,0.0,0.0,0.0,0.0,0.0,0.0,0.0,0.0,0.31666666666666665,0.0,0.0,0.0,0.0,0.0,0.0,,,0.0,0.0,1.6251782962299126,628.5,0.4274313167383393,84.99269050000001,87.612693,1011.0,0,774.033203125,850.0,0.0,59.0,0.0,0.02032520325203252,0.02032520325203252,0.0,0.012195121951219511,0.0
trimwise_structural,False,instruction,multiple,1024,10,1.0,0,0.20476190476190476,0.02300689758118979,0.0,0.0,0.0,0.0,0.0,0.0,0.0,0.0,0.0,0.13234126984126982,0.0,0.0,0.0,0.0,0.0,0.0,,,0.0,0.0,1.6003917727717925,613.0,0.20043869172230444,163.88682599999999,175.80083605,1021.0,0,0.0,0.0,0.0,,0.0,0.15467941611234293,0.15467941611234293,0.10460550628233556,0.10867054693274204,0.10867054693274204
trimwise_hybrid,True,procedure,beginning,128,4,1.0,0,1.0,0.22499999999999998,1.0,1.0,1.0,1.0,1.0,1.0,1.0,1.0,1.0,1.0,1.0,1.0,1.0,1.0,1.0,1.0,,,0.0,0.0,12.883064516129032,1473.5,8.032514080901178,40.689542,41.2614942,124.0,0,0.0,0.0,0.0,,0.0,0.5121581670362159,0.5121581670362159,0.5040280857354028,0.5121581670362159,0.5121581670362159
trimwise_lexical,True,procedure,beginning,128,4,1.0,0,1.0,0.20679320679320679,1.0,1.0,1.0,1.0,1.0,1.0,1.0,1.0,1.0,1.0,1.0,1.0,1.0,1.0,1.0,1.0,,,0.0,0.0,12.578740157480315,1470.5,7.954692138892474,5.443020499999999,5.4856266,127.0,0,0.0,0.0,0.0,,0.0,0.5000554323725056,0.5000554323725056,0.49192535107169255,0.5000554323725056,0.5000554323725056
bm25_128_32_source_order,True,procedure,beginning,128,4,1.0,0,1.0,0.20247064909360804,1.0,1.0,1.0,1.0,1.0,1.0,1.0,1.0,1.0,1.0,1.0,1.0,1.0,1.0,1.0,1.0,,,0.0,0.0,12.48046875,1469.5,7.8125,1.39254,1.7199686,128.0,0,0.0,0.0,0.0,37.0,0.0,0.5392276422764227,0.5392276422764227,0.42703057532967675,0.5275868440502587,0.45741140545376746
recomp_extractive,True,procedure,beginning,128,4,1.0,0,0.8611111111111112,0.1731443843512809,0.75,0.75,0.75,0.75,0.75,0.75,0.75,0.75,0.75,0.8611111111111112,0.75,0.75,0.75,0.75,0.75,0.75,,,0.0,0.0,12.517778051181104,1469.5,6.742809492563429,118.02211750000001,123.5576038,128.0,0,936.10986328125,1016.0,0.0,,0.0,0.319176926518069,0.319176926518069,0.29478668261563,0.29885172326603654,0.29885172326603654
longllmlingua,True,procedure,beginning,128,4,1.0,0,0.5555555555555556,0.0525195862148388,0.0,0.0,0.0,0.0,0.0,0.0,0.0,0.0,0.0,0.5,0.0,0.0,0.0,0.0,0.0,0.0,,,0.0,1.0,5.818382845943576,1323.5,2.0165431828926605,278.27611449999995,280.60688220000003,277.5,0,1681.2998046875,1936.0,0.0,,0.0,0.0,0.0,0.0,0.0,0.0
embedding_mmr_source_order,True,procedure,beginning,128,4,1.0,0,0.1388888888888889,0.02515761006058156,0.0,0.0,0.0,0.0,0.0,0.0,0.0,0.0,0.0,0.1111111111111111,0.0,0.0,0.0,0.0,0.0,0.0,,,0.0,0.0,12.48046875,1469.5,1.0850694444444444,10.966772500000001,11.2317992,128.0,0,0.0,0.0,0.0,42.0,0.0,0.41471389115805035,0.41471389115805035,0.3195841599564321,0.40307309293188626,0.35044151398451784
embedding_topk_source_order,True,procedure,beginning,128,4,1.0,0,0.1388888888888889,0.02515761006058156,0.0,0.0,0.0,0.0,0.0,0.0,0.0,0.0,0.0,0.1111111111111111,0.0,0.0,0.0,0.0,0.0,0.0,,,0.0,0.0,12.48046875,1469.5,1.0850694444444444,10.8627435,15.096596999999997,128.0,0,0.0,0.0,0.0,36.0,0.0,0.41471389115805035,0.41471389115805035,0.3195841599564321,0.40307309293188626,0.35044151398451784
llmlingua,True,procedure,beginning,128,4,1.0,0,0.25,0.0242676207400754,0.0,0.0,0.0,0.0,0.0,0.0,0.0,0.0,0.0,0.1111111111111111,0.0,0.0,0.0,0.0,0.0,0.0,,,0.0,1.0,6.250965481249533,1343.5,0.9755076821250961,137.53365,139.0224772,255.5,0,1193.201171875,1380.0,0.0,,0.0,0.0,0.0,0.0,0.0,0.0
trimwise_lexical,True,procedure,beginning,256,4,1.0,0,1.0,0.12371280113367975,1.0,1.0,1.0,1.0,1.0,1.0,1.0,1.0,1.0,1.0,1.0,1.0,1.0,1.0,1.0,1.0,,,0.0,0.0,7.485966447536924,1385.5,4.647119692902157,5.9772585,6.0733343,214.0,0,686.13623046875,790.0,0.0,54.0,0.0,0.6009885439763488,0.6009885439763488,0.5928584626755359,0.6009885439763488,0.6009885439763488
trimwise_hybrid,True,procedure,beginning,256,4,1.0,0,1.0,0.11707410236822002,1.0,1.0,1.0,1.0,1.0,1.0,1.0,1.0,1.0,1.0,1.0,1.0,1.0,1.0,1.0,1.0,,,0.0,0.0,6.882966061961265,1365.5,4.278593997099425,42.3939965,44.60027695,233.0,0,686.13623046875,790.0,0.0,44.0,0.0,0.6120750184774575,0.6120750184774575,0.6039449371766445,0.6120750184774575,0.6120750184774575
bm25_128_32_source_order,True,procedure,beginning,256,4,1.0,0,1.0,0.10305831309626012,1.0,1.0,1.0,1.0,1.0,1.0,1.0,1.0,1.0,1.0,1.0,1.0,1.0,1.0,1.0,1.0,,,0.0,0.0,6.252466299019607,1342.0,3.910079656862745,1.876077,2.49149115,256.0,0,0.0,0.0,0.0,37.0,0.0,0.6116361788617887,0.6116361788617887,0.4953740712646361,0.595930339985218,0.5257549013887268
recomp_extractive,True,procedure,beginning,256,4,1.0,0,1.0,0.10148630261752434,1.0,1.0,1.0,1.0,1.0,1.0,1.0,1.0,1.0,1.0,1.0,1.0,1.0,1.0,1.0,1.0,,,0.0,0.0,6.252466299019607,1342.0,3.9139093137254903,116.907422,119.6860799,255.5,0,936.10986328125,1016.0,0.0,68.0,0.0,0.3650703115882834,0.3650703115882834,0.32848494573462483,0.34068006768584436,0.33661502703543783
longllmlingua,True,procedure,beginning,256,4,1.0,0,0.5833333333333334,0.03969655692258457,0.0,0.0,0.0,0.0,0.0,0.0,0.0,0.0,0.0,0.5277777777777778,0.0,0.0,0.0,0.0,0.0,0.0,,,0.0,1.0,4.197966936712598,1215.5,1.5089838913227633,296.71630949999997,297.1431445,386.0,0,1870.71728515625,2088.0,0.0,68.0,0.0,0.0,0.0,0.0,0.0,0.0
embedding_topk_source_order,True,procedure,beginning,256,4,1.0,0,0.3888888888888889,0.039405752036683436,0.25,0.25,0.25,0.25,0.25,0.25,0.25,0.25,0.25,0.3333333333333333,0.25,0.25,0.25,0.25,0.25,0.25,,,0.0,0.0,6.240234375,1341.5,1.519097222222222,11.160597,13.134745549999998,256.0,0,0.0,0.0,0.0,36.0,0.0,0.5088468121523321,0.5088468121523321,0.3921081806511845,0.49314097327576145,0.4229655346792702
llmlingua,True,procedure,beginning,256,4,1.0,0,0.25,0.017789664940135997,0.0,0.0,0.0,0.0,0.0,0.0,0.0,0.0,0.0,0.1111111111111111,0.0,0.0,0.0,0.0,0.0,0.0,,,0.0,1.0,4.5840550015207056,1250.5,0.7139304817298373,142.616111,143.1155379,353.5,0,1870.71240234375,2088.0,0.0,53.0,0.0,0.0,0.0,0.0,0.0,0.0
embedding_mmr_source_order,True,procedure,beginning,256,4,1.0,0,0.16666666666666666,0.016510723807357748,0.0,0.0,0.0,0.0,0.0,0.0,0.0,0.0,0.0,0.1111111111111111,0.0,0.0,0.0,0.0,0.0,0.0,,,0.0,0.0,6.240234375,1341.5,0.6510416666666666,11.74632,13.5930373,256.0,0,0.0,0.0,0.0,42.0,0.0,0.521346812152332,0.521346812152332,0.4046081806511845,0.5056409732757614,0.43546553467927024
trimwise_lexical,True,procedure,beginning,512,4,1.0,0,1.0,0.12371280113367975,1.0,1.0,1.0,1.0,1.0,1.0,1.0,1.0,1.0,1.0,1.0,1.0,1.0,1.0,1.0,1.0,,,0.0,0.0,7.485966447536924,1385.5,4.647119692902157,5.6331655000000005,5.7566979,214.0,0,0.0,0.0,0.0,,0.0,0.6091186252771619,0.6091186252771619,0.6050535846267554,0.6091186252771619,0.6091186252771619
trimwise_hybrid,True,procedure,beginning,512,4,1.0,0,1.0,0.11707410236822002,1.0,1.0,1.0,1.0,1.0,1.0,1.0,1.0,1.0,1.0,1.0,1.0,1.0,1.0,1.0,1.0,,,0.0,0.0,6.882966061961265,1365.5,4.278593997099425,41.6648285,42.07583085,233.0,0,0.0,0.0,0.0,,0.0,0.6318458980044346,0.6318458980044346,0.6318458980044346,0.6318458980044346,0.6318458980044346
embedding_mmr_source_order,True,procedure,beginning,512,4,1.0,0,1.0,0.052186629596147255,1.0,1.0,1.0,1.0,1.0,1.0,1.0,1.0,1.0,1.0,1.0,1.0,1.0,1.0,1.0,1.0,,,0.0,0.0,3.1262230919765166,1086.5,1.9569509096446798,11.6630955,12.13191855,511.0,0,0.0,0.0,0.0,42.0,0.0,0.5505134788189987,0.5505134788189987,0.4309339382269421,0.5272318823666705,0.44663977710351266
bm25_128_32_source_order,True,procedure,beginning,512,4,1.0,0,1.0,0.05204599098332205,1.0,1.0,1.0,1.0,1.0,1.0,1.0,1.0,1.0,1.0,1.0,1.0,1.0,1.0,1.0,1.0,,,0.0,0.0,3.1231691841976517,1086.0,1.9540805406066535,2.5054914999999998,3.7726667,512.0,0,0.0,0.0,0.0,37.0,0.0,0.6642045454545454,0.6642045454545454,0.5451015287664839,0.6642045454545454,0.5795473995409811
recomp_extractive,True,procedure,beginning,512,4,1.0,0,1.0,0.05039654105167829,1.0,1.0,1.0,1.0,1.0,1.0,1.0,1.0,1.0,1.0,1.0,1.0,1.0,1.0,1.0,1.0,,,0.0,0.0,3.1232919730392155,1085.5,1.9550398284313726,122.02611300000001,122.88736645,512.0,0,936.10986328125,1016.0,0.0,,0.0,0.41024153602780045,0.41024153602780045,0.34113584497088995,0.35739600757251594,0.3533309669221094
longllmlingua,True,procedure,beginning,512,4,1.0,0,0.6666666666666666,0.028861073651185155,0.0,0.0,0.0,0.0,0.0,0.0,0.0,0.0,0.0,0.5277777777777778,0.0,0.0,0.0,0.0,0.0,0.0,,,0.0,1.0,2.576990738868443,992.0,1.0796966720974623,314.65154,316.11573105,629.0,0,1681.2998046875,1866.0,0.0,,0.0,0.030303030303030304,0.030303030303030304,0.015151515151515152,0.007575757575757576,0.007575757575757576
embedding_topk_source_order,True,procedure,beginning,512,4,1.0,0,0.4722222222222222,0.024684045574474584,0.25,0.25,0.25,0.25,0.25,0.25,0.25,0.25,0.25,0.41666666666666663,0.25,0.25,0.25,0.25,0.25,0.25,,,0.0,0.0,3.1232876712328768,1086.0,0.9248608832802527,12.768321499999999,21.525219499999995,511.0,0,0.0,0.0,0.0,36.0,0.0,0.5566618528027386,0.5566618528027386,0.4510096958026997,0.5333802563504104,0.46320481775391914
llmlingua,True,procedure,beginning,512,4,1.0,0,0.4444444444444444,0.020770086386333025,0.0,0.0,0.0,0.0,0.0,0.0,0.0,0.0,0.0,0.4444444444444444,0.0,0.0,0.0,0.0,0.0,0.0,,,0.0,1.0,2.9913016824467,1069.0,0.8276302651677173,154.9921625,157.94362755,535.5,0,1193.201171875,1334.0,0.0,,0.0,0.015151515151515152,0.015151515151515152,0.0,0.0,0.0
trimwise_lexical,True,procedure,beginning,1024,4,1.0,0,1.0,0.12371280113367975,1.0,1.0,1.0,1.0,1.0,1.0,1.0,1.0,1.0,1.0,1.0,1.0,1.0,1.0,1.0,1.0,,,0.0,0.0,7.485966447536924,1385.5,4.647119692902157,5.9757035,6.18152515,214.0,0,686.13623046875,790.0,0.0,54.0,0.0,0.6329545454545454,0.6329545454545454,0.6329545454545454,0.6329545454545454,0.6329545454545454
trimwise_hybrid,True,procedure,beginning,1024,4,1.0,0,1.0,0.11707410236822002,1.0,1.0,1.0,1.0,1.0,1.0,1.0,1.0,1.0,1.0,1.0,1.0,1.0,1.0,1.0,1.0,,,0.0,0.0,6.882966061961265,1365.5,4.278593997099425,41.779015,43.13233165,233.0,0,686.13623046875,790.0,0.0,44.0,0.0,0.6481060606060606,0.6481060606060606,0.6481060606060606,0.6481060606060606,0.6481060606060606
llmlingua,True,procedure,beginning,1024,4,1.0,0,1.0,0.03391094811980693,1.0,1.0,1.0,1.0,1.0,1.0,1.0,1.0,1.0,1.0,1.0,1.0,1.0,1.0,1.0,1.0,,,0.0,0.0,2.0475501571783603,826.5,1.284850802703935,173.6112095,175.4531636,779.5,0,1870.71240234375,2042.0,0.0,53.0,0.0,0.29327615046485395,0.29327615046485395,0.09580561714708057,0.14696021511650523,0.09580561714708057
bm25_128_32_source_order,True,procedure,beginning,1024,4,1.0,0,1.0,0.02596458727454336,1.0,1.0,1.0,1.0,1.0,1.0,1.0,1.0,1.0,1.0,1.0,1.0,1.0,1.0,1.0,1.0,,,0.0,0.0,1.5623473227317681,575.0,0.9782344625473216,1.757835,6.697806999999997,1022.0,0,0.0,0.0,0.0,37.0,0.0,0.6079545454545454,0.6079545454545454,0.49926819543315054,0.6079545454545454,0.5337140662076477
embedding_mmr_source_order,True,procedure,beginning,1024,4,1.0,0,1.0,0.025691637155634193,1.0,1.0,1.0,1.0,1.0,1.0,1.0,1.0,1.0,1.0,1.0,1.0,1.0,1.0,1.0,1.0,,,0.0,0.0,1.56005859375,573.5,0.9765625,14.0594195,14.532734399999999,1024.0,0,0.0,0.0,0.0,41.0,0.0,0.5929878048780488,0.5929878048780488,0.4761713735558408,0.5848577235772358,0.5106172443303381
recomp_extractive,True,procedure,beginning,1024,4,1.0,0,1.0,0.02444592378714773,1.0,1.0,1.0,1.0,1.0,1.0,1.0,1.0,1.0,1.0,1.0,1.0,1.0,1.0,1.0,1.0,,,0.0,0.0,1.5631184895833332,575.5,0.9787159800687137,123.3147285,129.30093925,1021.5,0,936.10986328125,1016.0,0.0,68.0,0.0,0.4618136597035827,0.4618136597035827,0.34448180456684946,0.3607419671684755,0.356676926518069
embedding_topk_source_order,True,procedure,beginning,1024,4,1.0,0,0.8611111111111112,0.022076169405983732,0.75,0.75,0.75,0.75,0.75,0.75,0.75,0.75,0.75,0.8611111111111112,0.75,0.75,0.75,0.75,0.75,0.75,,,0.0,0.0,1.56005859375,573.5,0.8409288194444444,15.262768999999999,17.67424935,1024.0,0,0.0,0.0,0.0,36.0,0.0,0.5472560975609756,0.5472560975609756,0.43450470688917414,0.5431910569105691,0.4689505776636714
longllmlingua,True,procedure,beginning,1024,4,1.0,0,0.6666666666666666,0.018011530767257172,0.0,0.0,0.0,0.0,0.0,0.0,0.0,0.0,0.0,0.5555555555555556,0.0,0.0,0.0,0.0,0.0,0.0,,,0.0,0.25,1.6049806027870626,609.5,0.6687604363723386,358.7968775,360.83130925,995.5,0,1870.71728515625,2042.0,0.0,68.0,0.0,0.10446570972886764,0.10446570972886764,0.015151515151515152,0.05143540669856459,0.007575757575757576
naive_first_n,False,procedure,beginning,128,4,1.0,0,1.0,0.20247064909360804,1.0,1.0,1.0,1.0,1.0,1.0,1.0,1.0,1.0,1.0,1.0,1.0,1.0,1.0,1.0,1.0,,,0.0,0.0,12.48046875,1469.5,7.8125,1.0914125000000001,1.2103836499999998,128.0,0,0.0,0.0,0.0,48.0,0.0,0.2357577702571284,0.2357577702571284,0.20944198078344423,0.2357577702571284,0.2357577702571284
llmlingua_queryless,False,procedure,beginning,128,4,1.0,0,0.25,0.0242676207400754,0.0,0.0,0.0,0.0,0.0,0.0,0.0,0.0,0.0,0.1111111111111111,0.0,0.0,0.0,0.0,0.0,0.0,,,0.0,1.0,6.250965481249533,1343.5,0.9755076821250961,138.09186449999999,138.38629525,255.5,0,1193.201171875,1380.0,0.0,,0.0,0.0,0.0,0.0,0.0,0.0
head_tail,False,procedure,beginning,128,4,1.0,0,0.05555555555555555,0.010874704491725768,0.0,0.0,0.0,0.0,0.0,0.0,0.0,0.0,0.0,0.05555555555555555,0.0,0.0,0.0,0.0,0.0,0.0,,,0.0,0.0,12.562992125984252,1470.0,0.43402777777777773,0.6825585000000001,0.69746,127.5,0,0.0,0.0,0.0,,0.0,0.11363636363636363,0.11363636363636363,0.10606060606060606,0.10606060606060606,0.10606060606060606
llmlingua2,False,procedure,beginning,128,4,1.0,0,0.0,0.0,0.0,0.0,0.0,0.0,0.0,0.0,0.0,0.0,0.0,0.0,0.0,0.0,0.0,0.0,0.0,0.0,,,0.0,1.0,7.500154293775348,1384.5,0.0,83.7788585,84.75466019999999,214.0,0,1261.751953125,1386.0,0.0,64.0,0.0,0.0,0.0,0.0,0.0,0.0
trimwise_structural,False,procedure,beginning,128,4,1.0,0,0.0,0.0,0.0,0.0,0.0,0.0,0.0,0.0,0.0,0.0,0.0,0.0,0.0,0.0,0.0,0.0,0.0,0.0,,,0.0,0.0,12.48046875,1469.5,0.0,13.5236145,13.8234075,128.0,0,0.0,0.0,0.0,,0.0,0.015151515151515152,0.015151515151515152,0.015151515151515152,0.015151515151515152,0.015151515151515152
head_tail,False,procedure,beginning,256,4,1.0,0,1.0,0.10533523571483946,1.0,1.0,1.0,1.0,1.0,1.0,1.0,1.0,1.0,1.0,1.0,1.0,1.0,1.0,1.0,1.0,,,0.0,0.0,6.264705882352941,1342.5,3.9139093137254903,0.796724,0.92484955,255.5,0,0.0,0.0,0.0,,0.0,0.27553049752985564,0.27553049752985564,0.24921470805617144,0.27553049752985564,0.24921470805617144
naive_first_n,False,procedure,beginning,256,4,1.0,0,1.0,0.10000460433421327,1.0,1.0,1.0,1.0,1.0,1.0,1.0,1.0,1.0,1.0,1.0,1.0,1.0,1.0,1.0,1.0,,,0.0,0.0,6.240234375,1341.5,3.90625,0.5747765,0.59468975,256.0,0,0.0,0.0,0.0,,0.0,0.2741908818609717,0.2741908818609717,0.2701258412105652,0.2701258412105652,0.2701258412105652
llmlingua_queryless,False,procedure,beginning,256,4,1.0,0,0.25,0.017789664940135997,0.0,0.0,0.0,0.0,0.0,0.0,0.0,0.0,0.0,0.1111111111111111,0.0,0.0,0.0,0.0,0.0,0.0,,,0.0,1.0,4.5840550015207056,1250.5,0.7139304817298373,141.16357549999998,141.3927329,353.5,0,1193.201171875,1380.0,0.0,,0.0,0.0,0.0,0.0,0.0,0.0
llmlingua2,False,procedure,beginning,256,4,1.0,0,0.08333333333333333,0.014441524895341588,0.0,0.0,0.0,0.0,0.0,0.0,0.0,0.0,0.0,0.08333333333333333,0.0,0.0,0.0,0.0,0.0,0.0,,,0.0,0.25,6.344126482213439,1344.0,0.3269698554391633,84.33051599999999,84.7757327,251.5,0,1261.751953125,1386.0,0.0,64.0,0.0,0.0,0.0,0.0,0.0,0.0
trimwise_structural,False,procedure,beginning,256,4,1.0,0,0.0,0.0,0.0,0.0,0.0,0.0,0.0,0.0,0.0,0.0,0.0,0.0,0.0,0.0,0.0,0.0,0.0,0.0,,,0.0,0.0,6.256862745098039,1342.0,0.0,28.860964,30.5907467,255.0,0,0.0,0.0,0.0,,0.0,0.03436807095343681,0.03436807095343681,0.03436807095343681,0.03436807095343681,0.03436807095343681
head_tail,False,procedure,beginning,512,4,1.0,0,1.0,0.05077746803494548,1.0,1.0,1.0,1.0,1.0,1.0,1.0,1.0,1.0,1.0,1.0,1.0,1.0,1.0,1.0,1.0,,,0.0,0.0,3.120233763454012,1085.5,1.9540805406066535,1.136256,1.13993295,512.0,0,0.0,0.0,0.0,,0.0,0.39688849340646515,0.39688849340646515,0.3846933714552456,0.38875841210565215,0.3846933714552456
naive_first_n,False,procedure,beginning,512,4,1.0,0,1.0,0.049421942362300644,1.0,1.0,1.0,1.0,1.0,1.0,1.0,1.0,1.0,1.0,1.0,1.0,1.0,1.0,1.0,1.0,,,0.0,0.0,3.1201171875,1085.5,1.953125,1.4985355,1.6693689,512.0,0,0.0,0.0,0.0,48.0,0.0,0.2898967207375423,0.2898967207375423,0.2898967207375423,0.2898967207375423,0.2898967207375423
llmlingua_queryless,False,procedure,beginning,512,4,1.0,0,0.4444444444444444,0.020770086386333025,0.0,0.0,0.0,0.0,0.0,0.0,0.0,0.0,0.0,0.4444444444444444,0.0,0.0,0.0,0.0,0.0,0.0,,,0.0,1.0,2.9913016824467,1069.0,0.8276302651677173,153.839808,155.0041632,535.5,0,1193.201171875,1334.0,0.0,,0.0,0.015151515151515152,0.015151515151515152,0.0,0.0,0.0
llmlingua2,False,procedure,beginning,512,4,1.0,0,0.1111111111111111,0.006124043334632825,0.0,0.0,0.0,0.0,0.0,0.0,0.0,0.0,0.0,0.1111111111111111,0.0,0.0,0.0,0.0,0.0,0.0,,,0.0,0.25,3.184809849194175,1094.5,0.22181837077848035,85.163096,87.91526775,501.0,0,1261.751953125,1386.0,0.0,64.0,0.0,0.0,0.0,0.0,0.0,0.0
trimwise_structural,False,procedure,beginning,512,4,1.0,0,0.08333333333333333,0.0046951708981268015,0.0,0.0,0.0,0.0,0.0,0.0,0.0,0.0,0.0,0.08333333333333333,0.0,0.0,0.0,0.0,0.0,0.0,,,0.0,0.0,3.1323529411764706,1087.5,0.16307934655978068,85.94166849999999,90.81682655,510.5,0,0.0,0.0,0.0,,0.0,0.06929046563192905,0.06929046563192905,0.04249815225424982,0.04249815225424982,0.04249815225424982
llmlingua_queryless,False,procedure,beginning,1024,4,1.0,0,1.0,0.03391094811980693,1.0,1.0,1.0,1.0,1.0,1.0,1.0,1.0,1.0,1.0,1.0,1.0,1.0,1.0,1.0,1.0,,,0.0,0.0,2.0475501571783603,826.5,1.284850802703935,171.5200475,172.158332,779.5,0,1193.201171875,1334.0,0.0,,0.0,0.29327615046485395,0.29327615046485395,0.09580561714708057,0.14696021511650523,0.09580561714708057
head_tail,False,procedure,beginning,1024,4,1.0,0,1.0,0.02489995813092087,1.0,1.0,1.0,1.0,1.0,1.0,1.0,1.0,1.0,1.0,1.0,1.0,1.0,1.0,1.0,1.0,,,0.0,0.0,1.56005859375,573.5,0.9768011516373412,1.7521955,1.78481485,1024.0,0,0.0,0.0,0.0,,0.0,0.42072441358384877,0.42072441358384877,0.4166593729334423,0.4166593729334423,0.4166593729334423
naive_first_n,False,procedure,beginning,1024,4,1.0,0,1.0,0.024821831348561633,1.0,1.0,1.0,1.0,1.0,1.0,1.0,1.0,1.0,1.0,1.0,1.0,1.0,1.0,1.0,1.0,,,0.0,0.0,1.56005859375,573.5,0.9765625,1.427353,1.4573626,1024.0,0,0.0,0.0,0.0,,0.0,0.5197635857937527,0.5197635857937527,0.5197635857937527,0.5197635857937527,0.5197635857937527
trimwise_structural,False,procedure,beginning,1024,4,1.0,0,0.7777777777777778,0.02002137744134797,0.75,0.75,0.75,0.75,0.75,0.75,0.75,0.75,0.75,0.7777777777777778,0.75,0.75,0.75,0.75,0.75,0.75,,,0.0,0.0,1.5631115459882583,575.5,0.7607958889443645,162.219454,175.68339025,1022.0,0,0.0,0.0,0.0,,0.0,0.15467941611234293,0.15467941611234293,0.10460550628233556,0.10867054693274204,0.10867054693274204
llmlingua2,False,procedure,beginning,1024,4,1.0,0,0.6666666666666666,0.015175522470685043,0.0,0.0,0.0,0.0,0.0,0.0,0.0,0.0,0.0,0.5555555555555556,0.0,0.0,0.0,0.0,0.0,0.0,,,0.0,0.25,1.5711528279601799,580.0,0.6549583399546419,84.4826475,86.8662894,1015.5,0,1261.751953125,1386.0,0.0,64.0,0.0,0.02032520325203252,0.02032520325203252,0.0,0.012195121951219511,0.0
trimwise_hybrid,True,procedure,multiple,128,12,1.0,0,0.7704545454545455,0.44278290297753436,0.3333333333333333,0.3333333333333333,0.3333333333333333,0.7083333333333334,0.7083333333333334,0.3333333333333333,0.7083333333333334,0.3333333333333333,0.3333333333333333,0.7425925925925926,0.7083333333333334,0.3333333333333333,0.3333333333333333,0.7083333333333334,0.3333333333333333,0.3333333333333333,0.9166666666666666,0.6666666666666666,0.0,0.0,12.772,1472.0,6.11913546909856,41.713946,43.74497815,126.0,0,0.0,0.0,0.0,,0.0,0.5121581670362159,0.5121581670362159,0.5040280857354028,0.5121581670362159,0.5121581670362159
trimwise_lexical,True,procedure,multiple,128,12,1.0,0,0.7035984848484849,0.4081784631959849,0.0,0.0,0.0,0.625,0.625,0.0,0.625,0.0,0.0,0.6777777777777777,0.625,0.0,0.0,0.625,0.0,0.0,0.75,0.0,0.0,0.0,12.678571428571427,1471.5,5.591498316498316,5.6920405,5.87554475,126.0,0,0.0,0.0,0.0,,0.0,0.5000554323725056,0.5000554323725056,0.49192535107169255,0.5000554323725056,0.5000554323725056
bm25_128_32_source_order,True,procedure,multiple,128,12,1.0,0,0.6920454545454545,0.37656072984341193,0.0,0.0,0.0,0.5833333333333334,0.5625,0.0,0.5625,0.0,0.0,0.6535774410774411,0.5833333333333334,0.0,0.0,0.5625,0.0,0.0,0.6666666666666666,0.0,0.0,0.0,12.48046875,1469.5,5.406605113636363,1.420274,2.6068529499999995,128.0,0,0.0,0.0,0.0,34.0,0.0,0.5392276422764227,0.5392276422764227,0.42703057532967675,0.5275868440502587,0.45741140545376746
recomp_extractive,True,procedure,multiple,128,12,1.0,0,0.5166666666666667,0.22081756125873775,0.5,0.5,0.5,0.5,0.5,0.5,0.5,0.5,0.5,0.515993265993266,0.5,0.5,0.5,0.5,0.5,0.5,0.0,0.0,0.0,0.0,12.484375,1469.5,4.036586491141732,116.5456755,117.85926694999999,128.0,0,448.02490234375,495.0,0.0,,0.0,0.319176926518069,0.319176926518069,0.29478668261563,0.29885172326603654,0.29885172326603654
embedding_topk_source_order,True,procedure,multiple,128,12,1.0,0,0.3359848484848485,0.17487598149778757,0.0,0.0,0.0,0.14583333333333334,0.14583333333333334,0.0,0.14583333333333334,0.0,0.0,0.2916666666666667,0.14583333333333334,0.0,0.0,0.14583333333333334,0.0,0.0,0.125,0.0,0.0,0.0,12.48046875,1469.5,2.6293088985325697,11.104356,19.2789874,128.0,0,0.0,0.0,0.0,41.0,0.0,0.41471389115805035,0.41471389115805035,0.3195841599564321,0.40307309293188626,0.35044151398451784
embedding_mmr_source_order,True,procedure,multiple,128,12,1.0,0,0.3132575757575758,0.16389660005448858,0.0,0.0,0.0,0.14583333333333334,0.14583333333333334,0.0,0.14583333333333334,0.0,0.0,0.2708333333333333,0.14583333333333334,0.0,0.0,0.14583333333333334,0.0,0.0,0.125,0.0,0.0,0.0,12.48046875,1469.5,2.4473248106060606,11.108818,13.31882645,128.0,0,0.0,0.0,0.0,44.0,0.0,0.41471389115805035,0.41471389115805035,0.3195841599564321,0.40307309293188626,0.35044151398451784
llmlingua,True,procedure,multiple,128,12,1.0,0,0.3354166666666667,0.10488039366665958,0.0,0.0,0.0,0.16666666666666666,0.16666666666666666,0.0,0.16666666666666666,0.0,0.0,0.2880892255892256,0.16666666666666666,0.0,0.0,0.16666666666666666,0.0,0.0,0.0,0.0,0.0,0.6666666666666666,6.3228009912792515,1344.0,1.5299102314749113,140.4354915,151.54225885,252.5,0,1193.201171875,1380.0,0.0,,0.0,0.0,0.0,0.0,0.0,0.0
longllmlingua,True,procedure,multiple,128,12,1.0,0,0.3409090909090909,0.10208609050624796,0.0,0.0,0.0,0.16666666666666666,0.16666666666666666,0.0,0.16666666666666666,0.0,0.0,0.29734848484848486,0.16666666666666666,0.0,0.0,0.16666666666666666,0.0,0.0,0.0,0.0,0.0,1.0,5.82437813586769,1322.5,1.4073963605964224,281.118842,306.2033584,274.5,0,1193.2060546875,1404.0,0.0,,0.0,0.0,0.0,0.0,0.0,0.0
trimwise_hybrid,True,procedure,multiple,256,12,1.0,0,0.7954545454545454,0.32162891725798887,0.5,0.5,0.5,0.75,0.75,0.5,0.75,0.5,0.5,0.775,0.75,0.5,0.5,0.75,0.5,0.5,1.0,1.0,0.0,0.0,7.85751714478895,1403.5,3.875178813503158,41.9720995,43.95703175,203.5,0,686.13623046875,790.0,0.0,46.0,0.0,0.6120750184774575,0.6120750184774575,0.6039449371766445,0.6120750184774575,0.6120750184774575
trimwise_lexical,True,procedure,multiple,256,12,1.0,0,0.7765151515151515,0.2670740450259516,0.5,0.5,0.5,0.75,0.75,0.5,0.75,0.5,0.5,0.775,0.75,0.5,0.5,0.75,0.5,0.5,1.0,1.0,0.0,0.0,6.930664916885389,1380.5,3.251516259414199,6.9149235000000004,7.718356699999999,237.0,0,686.13623046875,790.0,0.0,43.0,0.0,0.6009885439763488,0.6009885439763488,0.5928584626755359,0.6009885439763488,0.6009885439763488
bm25_128_32_source_order,True,procedure,multiple,256,12,1.0,0,0.8001893939393939,0.2566208598685205,0.4166666666666667,0.4166666666666667,0.4166666666666667,0.7291666666666666,0.7291666666666666,0.4166666666666667,0.7291666666666666,0.4166666666666667,0.4166666666666667,0.762962962962963,0.7291666666666666,0.4166666666666667,0.4166666666666667,0.7291666666666666,0.4166666666666667,0.4166666666666667,0.9583333333333334,0.8333333333333334,0.0,0.0,6.2421875,1342.0,3.130794400590259,1.4901200000000001,2.0192742999999993,256.0,0,0.0,0.0,0.0,34.0,0.0,0.6116361788617887,0.6116361788617887,0.4953740712646361,0.595930339985218,0.5257549013887268
embedding_topk_source_order,True,procedure,multiple,256,12,1.0,0,0.6329545454545454,0.19258697559325608,0.25,0.25,0.25,0.5,0.5,0.25,0.5,0.25,0.25,0.5863215488215489,0.5,0.25,0.25,0.5,0.25,0.25,0.4166666666666667,0.16666666666666666,0.0,0.0,6.2421875,1341.5,2.4745675969251337,11.378312000000001,21.573015,256.0,0,0.0,0.0,0.0,41.0,0.0,0.5088468121523321,0.5088468121523321,0.3921081806511845,0.49314097327576145,0.4229655346792702
embedding_mmr_source_order,True,procedure,multiple,256,12,1.0,0,0.5878787878787879,0.1908379755320312,0.16666666666666666,0.16666666666666666,0.16666666666666666,0.4375,0.4375,0.16666666666666666,0.4375,0.16666666666666666,0.16666666666666666,0.532996632996633,0.4375,0.16666666666666666,0.16666666666666666,0.4375,0.16666666666666666,0.16666666666666666,0.5416666666666666,0.16666666666666666,0.0,0.0,6.248046875,1342.0,2.299221535204991,11.3163155,12.683977950000001,256.0,0,0.0,0.0,0.0,44.0,0.0,0.521346812152332,0.521346812152332,0.4046081806511845,0.5056409732757614,0.43546553467927024
recomp_extractive,True,procedure,multiple,256,12,1.0,0,0.5166666666666667,0.12057715452953073,0.5,0.5,0.5,0.5,0.5,0.5,0.5,0.5,0.5,0.515993265993266,0.5,0.5,0.5,0.5,0.5,0.5,0.0,0.0,0.0,0.0,6.248046875,1342.0,2.0195695465686274,116.1465475,120.87258994999999,256.0,0,448.02490234375,495.0,0.0,65.0,0.0,0.3650703115882834,0.3650703115882834,0.32848494573462483,0.34068006768584436,0.33661502703543783
longllmlingua,True,procedure,multiple,256,12,1.0,0,0.39943181818181817,0.09249974298181297,0.0,0.0,0.0,0.16666666666666666,0.16666666666666666,0.0,0.16666666666666666,0.0,0.0,0.3196548821548822,0.16666666666666666,0.0,0.0,0.16666666666666666,0.0,0.0,0.0,0.0,0.0,0.75,4.331271265078874,1227.5,1.1735326780958475,298.5214375,317.77627265,368.5,0,1193.2060546875,1380.0,0.0,69.0,0.0,0.0,0.0,0.0,0.0,0.0
llmlingua,True,procedure,multiple,256,12,1.0,0,0.3857954545454545,0.08835013215894892,0.0,0.0,0.0,0.16666666666666666,0.16666666666666666,0.0,0.16666666666666666,0.0,0.0,0.3036826599326599,0.16666666666666666,0.0,0.0,0.16666666666666666,0.0,0.0,0.0,0.0,0.0,0.6666666666666666,4.722364286961075,1260.0,1.241867681964497,144.934234,157.3711446,338.5,0,1870.71240234375,2088.0,0.0,66.0,0.0,0.0,0.0,0.0,0.0,0.0
trimwise_hybrid,True,procedure,multiple,512,12,1.0,0,0.7954545454545454,0.3079915641187752,0.5,0.5,0.5,0.75,0.75,0.5,0.75,0.5,0.5,0.775,0.75,0.5,0.5,0.75,0.5,0.5,1.0,1.0,0.0,0.0,7.85751714478895,1403.5,3.6796307853659407,42.212532499999995,45.44471394999999,203.5,0,0.0,0.0,0.0,,0.0,0.6318458980044346,0.6318458980044346,0.6318458980044346,0.6318458980044346,0.6318458980044346
trimwise_lexical,True,procedure,multiple,512,12,1.0,0,0.7765151515151515,0.22965238205778882,0.5,0.5,0.5,0.75,0.75,0.5,0.75,0.5,0.5,0.775,0.75,0.5,0.5,0.75,0.5,0.5,1.0,1.0,0.0,0.0,6.2374380750176925,1331.5,2.7095188981960967,6.3668185,7.48576355,267.5,0,0.0,0.0,0.0,,0.0,0.6091186252771619,0.6091186252771619,0.6050535846267554,0.6091186252771619,0.6091186252771619
bm25_128_32_source_order,True,procedure,multiple,512,12,1.0,0,0.8977272727272728,0.15031408662385162,0.75,0.75,0.75,0.875,0.8333333333333334,0.6666666666666666,0.8333333333333334,0.6666666666666666,0.6666666666666666,0.8791666666666668,0.875,0.75,0.75,0.8333333333333334,0.6666666666666666,0.6666666666666666,1.0,1.0,0.0,0.0,3.1262230919765166,1086.5,1.7582948492534058,1.696316,2.5639194499999993,511.0,0,0.0,0.0,0.0,34.0,0.0,0.6642045454545454,0.6642045454545454,0.5451015287664839,0.6642045454545454,0.5795473995409811
embedding_mmr_source_order,True,procedure,multiple,512,12,1.0,0,0.8011363636363636,0.13294474361705855,0.3333333333333333,0.3333333333333333,0.3333333333333333,0.7083333333333334,0.6458333333333334,0.25,0.6458333333333334,0.25,0.25,0.7527356902356903,0.7083333333333334,0.3333333333333333,0.3333333333333333,0.6458333333333334,0.25,0.25,0.6666666666666666,0.16666666666666666,0.0,0.0,3.12109375,1085.5,1.5666024446670115,11.2379085,13.365687199999998,512.0,0,0.0,0.0,0.0,43.0,0.0,0.5505134788189987,0.5505134788189987,0.4309339382269421,0.5272318823666705,0.44663977710351266
embedding_topk_source_order,True,procedure,multiple,512,12,1.0,0,0.7590909090909091,0.12406577818738485,0.3333333333333333,0.3333333333333333,0.3333333333333333,0.6458333333333334,0.625,0.3333333333333333,0.625,0.3333333333333333,0.3333333333333333,0.7116161616161616,0.6458333333333334,0.3333333333333333,0.3333333333333333,0.625,0.3333333333333333,0.3333333333333333,0.5416666666666666,0.16666666666666666,0.0,0.0,3.1252446183953033,1086.0,1.4841914107095306,11.541441500000001,17.556174499999997,512.0,0,0.0,0.0,0.0,41.0,0.0,0.5566618528027386,0.5566618528027386,0.4510096958026997,0.5333802563504104,0.46320481775391914
recomp_extractive,True,procedure,multiple,512,12,1.0,0,0.7770833333333332,0.11841468684891023,0.5,0.5,0.5,0.7291666666666666,0.7291666666666666,0.5,0.7291666666666666,0.5,0.5,0.764520202020202,0.7291666666666666,0.5,0.5,0.7291666666666666,0.5,0.5,0.4583333333333333,0.0,0.0,0.0,3.1292870572886686,1087.0,1.5219825274137042,123.0395615,126.1100635,511.5,0,448.02490234375,495.0,0.0,,0.0,0.41024153602780045,0.41024153602780045,0.34113584497088995,0.35739600757251594,0.3533309669221094
llmlingua,True,procedure,multiple,512,12,1.0,0,0.5437500000000001,0.08287745974271372,0.0,0.0,0.0,0.16666666666666666,0.16666666666666666,0.0,0.16666666666666666,0.0,0.0,0.39707491582491583,0.16666666666666666,0.0,0.0,0.16666666666666666,0.0,0.0,0.0,0.0,0.0,0.6666666666666666,3.0600763526906984,1075.0,1.095302142368938,154.70611,168.4302545,522.0,0,1193.201171875,1334.0,0.0,,0.0,0.015151515151515152,0.015151515151515152,0.0,0.0,0.0
longllmlingua,True,procedure,multiple,512,12,1.0,0,0.506060606060606,0.0743483532492621,0.0,0.0,0.0,0.20833333333333334,0.16666666666666666,0.0,0.16666666666666666,0.0,0.0,0.37487373737373736,0.16666666666666666,0.0,0.0,0.16666666666666666,0.0,0.0,0.08333333333333333,0.0,0.0,0.8333333333333334,2.6542828712789186,995.0,0.8763860225779713,319.716903,346.2332968,601.5,0,1193.2060546875,1334.0,0.0,,0.0,0.030303030303030304,0.030303030303030304,0.015151515151515152,0.007575757575757576,0.007575757575757576
trimwise_hybrid,True,procedure,multiple,1024,12,1.0,0,0.7954545454545454,0.3079915641187752,0.5,0.5,0.5,0.75,0.75,0.5,0.75,0.5,0.5,0.775,0.75,0.5,0.5,0.75,0.5,0.5,1.0,1.0,0.0,0.0,7.85751714478895,1403.5,3.6796307853659407,41.950713,44.050498000000005,203.5,0,686.13623046875,790.0,0.0,46.0,0.0,0.6481060606060606,0.6481060606060606,0.6481060606060606,0.6481060606060606,0.6481060606060606
trimwise_lexical,True,procedure,multiple,1024,12,1.0,0,0.7765151515151515,0.22965238205778882,0.5,0.5,0.5,0.75,0.75,0.5,0.75,0.5,0.5,0.775,0.75,0.5,0.5,0.75,0.5,0.5,1.0,1.0,0.0,0.0,6.2374380750176925,1331.5,2.7095188981960967,7.4497175,7.876980049999999,267.5,0,686.13623046875,790.0,0.0,43.0,0.0,0.6329545454545454,0.6329545454545454,0.6329545454545454,0.6329545454545454,0.6329545454545454
llmlingua,True,procedure,multiple,1024,12,1.0,0,0.7642045454545454,0.08750918592853357,0.3333333333333333,0.3333333333333333,0.3333333333333333,0.5416666666666666,0.16666666666666666,0.0,0.16666666666666666,0.0,0.0,0.6741582491582491,0.22916666666666666,0.08333333333333333,0.08333333333333333,0.16666666666666666,0.0,0.0,0.25,0.0,0.0,0.0,2.1167805638788133,843.5,1.0419174054593636,177.367362,190.78023779999998,755.5,0,1870.71240234375,2042.0,0.0,66.0,0.0,0.29327615046485395,0.29327615046485395,0.09580561714708057,0.14696021511650523,0.09580561714708057
embedding_mmr_source_order,True,procedure,multiple,1024,12,1.0,0,0.9833333333333334,0.08443791598816096,0.8333333333333334,0.8333333333333334,0.8333333333333334,0.9583333333333334,0.9583333333333334,0.8333333333333334,0.9583333333333334,0.8333333333333334,0.8333333333333334,0.9722222222222222,0.9583333333333334,0.8333333333333334,0.8333333333333334,0.9583333333333334,0.8333333333333334,0.8333333333333334,0.9166666666666666,0.6666666666666666,0.0,0.0,1.560546875,574.0,0.960519143679741,11.810063,15.93808555,1024.0,0,0.0,0.0,0.0,44.0,0.0,0.5929878048780488,0.5929878048780488,0.4761713735558408,0.5848577235772358,0.5106172443303381
bm25_128_32_source_order,True,procedure,multiple,1024,12,1.0,0,0.9393939393939394,0.08094511288034593,0.8333333333333334,0.8333333333333334,0.8333333333333334,0.9166666666666666,0.9166666666666666,0.8333333333333334,0.9166666666666666,0.8333333333333334,0.8333333333333334,0.9249999999999999,0.9166666666666666,0.8333333333333334,0.8333333333333334,0.9166666666666666,0.8333333333333334,0.8333333333333334,1.0,1.0,0.0,0.0,1.563388029463459,575.5,0.9193044414952883,1.8043355,2.870192199999999,1022.0,0,0.0,0.0,0.0,34.0,0.0,0.6079545454545454,0.6079545454545454,0.49926819543315054,0.6079545454545454,0.5337140662076477
embedding_topk_source_order,True,procedure,multiple,1024,12,1.0,0,0.912310606060606,0.07920249981040081,0.5833333333333334,0.5833333333333334,0.5833333333333334,0.8541666666666666,0.8541666666666666,0.5833333333333334,0.8541666666666666,0.5833333333333334,0.5833333333333334,0.8867424242424242,0.8541666666666666,0.5833333333333334,0.5833333333333334,0.8541666666666666,0.5833333333333334,0.5833333333333334,0.875,0.5,0.0,0.0,1.5608208470796676,574.0,0.891101167871438,12.420556,25.164411599999998,1024.0,0,0.0,0.0,0.0,41.0,0.0,0.5472560975609756,0.5472560975609756,0.43450470688917414,0.5431910569105691,0.4689505776636714
recomp_extractive,True,procedure,multiple,1024,12,1.0,0,0.9083333333333333,0.07356823811369485,0.5833333333333334,0.5833333333333334,0.5833333333333334,0.8541666666666666,0.8541666666666666,0.5833333333333334,0.8541666666666666,0.5833333333333334,0.5833333333333334,0.8834175084175083,0.8541666666666666,0.5833333333333334,0.5833333333333334,0.8541666666666666,0.5833333333333334,0.5833333333333334,0.7083333333333334,0.0,0.0,0.0,1.5627744493829423,575.5,0.8887306056552866,123.7349255,127.91597175,1023.0,0,448.02490234375,495.0,0.0,65.0,0.0,0.4618136597035827,0.4618136597035827,0.34448180456684946,0.3607419671684755,0.356676926518069
longllmlingua,True,procedure,multiple,1024,12,1.0,0,0.6321969696969697,0.059503189589333205,0.0,0.0,0.0,0.2916666666666667,0.16666666666666666,0.0,0.16666666666666666,0.0,0.0,0.4639730639730639,0.16666666666666666,0.0,0.0,0.16666666666666666,0.0,0.0,0.25,0.0,0.0,0.0,1.6441812564366631,625.5,0.655919144640616,368.693829,404.32144265,971.0,0,1193.2060546875,1334.0,4130.0970739685,70.0,0.0,0.10446570972886764,0.10446570972886764,0.015151515151515152,0.05143540669856459,0.007575757575757576
naive_first_n,False,procedure,multiple,128,12,1.0,0,0.3670454545454545,0.17677505982294053,0.0,0.0,0.0,0.25,0.25,0.0,0.25,0.0,0.0,0.35763888888888884,0.25,0.0,0.0,0.25,0.0,0.0,0.0,0.0,0.0,0.0,12.48046875,1469.5,2.8675426136363633,0.4481765,0.5629530500000001,128.0,0,0.0,0.0,0.0,,0.0,0.2357577702571284,0.2357577702571284,0.20944198078344423,0.2357577702571284,0.2357577702571284
llmlingua_queryless,False,procedure,multiple,128,12,1.0,0,0.3354166666666667,0.10488039366665958,0.0,0.0,0.0,0.16666666666666666,0.16666666666666666,0.0,0.16666666666666666,0.0,0.0,0.2880892255892256,0.16666666666666666,0.0,0.0,0.16666666666666666,0.0,0.0,0.0,0.0,0.0,0.6666666666666666,6.3228009912792515,1344.0,1.5299102314749113,141.24026099999998,154.5099802,252.5,0,1193.201171875,1380.0,0.0,66.0,0.0,0.0,0.0,0.0,0.0,0.0
head_tail,False,procedure,multiple,128,12,1.0,0,0.17821969696969697,0.0958716183611365,0.0,0.0,0.0,0.0,0.0,0.0,0.0,0.0,0.0,0.13846801346801346,0.0,0.0,0.0,0.0,0.0,0.0,0.0,0.0,0.0,0.0,12.5748031496063,1470.0,1.3985395602183248,0.7255645,1.0996304,127.5,0,0.0,0.0,0.0,,0.0,0.11363636363636363,0.11363636363636363,0.10606060606060606,0.10606060606060606,0.10606060606060606
trimwise_structural,False,procedure,multiple,128,12,1.0,0,0.07859848484848485,0.04563768562646841,0.0,0.0,0.0,0.0,0.0,0.0,0.0,0.0,0.0,0.07539983164983165,0.0,0.0,0.0,0.0,0.0,0.0,0.0,0.0,0.0,0.0,12.52958907480315,1470.0,0.618263411616635,12.5774625,13.0455473,127.5,0,0.0,0.0,0.0,,0.0,0.015151515151515152,0.015151515151515152,0.015151515151515152,0.015151515151515152,0.015151515151515152
llmlingua2,False,procedure,multiple,128,12,1.0,0,0.0,0.0,0.0,0.0,0.0,0.0,0.0,0.0,0.0,0.0,0.0,0.0,0.0,0.0,0.0,0.0,0.0,0.0,0.0,0.0,0.0,1.0,7.53066037735849,1384.5,0.0,84.17934500000001,87.22649155,212.0,0,774.033203125,850.0,0.0,59.0,0.0,0.0,0.0,0.0,0.0,0.0
head_tail,False,procedure,multiple,256,12,1.0,0,0.625,0.16913273253237113,0.5,0.5,0.5,0.5,0.5,0.5,0.5,0.5,0.5,0.5867003367003367,0.5,0.5,0.5,0.5,0.5,0.5,0.0,0.0,0.0,0.0,6.264705882352941,1342.5,2.447820925245098,0.8772785,1.06016395,255.0,0,0.0,0.0,0.0,,0.0,0.27553049752985564,0.27553049752985564,0.24921470805617144,0.27553049752985564,0.24921470805617144
naive_first_n,False,procedure,multiple,256,12,1.0,0,0.44810606060606056,0.12240825090071565,0.0,0.0,0.0,0.25,0.25,0.0,0.25,0.0,0.0,0.386679292929293,0.25,0.0,0.0,0.25,0.0,0.0,0.0,0.0,0.0,0.0,6.240234375,1341.5,1.7504142992424245,0.579518,0.8295903999999996,256.0,0,0.0,0.0,0.0,,0.0,0.2741908818609717,0.2741908818609717,0.2701258412105652,0.2701258412105652,0.2701258412105652
llmlingua_queryless,False,procedure,multiple,256,12,1.0,0,0.3857954545454545,0.08835013215894892,0.0,0.0,0.0,0.16666666666666666,0.16666666666666666,0.0,0.16666666666666666,0.0,0.0,0.3036826599326599,0.16666666666666666,0.0,0.0,0.16666666666666666,0.0,0.0,0.0,0.0,0.0,0.6666666666666666,4.722364286961075,1260.0,1.241867681964497,143.23793949999998,156.63250325,338.5,0,1193.201171875,1380.0,0.0,66.0,0.0,0.0,0.0,0.0,0.0,0.0
llmlingua2,False,procedure,multiple,256,12,1.0,0,0.09071969696969696,0.04767965663393133,0.0,0.0,0.0,0.0,0.0,0.0,0.0,0.0,0.0,0.09375,0.0,0.0,0.0,0.0,0.0,0.0,0.0,0.0,0.0,0.16666666666666666,6.4606487527752385,1351.0,0.3619488687033312,84.4042245,84.71274595,248.0,0,774.033203125,850.0,0.0,59.0,0.0,0.0,0.0,0.0,0.0,0.0
trimwise_structural,False,procedure,multiple,256,12,1.0,0,0.07859848484848485,0.027798644166067712,0.0,0.0,0.0,0.0,0.0,0.0,0.0,0.0,0.0,0.07539983164983165,0.0,0.0,0.0,0.0,0.0,0.0,0.0,0.0,0.0,0.0,6.275073336421183,1342.5,0.30878763634042616,28.6655515,30.017399599999997,254.5,0,0.0,0.0,0.0,,0.0,0.03436807095343681,0.03436807095343681,0.03436807095343681,0.03436807095343681,0.03436807095343681
head_tail,False,procedure,multiple,512,12,1.0,0,0.69375,0.09971834987953403,0.5,0.5,0.5,0.5,0.5,0.5,0.5,0.5,0.5,0.6102693602693603,0.5,0.5,0.5,0.5,0.5,0.5,0.0,0.0,0.0,0.0,3.1231691841976517,1086.0,1.3558723066495435,1.1772595,1.3789103999999999,512.0,0,0.0,0.0,0.0,,0.0,0.39688849340646515,0.39688849340646515,0.3846933714552456,0.38875841210565215,0.3846933714552456
llmlingua_queryless,False,procedure,multiple,512,12,1.0,0,0.5437500000000001,0.08287745974271372,0.0,0.0,0.0,0.16666666666666666,0.16666666666666666,0.0,0.16666666666666666,0.0,0.0,0.39707491582491583,0.16666666666666666,0.0,0.0,0.16666666666666666,0.0,0.0,0.0,0.0,0.0,0.6666666666666666,3.0600763526906984,1075.0,1.095302142368938,156.679967,170.75997025,522.0,0,1193.201171875,1334.0,0.0,63.0,0.0,0.015151515151515152,0.015151515151515152,0.0,0.0,0.0
naive_first_n,False,procedure,multiple,512,12,1.0,0,0.559469696969697,0.08197150851879938,0.0,0.0,0.0,0.25,0.25,0.0,0.25,0.0,0.0,0.401936026936027,0.25,0.0,0.0,0.25,0.0,0.0,0.0,0.0,0.0,0.0,3.1201171875,1085.5,1.0927142518939394,0.8821330000000001,0.90685525,512.0,0,0.0,0.0,0.0,,0.0,0.2898967207375423,0.2898967207375423,0.2898967207375423,0.2898967207375423,0.2898967207375423
llmlingua2,False,procedure,multiple,512,12,1.0,0,0.20321969696969697,0.039008212795523224,0.0,0.0,0.0,0.0,0.0,0.0,0.0,0.0,0.0,0.1857744107744108,0.0,0.0,0.0,0.0,0.0,0.0,0.0,0.0,0.0,0.16666666666666666,3.237021555610196,1105.0,0.4078579940039487,84.5673405,85.3388035,494.0,0,774.033203125,850.0,0.0,59.0,0.0,0.0,0.0,0.0,0.0,0.0
trimwise_structural,False,procedure,multiple,512,12,1.0,0,0.19393939393939394,0.03777055055135709,0.0,0.0,0.0,0.041666666666666664,0.041666666666666664,0.0,0.041666666666666664,0.0,0.0,0.1785563973063973,0.041666666666666664,0.0,0.0,0.041666666666666664,0.0,0.0,0.08333333333333333,0.0,0.0,0.0,3.132222478032309,1087.5,0.37962029489307136,83.579813,87.60009409999999,510.5,0,0.0,0.0,0.0,,0.0,0.06929046563192905,0.06929046563192905,0.04249815225424982,0.04249815225424982,0.04249815225424982
llmlingua_queryless,False,procedure,multiple,1024,12,1.0,0,0.7642045454545454,0.08750918592853357,0.3333333333333333,0.3333333333333333,0.3333333333333333,0.5416666666666666,0.16666666666666666,0.0,0.16666666666666666,0.0,0.0,0.6741582491582491,0.22916666666666666,0.08333333333333333,0.08333333333333333,0.16666666666666666,0.0,0.0,0.25,0.0,0.0,0.0,2.1167805638788133,843.5,1.0419174054593636,175.2886465,188.81580484999998,755.5,0,1193.201171875,1334.0,0.0,64.0,0.0,0.29327615046485395,0.29327615046485395,0.09580561714708057,0.14696021511650523,0.09580561714708057
naive_first_n,False,procedure,multiple,1024,12,1.0,0,0.8636363636363636,0.07452942300458656,0.5,0.5,0.5,0.75,0.75,0.5,0.75,0.5,0.5,0.7916666666666666,0.75,0.5,0.5,0.75,0.5,0.5,1.0,1.0,0.0,0.0,1.56005859375,573.5,0.8433948863636364,1.4620785,1.58332755,1024.0,0,0.0,0.0,0.0,,0.0,0.5197635857937527,0.5197635857937527,0.5197635857937527,0.5197635857937527,0.5197635857937527
head_tail,False,procedure,multiple,1024,12,1.0,0,0.7125,0.052360810939894635,0.5,0.5,0.5,0.5,0.5,0.5,0.5,0.5,0.5,0.6102693602693603,0.5,0.5,0.5,0.5,0.5,0.5,0.0,0.0,0.0,0.0,1.56005859375,573.5,0.69580078125,1.805174,2.0629099,1024.0,0,0.0,0.0,0.0,,0.0,0.42072441358384877,0.42072441358384877,0.4166593729334423,0.4166593729334423,0.4166593729334423
llmlingua2,False,procedure,multiple,1024,12,1.0,0,0.6850378787878788,0.05076917245784052,0.0,0.0,0.0,0.20833333333333334,0.0,0.0,0.0,0.0,0.0,0.5633417508417509,0.08333333333333333,0.0,0.0,0.0,0.0,0.0,0.0,0.0,0.0,0.16666666666666666,1.5875755455684546,591.0,0.6771588805513589,84.62160399999999,85.91546405,1006.0,0,774.033203125,850.0,0.0,59.0,0.0,0.02032520325203252,0.02032520325203252,0.0,0.012195121951219511,0.0
trimwise_structural,False,procedure,multiple,1024,12,1.0,0,0.4801136363636364,0.041720099896107504,0.0,0.0,0.0,0.1875,0.1875,0.0,0.1875,0.0,0.0,0.3620791245791246,0.1875,0.0,0.0,0.1875,0.0,0.0,0.2916666666666667,0.0,0.0,0.0,1.5633870711151916,575.5,0.46979844618562033,159.4939415,169.78052505,1022.0,0,0.0,0.0,0.0,,0.0,0.15467941611234293,0.15467941611234293,0.10460550628233556,0.10867054693274204,0.10867054693274204
trimwise_hybrid,True,real_source,beginning,128,21,1.0,0,0.741810372167515,0.23205487669239394,0.6190476190476191,0.6190476190476191,0.6190476190476191,0.6190476190476191,0.6190476190476191,0.6190476190476191,0.6190476190476191,0.6190476190476191,0.6190476190476191,0.6825297718154861,0.6190476190476191,0.6190476190476191,0.6190476190476191,0.6190476190476191,0.6190476190476191,0.6190476190476191,,,0.0,0.0,68.14285714285714,8460.0,6.240996000841453,116.71172,284.564151,125.0,0,0.0,0.0,0.0,,0.0,0.5121581670362159,0.5121581670362159,0.5040280857354028,0.5121581670362159,0.5121581670362159
bm25_128_32_source_order,True,real_source,beginning,128,21,1.0,0,0.758259201116344,0.22696736233704898,0.6666666666666666,0.6666666666666666,0.6666666666666666,0.6666666666666666,0.6190476190476191,0.6190476190476191,0.6190476190476191,0.6190476190476191,0.6190476190476191,0.7222148882863169,0.6190476190476191,0.6190476190476191,0.6190476190476191,0.6190476190476191,0.6190476190476191,0.6190476190476191,,,0.0,0.0,67.078125,8458.0,5.9239000087214375,6.894026,18.616946,128.0,0,0.0,0.0,0.0,37.0,0.0,0.5392276422764227,0.5392276422764227,0.42703057532967675,0.5275868440502587,0.45741140545376746
trimwise_lexical,True,real_source,beginning,128,21,1.0,0,0.7240854592358351,0.21743229482245352,0.5714285714285714,0.5714285714285714,0.5714285714285714,0.5714285714285714,0.5714285714285714,0.5714285714285714,0.5714285714285714,0.5714285714285714,0.5714285714285714,0.6620524421276301,0.5714285714285714,0.5714285714285714,0.5714285714285714,0.5714285714285714,0.5714285714285714,0.5714285714285714,,,0.0,0.0,67.60629921259843,8459.0,5.875458679516534,22.599371,56.393199,126.0,0,0.0,0.0,0.0,,0.0,0.5000554323725056,0.5000554323725056,0.49192535107169255,0.5000554323725056,0.5000554323725056
embedding_mmr_source_order,True,real_source,beginning,128,21,1.0,0,0.7809887973180277,0.21190246995142226,0.6190476190476191,0.6190476190476191,0.6190476190476191,0.6190476190476191,0.5714285714285714,0.5714285714285714,0.5714285714285714,0.5714285714285714,0.5714285714285714,0.697253252534488,0.5714285714285714,0.5714285714285714,0.5714285714285714,0.5714285714285714,0.5714285714285714,0.5714285714285714,,,0.0,0.0,67.078125,8458.0,6.101474979047091,114.787493,372.013492,128.0,0,0.0,0.0,0.0,45.0,0.0,0.41471389115805035,0.41471389115805035,0.3195841599564321,0.40307309293188626,0.35044151398451784
embedding_topk_source_order,True,real_source,beginning,128,21,1.0,0,0.7809887973180277,0.21190246995142226,0.6190476190476191,0.6190476190476191,0.6190476190476191,0.6190476190476191,0.5714285714285714,0.5714285714285714,0.5714285714285714,0.5714285714285714,0.5714285714285714,0.697253252534488,0.5714285714285714,0.5714285714285714,0.5714285714285714,0.5714285714285714,0.5714285714285714,0.5714285714285714,,,0.0,0.0,67.078125,8458.0,6.101474979047091,54.433967,284.087558,128.0,0,0.0,0.0,0.0,39.0,0.0,0.41471389115805035,0.41471389115805035,0.3195841599564321,0.40307309293188626,0.35044151398451784
recomp_extractive,True,real_source,beginning,128,21,1.0,0,0.4933985157061229,0.1529982599110439,0.23809523809523808,0.23809523809523808,0.23809523809523808,0.23809523809523808,0.23809523809523808,0.23809523809523808,0.23809523809523808,0.23809523809523808,0.23809523809523808,0.3840134251467732,0.23809523809523808,0.23809523809523808,0.23809523809523808,0.23809523809523808,0.23809523809523808,0.23809523809523808,,,0.0,0.0,67.078125,8458.0,3.8576052252889186,891.181755,2374.576569,128.0,0,1039.443359375,1276.0,0.0,,0.0,0.319176926518069,0.319176926518069,0.29478668261563,0.29885172326603654,0.29885172326603654
longllmlingua,True,real_source,beginning,128,21,1.0,0,0.3827668788029265,0.10555494166216157,0.047619047619047616,0.0,0.0,0.047619047619047616,0.0,0.0,0.0,0.0,0.0,0.23245103758004537,0.0,0.0,0.0,0.0,0.0,0.0,,,0.0,0.8095238095238095,58.725190839694655,8481.0,2.367653895275118,1719.255332,4154.625053,161.0,1,1681.466796875,1938.0,0.0,,0.0,0.0,0.0,0.0,0.0,0.0
llmlingua,True,real_source,beginning,128,21,1.0,0,0.2771338319475098,0.08682839496908759,0.0,0.0,0.0,0.0,0.0,0.0,0.0,0.0,0.0,0.17450943669726804,0.0,0.0,0.0,0.0,0.0,0.0,,,0.0,0.6190476190476191,67.21052631578948,8487.0,2.0227136624117947,827.024127,2106.325703,132.0,0,1193.369140625,1378.0,0.0,,0.0,0.0,0.0,0.0,0.0,0.0
trimwise_lexical,True,real_source,beginning,256,21,1.0,0,0.8620885067313638,0.14301239546482838,0.7142857142857143,0.7142857142857143,0.7142857142857143,0.7142857142857143,0.7142857142857143,0.7142857142857143,0.7142857142857143,0.7142857142857143,0.7142857142857143,0.7888635174349461,0.7142857142857143,0.7142857142857143,0.7142857142857143,0.7142857142857143,0.7142857142857143,0.7142857142857143,,,0.0,0.0,40.91880341880342,8396.0,3.726355525897782,25.206499,60.074246,245.0,0,686.13623046875,790.0,0.0,54.0,0.0,0.6009885439763488,0.6009885439763488,0.5928584626755359,0.6009885439763488,0.6009885439763488
trimwise_hybrid,True,real_source,beginning,256,21,1.0,0,0.8935142238713667,0.13668880290348637,0.8095238095238095,0.8095238095238095,0.8095238095238095,0.8095238095238095,0.8095238095238095,0.8095238095238095,0.8095238095238095,0.8095238095238095,0.8095238095238095,0.8444650587507729,0.8095238095238095,0.8095238095238095,0.8095238095238095,0.8095238095238095,0.8095238095238095,0.8095238095238095,,,0.0,0.0,37.40234375,8396.0,3.6640724971952947,120.972314,289.703339,255.0,0,686.13623046875,790.0,0.0,48.0,0.0,0.6120750184774575,0.6120750184774575,0.6039449371766445,0.6120750184774575,0.6120750184774575
embedding_mmr_source_order,True,real_source,beginning,256,21,1.0,0,0.850486746422707,0.1307816989654526,0.7142857142857143,0.7142857142857143,0.7142857142857143,0.7142857142857143,0.6666666666666666,0.6666666666666666,0.6666666666666666,0.6666666666666666,0.6666666666666666,0.7696865736890368,0.6666666666666666,0.6666666666666666,0.6666666666666666,0.6666666666666666,0.6666666666666666,0.6666666666666666,,,0.0,0.0,33.5390625,8330.0,3.3244122900597017,112.863163,337.478024,256.0,0,0.0,0.0,0.0,45.0,0.0,0.521346812152332,0.521346812152332,0.4046081806511845,0.5056409732757614,0.43546553467927024
embedding_topk_source_order,True,real_source,beginning,256,21,1.0,0,0.8385819845179451,0.13061470503289666,0.7142857142857143,0.7142857142857143,0.7142857142857143,0.7142857142857143,0.6666666666666666,0.6666666666666666,0.6666666666666666,0.6666666666666666,0.6666666666666666,0.7577818117842748,0.6666666666666666,0.6666666666666666,0.6666666666666666,0.6666666666666666,0.6666666666666666,0.6666666666666666,,,0.0,0.0,33.5390625,8330.0,3.2779093138692255,57.028898,315.5104,256.0,0,0.0,0.0,0.0,39.0,0.0,0.5088468121523321,0.5088468121523321,0.3921081806511845,0.49314097327576145,0.4229655346792702
bm25_128_32_source_order,True,real_source,beginning,256,21,1.0,0,0.8102988281559711,0.13027934888071005,0.7142857142857143,0.7142857142857143,0.7142857142857143,0.7142857142857143,0.6666666666666666,0.6666666666666666,0.6666666666666666,0.6666666666666666,0.6666666666666666,0.7646391307105592,0.6666666666666666,0.6666666666666666,0.6666666666666666,0.6666666666666666,0.6666666666666666,0.6666666666666666,,,0.0,0.0,33.67058823529412,8331.0,3.167244492251057,8.589103,17.975917,256.0,0,0.0,0.0,0.0,37.0,0.0,0.6116361788617887,0.6116361788617887,0.4953740712646361,0.595930339985218,0.5257549013887268
longllmlingua,True,real_source,beginning,256,21,1.0,0,0.4658508262927255,0.1088076345010009,0.09523809523809523,0.0,0.0,0.09523809523809523,0.047619047619047616,0.047619047619047616,0.047619047619047616,0.047619047619047616,0.0,0.2926636090520154,0.0,0.0,0.0,0.0,0.0,0.0,,,0.0,0.3333333333333333,44.98830409356725,8470.0,2.4210526314218077,1655.693292,4634.971161,179.0,1,1193.51953125,1408.0,30916.94915102562,72.0,0.0,0.0,0.0,0.0,0.0,0.0
recomp_extractive,True,real_source,beginning,256,21,1.0,0,0.5744273323364434,0.09592526390795923,0.23809523809523808,0.23809523809523808,0.23809523809523808,0.23809523809523808,0.23809523809523808,0.23809523809523808,0.23809523809523808,0.23809523809523808,0.23809523809523808,0.4109614770948252,0.23809523809523808,0.23809523809523808,0.23809523809523808,0.23809523809523808,0.23809523809523808,0.23809523809523808,,,0.0,0.0,33.5390625,8330.0,2.246994048492456,902.687192,2396.176557,256.0,1,952.50048828125,1068.0,20589.165145996958,71.0,0.0,0.3650703115882834,0.3650703115882834,0.32848494573462483,0.34068006768584436,0.33661502703543783
llmlingua,True,real_source,beginning,256,21,1.0,0,0.28126292350053644,0.07559152742744484,0.0,0.0,0.0,0.0,0.0,0.0,0.0,0.0,0.0,0.18011167759362656,0.0,0.0,0.0,0.0,0.0,0.0,,,0.0,0.09523809523809523,61.14772727272727,8485.0,1.6501455527350912,848.820784,2066.371332,171.0,0,1870.88037109375,2088.0,0.0,63.0,0.0,0.0,0.0,0.0,0.0,0.0
trimwise_hybrid,True,real_source,beginning,512,21,1.0,0,0.9339053803339519,0.10700769974152054,0.8571428571428571,0.8571428571428571,0.8571428571428571,0.8571428571428571,0.8571428571428571,0.8571428571428571,0.8571428571428571,0.8571428571428571,0.8571428571428571,0.8869820655534942,0.8571428571428571,0.8571428571428571,0.8571428571428571,0.8571428571428571,0.8571428571428571,0.8571428571428571,,,0.0,0.0,26.077966101694916,8074.0,2.809860490283225,118.234037,286.198887,337.0,0,0.0,0.0,0.0,,0.0,0.6318458980044346,0.6318458980044346,0.6318458980044346,0.6318458980044346,0.6318458980044346
trimwise_lexical,True,real_source,beginning,512,21,1.0,0,0.8760340849626564,0.10378325066739766,0.7142857142857143,0.7142857142857143,0.7142857142857143,0.7142857142857143,0.7142857142857143,0.7142857142857143,0.7142857142857143,0.7142857142857143,0.7142857142857143,0.7888635174349461,0.7142857142857143,0.7142857142857143,0.7142857142857143,0.7142857142857143,0.7142857142857143,0.7142857142857143,,,0.0,0.0,28.065573770491802,8074.0,2.577323721110381,23.298263,57.150497,391.0,0,0.0,0.0,0.0,,0.0,0.6091186252771619,0.6091186252771619,0.6050535846267554,0.6091186252771619,0.6091186252771619
longllmlingua,True,real_source,beginning,512,21,1.0,0,0.5518668457204496,0.09614153544315383,0.14285714285714285,0.14285714285714285,0.14285714285714285,0.14285714285714285,0.047619047619047616,0.047619047619047616,0.047619047619047616,0.047619047619047616,0.047619047619047616,0.3601555565457549,0.0,0.0,0.0,0.0,0.0,0.0,,,0.0,0.0,35.45161290322581,8435.0,2.109542429199528,1737.760034,4155.587847,259.0,0,1681.466796875,1938.0,0.0,,0.0,0.030303030303030304,0.030303030303030304,0.015151515151515152,0.007575757575757576,0.007575757575757576
llmlingua,True,real_source,beginning,512,21,1.0,0,0.3816318612664878,0.07727042210671459,0.047619047619047616,0.047619047619047616,0.047619047619047616,0.047619047619047616,0.0,0.0,0.0,0.0,0.0,0.20836925335120232,0.0,0.0,0.0,0.0,0.0,0.0,,,0.0,0.0,48.38364779874214,8448.0,1.5917655803320125,885.28015,2138.474169,226.0,0,1193.369140625,1380.0,0.0,,0.0,0.015151515151515152,0.015151515151515152,0.0,0.0,0.0
embedding_topk_source_order,True,real_source,beginning,512,21,1.0,0,0.894842247243725,0.07432300605341242,0.8095238095238095,0.8095238095238095,0.8095238095238095,0.8095238095238095,0.7142857142857143,0.7142857142857143,0.7142857142857143,0.7142857142857143,0.7142857142857143,0.8244484784509415,0.7142857142857143,0.7142857142857143,0.7142857142857143,0.7142857142857143,0.7142857142857143,0.7142857142857143,,,0.0,0.0,16.80234833659491,8075.0,1.7493450461339501,57.74596,240.054522,512.0,0,0.0,0.0,0.0,39.0,0.0,0.5566618528027386,0.5566618528027386,0.4510096958026997,0.5333802563504104,0.46320481775391914
embedding_mmr_source_order,True,real_source,beginning,512,21,1.0,0,0.894842247243725,0.07351762849335351,0.8095238095238095,0.8095238095238095,0.8095238095238095,0.8095238095238095,0.7142857142857143,0.7142857142857143,0.7142857142857143,0.7142857142857143,0.7142857142857143,0.8244484784509415,0.7142857142857143,0.7142857142857143,0.7142857142857143,0.7142857142857143,0.7142857142857143,0.7142857142857143,,,0.0,0.0,16.80234833659491,8075.0,1.7492995442002999,68.854258,299.723083,512.0,0,0.0,0.0,0.0,45.0,0.0,0.5505134788189987,0.5505134788189987,0.4309339382269421,0.5272318823666705,0.44663977710351266
bm25_128_32_source_order,True,real_source,beginning,512,21,1.0,0,0.8853735550164122,0.0734452412035109,0.7619047619047619,0.7619047619047619,0.7619047619047619,0.7619047619047619,0.7619047619047619,0.7619047619047619,0.7619047619047619,0.7619047619047619,0.7619047619047619,0.8299349460063745,0.7619047619047619,0.7619047619047619,0.7619047619047619,0.7619047619047619,0.7619047619047619,0.7619047619047619,,,0.0,0.0,16.76953125,8074.0,1.7315651994965384,8.297951,22.796237,512.0,0,0.0,0.0,0.0,37.0,0.0,0.6642045454545454,0.6642045454545454,0.5451015287664839,0.6642045454545454,0.5795473995409811
recomp_extractive,True,real_source,beginning,512,21,1.0,0,0.7010212234814182,0.06178022396232091,0.38095238095238093,0.38095238095238093,0.38095238095238093,0.38095238095238093,0.38095238095238093,0.38095238095238093,0.38095238095238093,0.38095238095238093,0.38095238095238093,0.5298330767713784,0.38095238095238093,0.38095238095238093,0.38095238095238093,0.38095238095238093,0.38095238095238093,0.38095238095238093,,,0.0,0.0,16.76953125,8074.0,1.369940398063242,908.346214,2450.342363,512.0,0,1039.443359375,1276.0,0.0,,0.0,0.41024153602780045,0.41024153602780045,0.34113584497088995,0.35739600757251594,0.3533309669221094
trimwise_lexical,True,real_source,beginning,1024,21,1.0,0,0.892700751629323,0.10157364302356059,0.7619047619047619,0.7619047619047619,0.7619047619047619,0.7619047619047619,0.7619047619047619,0.7619047619047619,0.7619047619047619,0.7619047619047619,0.7619047619047619,0.8245778031492318,0.7619047619047619,0.7619047619047619,0.7619047619047619,0.7619047619047619,0.7619047619047619,0.7619047619047619,,,0.0,0.0,19.861261261261262,7688.0,2.5126541274549927,26.391825,61.203848,391.0,0,686.13623046875,790.0,0.0,54.0,0.0,0.6329545454545454,0.6329545454545454,0.6329545454545454,0.6329545454545454,0.6329545454545454
trimwise_hybrid,True,real_source,beginning,1024,21,1.0,0,0.9339053803339519,0.0928475412354898,0.8571428571428571,0.8571428571428571,0.8571428571428571,0.8571428571428571,0.8571428571428571,0.8571428571428571,0.8571428571428571,0.8571428571428571,0.8571428571428571,0.8869820655534942,0.8571428571428571,0.8571428571428571,0.8571428571428571,0.8571428571428571,0.8571428571428571,0.8571428571428571,,,0.0,0.0,18.75482912332838,7929.0,2.478280874743006,118.774642,278.091718,367.0,0,686.13623046875,790.0,0.0,48.0,0.0,0.6481060606060606,0.6481060606060606,0.6481060606060606,0.6481060606060606,0.6481060606060606
longllmlingua,True,real_source,beginning,1024,21,1.0,0,0.622107608419605,0.06869355794989136,0.23809523809523808,0.23809523809523808,0.23809523809523808,0.23809523809523808,0.047619047619047616,0.047619047619047616,0.047619047619047616,0.047619047619047616,0.047619047619047616,0.4163415866799475,0.0,0.0,0.0,0.0,0.0,0.0,,,0.0,0.0,20.033854166666668,8378.0,1.4927348616584275,1759.294051,4314.553235,403.0,0,1193.51953125,1406.0,4140.698751958553,71.0,0.0,0.10446570972886764,0.10446570972886764,0.015151515151515152,0.05143540669856459,0.007575757575757576
llmlingua,True,real_source,beginning,1024,21,1.0,0,0.48835806759875133,0.06478293123675206,0.14285714285714285,0.14285714285714285,0.14285714285714285,0.14285714285714285,0.0,0.0,0.0,0.0,0.0,0.30865141725344586,0.047619047619047616,0.047619047619047616,0.047619047619047616,0.0,0.0,0.0,,,0.0,0.0,29.006756756756758,8290.0,1.2174146740129284,906.0543,2297.541369,373.0,0,1870.88037109375,2088.0,0.0,64.0,0.0,0.29327615046485395,0.29327615046485395,0.09580561714708057,0.14696021511650523,0.09580561714708057
embedding_mmr_source_order,True,real_source,beginning,1024,21,1.0,0,0.963772577996716,0.040110262071755755,0.9047619047619048,0.9047619047619048,0.9047619047619048,0.9047619047619048,0.9047619047619048,0.9047619047619048,0.9047619047619048,0.9047619047619048,0.9047619047619048,0.9262110016420361,0.9047619047619048,0.9047619047619048,0.9047619047619048,0.9047619047619048,0.9047619047619048,0.9047619047619048,,,0.0,0.0,8.392961876832844,7563.0,0.9416842791598031,109.432937,313.249271,1024.0,0,0.0,0.0,0.0,45.0,0.0,0.5929878048780488,0.5929878048780488,0.4761713735558408,0.5848577235772358,0.5106172443303381
recomp_extractive,True,real_source,beginning,1024,21,1.0,0,0.863653994293092,0.038908568656587206,0.6190476190476191,0.6190476190476191,0.6190476190476191,0.6190476190476191,0.5714285714285714,0.5714285714285714,0.5714285714285714,0.5714285714285714,0.5714285714285714,0.682252438455446,0.5714285714285714,0.5714285714285714,0.5714285714285714,0.5714285714285714,0.5714285714285714,0.5714285714285714,,,0.0,0.0,8.384765625,7562.0,0.8436270825456889,919.631292,2508.26869,1024.0,0,952.50048828125,1068.0,4125.468187965453,70.0,0.0,0.4618136597035827,0.4618136597035827,0.34448180456684946,0.3607419671684755,0.356676926518069
embedding_topk_source_order,True,real_source,beginning,1024,21,1.0,0,0.9264162561576355,0.038846665970927285,0.8571428571428571,0.8571428571428571,0.8571428571428571,0.8571428571428571,0.8571428571428571,0.8571428571428571,0.8571428571428571,0.8571428571428571,0.8571428571428571,0.8904967159277504,0.8571428571428571,0.8571428571428571,0.8571428571428571,0.8571428571428571,0.8571428571428571,0.8571428571428571,,,0.0,0.0,8.392961876832844,7563.0,0.9049762088401678,57.877799,285.062226,1024.0,0,0.0,0.0,0.0,39.0,0.0,0.5472560975609756,0.5472560975609756,0.43450470688917414,0.5431910569105691,0.4689505776636714
bm25_128_32_source_order,True,real_source,beginning,1024,21,1.0,0,0.9107202321488036,0.037578322317359386,0.7619047619047619,0.7619047619047619,0.7619047619047619,0.7619047619047619,0.7619047619047619,0.7619047619047619,0.7619047619047619,0.7619047619047619,0.7619047619047619,0.8299349460063745,0.7619047619047619,0.7619047619047619,0.7619047619047619,0.7619047619047619,0.7619047619047619,0.7619047619047619,,,0.0,0.0,8.401174168297455,7564.0,0.8907315893347805,8.761568,22.030792,1023.0,0,0.0,0.0,0.0,37.0,0.0,0.6079545454545454,0.6079545454545454,0.49926819543315054,0.6079545454545454,0.5337140662076477
head_tail,False,real_source,beginning,128,21,1.0,0,0.8117354309858058,0.2614238142488887,0.7142857142857143,0.7142857142857143,0.7142857142857143,0.7142857142857143,0.6666666666666666,0.6666666666666666,0.6666666666666666,0.6666666666666666,0.6666666666666666,0.771631759877637,0.6666666666666666,0.6666666666666666,0.6666666666666666,0.6666666666666666,0.6666666666666666,0.6666666666666666,,,0.0,0.0,67.078125,8458.0,6.349401179484907,3.33537,7.594293,128.0,0,0.0,0.0,0.0,,0.0,0.11363636363636363,0.11363636363636363,0.10606060606060606,0.10606060606060606,0.10606060606060606
naive_first_n,False,real_source,beginning,128,21,1.0,0,0.8205044231131188,0.23036157482423597,0.7619047619047619,0.7619047619047619,0.7619047619047619,0.7619047619047619,0.7619047619047619,0.7619047619047619,0.7619047619047619,0.7619047619047619,0.7619047619047619,0.8013702239789195,0.7619047619047619,0.7619047619047619,0.7619047619047619,0.7619047619047619,0.7619047619047619,0.7619047619047619,,,0.0,0.0,67.078125,8458.0,6.410190805571241,3.07408,5.060853,128.0,0,0.0,0.0,0.0,49.0,0.0,0.2357577702571284,0.2357577702571284,0.20944198078344423,0.2357577702571284,0.2357577702571284
trimwise_structural,False,real_source,beginning,128,21,1.0,0,0.4198279174951442,0.11814240510659978,0.09523809523809523,0.09523809523809523,0.09523809523809523,0.09523809523809523,0.09523809523809523,0.09523809523809523,0.09523809523809523,0.09523809523809523,0.09523809523809523,0.2830759771858611,0.09523809523809523,0.09523809523809523,0.09523809523809523,0.09523809523809523,0.09523809523809523,0.09523809523809523,,,0.0,0.0,67.078125,8458.0,3.2962984262076227,45.478986,110.044172,128.0,0,0.0,0.0,0.0,,0.0,0.015151515151515152,0.015151515151515152,0.015151515151515152,0.015151515151515152,0.015151515151515152
llmlingua_queryless,False,real_source,beginning,128,21,1.0,0,0.2771338319475098,0.08682839496908759,0.0,0.0,0.0,0.0,0.0,0.0,0.0,0.0,0.0,0.17450943669726804,0.0,0.0,0.0,0.0,0.0,0.0,,,0.0,0.6190476190476191,67.21052631578948,8487.0,2.0227136624117947,849.607036,2074.484704,132.0,0,1193.369140625,1380.0,0.0,,0.0,0.0,0.0,0.0,0.0,0.0
llmlingua2,False,real_source,beginning,128,21,1.0,0,0.008403361344537816,0.009523809523809526,0.0,0.0,0.0,0.0,0.0,0.0,0.0,0.0,0.0,0.008403361344537816,0.0,0.0,0.0,0.0,0.0,0.0,,,0.0,0.9047619047619048,12.941638608305276,7874.0,0.09035872413481522,393.571181,1071.565494,736.0,0,1422.29150390625,1640.0,0.0,69.0,0.0,0.0,0.0,0.0,0.0,0.0
head_tail,False,real_source,beginning,256,21,1.0,0,0.8576736307171089,0.15177624114373162,0.7619047619047619,0.7619047619047619,0.7619047619047619,0.7619047619047619,0.7619047619047619,0.7619047619047619,0.7619047619047619,0.7619047619047619,0.7619047619047619,0.8138151703369095,0.7619047619047619,0.7619047619047619,0.7619047619047619,0.7619047619047619,0.7619047619047619,0.7619047619047619,,,0.0,0.0,33.5390625,8330.0,3.3556089184685733,3.374561,7.415026,256.0,0,0.0,0.0,0.0,,0.0,0.27553049752985564,0.27553049752985564,0.24921470805617144,0.27553049752985564,0.24921470805617144
naive_first_n,False,real_source,beginning,256,21,1.0,0,0.9279503105590062,0.1427637577321448,0.9047619047619048,0.9047619047619048,0.9047619047619048,0.9047619047619048,0.9047619047619048,0.9047619047619048,0.9047619047619048,0.9047619047619048,0.9047619047619048,0.9184265010351967,0.9047619047619048,0.9047619047619048,0.9047619047619048,0.9047619047619048,0.9047619047619048,0.9047619047619048,,,0.0,0.0,33.5390625,8330.0,3.6248059006211184,2.040314,4.317679,256.0,0,0.0,0.0,0.0,,0.0,0.2741908818609717,0.2741908818609717,0.2701258412105652,0.2701258412105652,0.2701258412105652
trimwise_structural,False,real_source,beginning,256,21,1.0,0,0.4971887837421209,0.07847509393576856,0.14285714285714285,0.14285714285714285,0.14285714285714285,0.14285714285714285,0.14285714285714285,0.14285714285714285,0.14285714285714285,0.14285714285714285,0.14285714285714285,0.3295500539533825,0.14285714285714285,0.14285714285714285,0.14285714285714285,0.14285714285714285,0.14285714285714285,0.14285714285714285,,,0.0,0.0,33.5390625,8330.0,1.949592989224697,64.142444,157.720351,255.0,0,0.0,0.0,0.0,,0.0,0.03436807095343681,0.03436807095343681,0.03436807095343681,0.03436807095343681,0.03436807095343681
llmlingua_queryless,False,real_source,beginning,256,21,1.0,0,0.28126292350053644,0.07559152742744484,0.0,0.0,0.0,0.0,0.0,0.0,0.0,0.0,0.0,0.18011167759362656,0.0,0.0,0.0,0.0,0.0,0.0,,,0.0,0.09523809523809523,61.14772727272727,8485.0,1.6501455527350912,860.195396,2064.949359,171.0,0,1193.369140625,1380.0,0.0,,0.0,0.0,0.0,0.0,0.0,0.0
llmlingua2,False,real_source,beginning,256,21,1.0,0,0.04289958407605467,0.009001908161572026,0.0,0.0,0.0,0.0,0.0,0.0,0.0,0.0,0.0,0.03144045496986673,0.0,0.0,0.0,0.0,0.0,0.0,,,0.0,0.7619047619047619,12.058988764044944,7874.0,0.17781723370198677,395.576758,1067.65776,736.0,0,1422.29150390625,1640.0,0.0,69.0,0.0,0.0,0.0,0.0,0.0,0.0
head_tail,False,real_source,beginning,512,21,1.0,0,0.9664596273291925,0.0874241344343812,0.9047619047619048,0.9047619047619048,0.9047619047619048,0.9047619047619048,0.9047619047619048,0.9047619047619048,0.9047619047619048,0.9047619047619048,0.9047619047619048,0.9246376811594204,0.9047619047619048,0.9047619047619048,0.9047619047619048,0.9047619047619048,0.9047619047619048,0.9047619047619048,,,0.0,0.0,16.76953125,8074.0,1.8888926592438122,3.646379,7.675743,512.0,0,0.0,0.0,0.0,,0.0,0.39688849340646515,0.39688849340646515,0.3846933714552456,0.38875841210565215,0.3846933714552456
naive_first_n,False,real_source,beginning,512,21,1.0,0,0.9714285714285713,0.08310595658189733,0.9523809523809523,0.9523809523809523,0.9523809523809523,0.9523809523809523,0.9523809523809523,0.9523809523809523,0.9523809523809523,0.9523809523809523,0.9523809523809523,0.9619047619047618,0.9523809523809523,0.9523809523809523,0.9523809523809523,0.9523809523809523,0.9523809523809523,0.9523809523809523,,,0.0,0.0,16.76953125,8074.0,1.8973214285714286,3.332727,6.38686,512.0,0,0.0,0.0,0.0,49.0,0.0,0.2898967207375423,0.2898967207375423,0.2898967207375423,0.2898967207375423,0.2898967207375423
llmlingua_queryless,False,real_source,beginning,512,21,1.0,0,0.3816318612664878,0.07727042210671459,0.047619047619047616,0.047619047619047616,0.047619047619047616,0.047619047619047616,0.0,0.0,0.0,0.0,0.0,0.20836925335120232,0.0,0.0,0.0,0.0,0.0,0.0,,,0.0,0.0,48.38364779874214,8448.0,1.5917655803320125,900.897529,2115.051362,226.0,0,1193.369140625,1380.0,0.0,,0.0,0.015151515151515152,0.015151515151515152,0.0,0.0,0.0
trimwise_structural,False,real_source,beginning,512,21,1.0,0,0.6056288110742463,0.05090341863325699,0.2857142857142857,0.2857142857142857,0.2857142857142857,0.2857142857142857,0.14285714285714285,0.14285714285714285,0.14285714285714285,0.14285714285714285,0.14285714285714285,0.3874154509448047,0.14285714285714285,0.14285714285714285,0.14285714285714285,0.14285714285714285,0.14285714285714285,0.14285714285714285,,,0.0,0.0,16.76953125,8074.0,1.1840929938615845,103.605106,317.35309,512.0,0,0.0,0.0,0.0,,0.0,0.06929046563192905,0.06929046563192905,0.04249815225424982,0.04249815225424982,0.04249815225424982
llmlingua2,False,real_source,beginning,512,21,1.0,0,0.11094027979643994,0.013940351194948747,0.0,0.0,0.0,0.0,0.0,0.0,0.0,0.0,0.0,0.08203356559560811,0.0,0.0,0.0,0.0,0.0,0.0,,,0.0,0.7619047619047619,8.965355805243446,7874.0,0.2182172641284016,395.955766,1064.452224,736.0,0,1422.29150390625,1640.0,0.0,69.0,0.0,0.0,0.0,0.0,0.0,0.0
llmlingua_queryless,False,real_source,beginning,1024,21,1.0,0,0.48835806759875133,0.06478293123675206,0.14285714285714285,0.14285714285714285,0.14285714285714285,0.14285714285714285,0.0,0.0,0.0,0.0,0.0,0.30865141725344586,0.047619047619047616,0.047619047619047616,0.047619047619047616,0.0,0.0,0.0,,,0.0,0.0,29.006756756756758,8290.0,1.2174146740129284,913.123539,2305.224608,373.0,0,1193.369140625,1380.0,0.0,,0.0,0.29327615046485395,0.29327615046485395,0.09580561714708057,0.14696021511650523,0.09580561714708057
head_tail,False,real_source,beginning,1024,21,1.0,0,0.980952380952381,0.04410759177274467,0.9523809523809523,0.9523809523809523,0.9523809523809523,0.9523809523809523,0.9523809523809523,0.9523809523809523,0.9523809523809523,0.9523809523809523,0.9523809523809523,0.9619047619047618,0.9523809523809523,0.9523809523809523,0.9523809523809523,0.9523809523809523,0.9523809523809523,0.9523809523809523,,,0.0,0.0,8.384765625,7562.0,0.9583977900470705,4.39046,8.32919,1024.0,0,0.0,0.0,0.0,,0.0,0.42072441358384877,0.42072441358384877,0.4166593729334423,0.4166593729334423,0.4166593729334423
naive_first_n,False,real_source,beginning,1024,21,1.0,0,0.9714285714285713,0.04338695072773175,0.9523809523809523,0.9523809523809523,0.9523809523809523,0.9523809523809523,0.9523809523809523,0.9523809523809523,0.9523809523809523,0.9523809523809523,0.9523809523809523,0.9619047619047618,0.9523809523809523,0.9523809523809523,0.9523809523809523,0.9523809523809523,0.9523809523809523,0.9523809523809523,,,0.0,0.0,8.384765625,7562.0,0.9486607142857143,2.850266,5.209561,1024.0,0,0.0,0.0,0.0,,0.0,0.5197635857937527,0.5197635857937527,0.5197635857937527,0.5197635857937527,0.5197635857937527
trimwise_structural,False,real_source,beginning,1024,21,1.0,0,0.7495963592156285,0.0319721156408099,0.5238095238095238,0.5238095238095238,0.5238095238095238,0.5238095238095238,0.2857142857142857,0.2857142857142857,0.2857142857142857,0.2857142857142857,0.2857142857142857,0.4961197351663303,0.2857142857142857,0.2857142857142857,0.2857142857142857,0.2857142857142857,0.2857142857142857,0.2857142857142857,,,0.0,0.0,8.392961876832844,7563.0,0.732801573357245,211.327642,485.271044,1023.0,0,0.0,0.0,0.0,,0.0,0.15467941611234293,0.15467941611234293,0.10460550628233556,0.10867054693274204,0.10867054693274204
llmlingua2,False,real_source,beginning,1024,21,1.0,0,0.22887635826384717,0.01168483050802296,0.09523809523809523,0.0,0.0,0.09523809523809523,0.0,0.0,0.0,0.0,0.0,0.17553115123512586,0.047619047619047616,0.047619047619047616,0.0,0.0,0.0,0.0,,,0.0,0.8095238095238095,7.440038684719536,7834.0,0.21290730908201744,391.944274,1149.674717,1119.0,1,1422.29150390625,1640.0,4114.429081964772,70.0,0.0,0.02032520325203252,0.02032520325203252,0.0,0.012195121951219511,0.0
llmlingua,True,real_source,end,128,1,1.0,0,0.5,0.058823529411764705,0.0,0.0,0.0,0.0,0.0,0.0,0.0,0.0,0.0,0.5,0.0,0.0,0.0,0.0,0.0,0.0,,,0.0,1.0,2.2448979591836733,183.0,3.401360544217687,38.259389,38.259389,147.0,0,865.458984375,962.0,0.0,,0.0,0.0,0.0,0.0,0.0,0.0
trimwise_hybrid,True,real_source,end,128,1,1.0,0,0.25,0.0425531914893617,0.0,0.0,0.0,0.0,0.0,0.0,0.0,0.0,0.0,0.25,0.0,0.0,0.0,0.0,0.0,0.0,,,0.0,0.0,3.0,220.0,2.272727272727273,6.776746,6.776746,110.0,0,0.0,0.0,0.0,,0.0,0.5121581670362159,0.5121581670362159,0.5040280857354028,0.5121581670362159,0.5121581670362159
trimwise_lexical,True,real_source,end,128,1,1.0,0,0.25,0.0425531914893617,0.0,0.0,0.0,0.0,0.0,0.0,0.0,0.0,0.0,0.25,0.0,0.0,0.0,0.0,0.0,0.0,,,0.0,0.0,3.0,220.0,2.272727272727273,1.594103,1.594103,110.0,0,0.0,0.0,0.0,,0.0,0.5000554323725056,0.5000554323725056,0.49192535107169255,0.5000554323725056,0.5000554323725056
longllmlingua,True,real_source,end,128,1,1.0,0,0.25,0.027777777777777776,0.0,0.0,0.0,0.0,0.0,0.0,0.0,0.0,0.0,0.25,0.0,0.0,0.0,0.0,0.0,0.0,,,0.0,1.0,1.907514450867052,157.0,1.4450867052023122,81.186242,81.186242,173.0,0,874.9462890625,974.0,0.0,,0.0,0.0,0.0,0.0,0.0,0.0
bm25_128_32_source_order,True,real_source,end,128,1,1.0,0,0.0,0.0,0.0,0.0,0.0,0.0,0.0,0.0,0.0,0.0,0.0,0.0,0.0,0.0,0.0,0.0,0.0,0.0,,,0.0,0.0,2.578125,202.0,0.0,0.582995,0.582995,128.0,0,0.0,0.0,0.0,34.0,0.0,0.5392276422764227,0.5392276422764227,0.42703057532967675,0.5275868440502587,0.45741140545376746
embedding_mmr_source_order,True,real_source,end,128,1,1.0,0,0.0,0.0,0.0,0.0,0.0,0.0,0.0,0.0,0.0,0.0,0.0,0.0,0.0,0.0,0.0,0.0,0.0,0.0,,,0.0,0.0,2.578125,202.0,0.0,4.384433,4.384433,128.0,0,0.0,0.0,0.0,43.0,0.0,0.41471389115805035,0.41471389115805035,0.3195841599564321,0.40307309293188626,0.35044151398451784
embedding_topk_source_order,True,real_source,end,128,1,1.0,0,0.0,0.0,0.0,0.0,0.0,0.0,0.0,0.0,0.0,0.0,0.0,0.0,0.0,0.0,0.0,0.0,0.0,0.0,,,0.0,0.0,2.578125,202.0,0.0,6.919159,6.919159,128.0,0,0.0,0.0,0.0,40.0,0.0,0.41471389115805035,0.41471389115805035,0.3195841599564321,0.40307309293188626,0.35044151398451784
recomp_extractive,True,real_source,end,128,1,1.0,0,0.0,0.0,0.0,0.0,0.0,0.0,0.0,0.0,0.0,0.0,0.0,0.0,0.0,0.0,0.0,0.0,0.0,0.0,,,0.0,0.0,3.267326732673267,229.0,0.0,24.050707,24.050707,101.0,0,456.88818359375,518.0,0.0,,0.0,0.319176926518069,0.319176926518069,0.29478668261563,0.29885172326603654,0.29885172326603654
trimwise_hybrid,True,real_source,end,256,1,1.0,0,1.0,0.06451612903225806,1.0,1.0,1.0,1.0,1.0,1.0,1.0,1.0,1.0,1.0,1.0,1.0,1.0,1.0,1.0,1.0,,,0.0,0.0,1.2890625,74.0,3.90625,7.558816,7.558816,256.0,0,686.13623046875,790.0,0.0,46.0,0.0,0.6120750184774575,0.6120750184774575,0.6039449371766445,0.6120750184774575,0.6120750184774575
trimwise_lexical,True,real_source,end,256,1,1.0,0,1.0,0.06451612903225806,1.0,1.0,1.0,1.0,1.0,1.0,1.0,1.0,1.0,1.0,1.0,1.0,1.0,1.0,1.0,1.0,,,0.0,0.0,1.2890625,74.0,3.90625,2.187432,2.187432,256.0,0,686.13623046875,790.0,0.0,46.0,0.0,0.6009885439763488,0.6009885439763488,0.5928584626755359,0.6009885439763488,0.6009885439763488
longllmlingua,True,real_source,end,256,1,1.0,0,0.5,0.039999999999999994,0.0,0.0,0.0,0.0,0.0,0.0,0.0,0.0,0.0,0.25,0.0,0.0,0.0,0.0,0.0,0.0,,,0.0,0.0,1.4410480349344978,101.0,2.183406113537118,85.502114,85.502114,229.0,0,874.9462890625,974.0,0.0,63.0,0.0,0.0,0.0,0.0,0.0,0.0
llmlingua,True,real_source,end,256,1,1.0,0,0.5,0.03883495145631068,0.0,0.0,0.0,0.0,0.0,0.0,0.0,0.0,0.0,0.25,0.0,0.0,0.0,0.0,0.0,0.0,,,0.0,0.0,1.4864864864864864,108.0,2.2522522522522523,40.559918,40.559918,222.0,0,1542.97021484375,1670.0,0.0,64.0,0.0,0.0,0.0,0.0,0.0,0.0
recomp_extractive,True,real_source,end,256,1,1.0,0,0.25,0.024390243902439022,0.0,0.0,0.0,0.0,0.0,0.0,0.0,0.0,0.0,0.25,0.0,0.0,0.0,0.0,0.0,0.0,,,0.0,0.0,1.8857142857142857,155.0,1.4285714285714286,25.668278,25.668278,175.0,0,456.88818359375,518.0,0.0,63.0,0.0,0.3650703115882834,0.3650703115882834,0.32848494573462483,0.34068006768584436,0.33661502703543783
bm25_128_32_source_order,True,real_source,end,256,1,1.0,0,0.25,0.016000000000000004,0.0,0.0,0.0,0.0,0.0,0.0,0.0,0.0,0.0,0.25,0.0,0.0,0.0,0.0,0.0,0.0,,,0.0,0.0,1.2890625,74.0,0.9765625,0.811368,0.811368,256.0,0,0.0,0.0,0.0,34.0,0.0,0.6116361788617887,0.6116361788617887,0.4953740712646361,0.595930339985218,0.5257549013887268
embedding_mmr_source_order,True,real_source,end,256,1,1.0,0,0.25,0.016000000000000004,0.0,0.0,0.0,0.0,0.0,0.0,0.0,0.0,0.0,0.25,0.0,0.0,0.0,0.0,0.0,0.0,,,0.0,0.0,1.2890625,74.0,0.9765625,4.478865,4.478865,256.0,0,0.0,0.0,0.0,43.0,0.0,0.521346812152332,0.521346812152332,0.4046081806511845,0.5056409732757614,0.43546553467927024
embedding_topk_source_order,True,real_source,end,256,1,1.0,0,0.25,0.016000000000000004,0.0,0.0,0.0,0.0,0.0,0.0,0.0,0.0,0.0,0.25,0.0,0.0,0.0,0.0,0.0,0.0,,,0.0,0.0,1.2890625,74.0,0.9765625,4.575435,4.575435,256.0,0,0.0,0.0,0.0,40.0,0.0,0.5088468121523321,0.5088468121523321,0.3921081806511845,0.49314097327576145,0.4229655346792702
longllmlingua,True,real_source,end,512,1,1.0,0,1.0,0.05555555555555556,1.0,1.0,1.0,1.0,1.0,1.0,1.0,1.0,1.0,1.0,1.0,1.0,1.0,1.0,1.0,1.0,,,0.0,0.0,1.03125,10.0,3.125,88.973886,88.973886,320.0,0,874.9462890625,966.0,0.0,,0.0,0.030303030303030304,0.030303030303030304,0.015151515151515152,0.007575757575757576,0.007575757575757576
llmlingua,True,real_source,end,512,1,1.0,0,1.0,0.05298013245033112,1.0,1.0,1.0,1.0,0.0,0.0,0.0,0.0,0.0,0.75,0.0,0.0,0.0,0.0,0.0,0.0,,,0.0,0.0,1.0248447204968945,8.0,3.1055900621118013,44.382371,44.382371,322.0,0,865.458984375,954.0,0.0,,0.0,0.015151515151515152,0.015151515151515152,0.0,0.0,0.0
recomp_extractive,True,real_source,end,512,1,1.0,0,1.0,0.05298013245033112,1.0,1.0,1.0,1.0,1.0,1.0,1.0,1.0,1.0,1.0,1.0,1.0,1.0,1.0,1.0,1.0,,,0.0,0.0,1.0,0.0,3.0303030303030303,0.116744,0.116744,330.0,0,427.8544921875,472.0,0.0,,0.0,0.41024153602780045,0.41024153602780045,0.34113584497088995,0.35739600757251594,0.3533309669221094
trimwise_hybrid,True,real_source,end,512,1,1.0,0,1.0,0.05298013245033112,1.0,1.0,1.0,1.0,1.0,1.0,1.0,1.0,1.0,1.0,1.0,1.0,1.0,1.0,1.0,1.0,,,0.0,0.0,1.0,0.0,3.0303030303030303,0.206555,0.206555,330.0,0,0.0,0.0,0.0,,0.0,0.6318458980044346,0.6318458980044346,0.6318458980044346,0.6318458980044346,0.6318458980044346
trimwise_lexical,True,real_source,end,512,1,1.0,0,1.0,0.05298013245033112,1.0,1.0,1.0,1.0,1.0,1.0,1.0,1.0,1.0,1.0,1.0,1.0,1.0,1.0,1.0,1.0,,,0.0,0.0,1.0,0.0,3.0303030303030303,0.168057,0.168057,330.0,0,0.0,0.0,0.0,,0.0,0.6091186252771619,0.6091186252771619,0.6050535846267554,0.6091186252771619,0.6091186252771619
bm25_128_32_source_order,True,real_source,end,512,1,1.0,0,1.0,0.04060913705583756,1.0,1.0,1.0,1.0,1.0,1.0,1.0,1.0,1.0,1.0,1.0,1.0,1.0,1.0,1.0,1.0,,,0.0,0.0,0.746606334841629,-112.0,2.262443438914027,0.655713,0.655713,442.0,0,0.0,0.0,0.0,34.0,0.0,0.6642045454545454,0.6642045454545454,0.5451015287664839,0.6642045454545454,0.5795473995409811
embedding_mmr_source_order,True,real_source,end,512,1,1.0,0,1.0,0.04060913705583756,1.0,1.0,1.0,1.0,1.0,1.0,1.0,1.0,1.0,1.0,1.0,1.0,1.0,1.0,1.0,1.0,,,0.0,0.0,0.746606334841629,-112.0,2.262443438914027,4.394717,4.394717,442.0,0,0.0,0.0,0.0,43.0,0.0,0.5505134788189987,0.5505134788189987,0.4309339382269421,0.5272318823666705,0.44663977710351266
embedding_topk_source_order,True,real_source,end,512,1,1.0,0,1.0,0.04060913705583756,1.0,1.0,1.0,1.0,1.0,1.0,1.0,1.0,1.0,1.0,1.0,1.0,1.0,1.0,1.0,1.0,,,0.0,0.0,0.746606334841629,-112.0,2.262443438914027,4.98414,4.98414,442.0,0,0.0,0.0,0.0,40.0,0.0,0.5566618528027386,0.5566618528027386,0.4510096958026997,0.5333802563504104,0.46320481775391914
llmlingua,True,real_source,end,1024,1,1.0,0,1.0,0.05298013245033112,1.0,1.0,1.0,1.0,1.0,1.0,1.0,1.0,1.0,1.0,1.0,1.0,1.0,1.0,1.0,1.0,,,0.0,0.0,1.0,0.0,3.0303030303030303,45.94824,45.94824,330.0,0,1542.97021484375,1664.0,0.0,65.0,0.0,0.29327615046485395,0.29327615046485395,0.09580561714708057,0.14696021511650523,0.09580561714708057
longllmlingua,True,real_source,end,1024,1,1.0,0,1.0,0.05298013245033112,1.0,1.0,1.0,1.0,1.0,1.0,1.0,1.0,1.0,1.0,1.0,1.0,1.0,1.0,1.0,1.0,,,0.0,0.0,1.0,0.0,3.0303030303030303,94.931851,94.931851,330.0,0,874.9462890625,966.0,0.0,63.0,0.0,0.10446570972886764,0.10446570972886764,0.015151515151515152,0.05143540669856459,0.007575757575757576
recomp_extractive,True,real_source,end,1024,1,1.0,0,1.0,0.05298013245033112,1.0,1.0,1.0,1.0,1.0,1.0,1.0,1.0,1.0,1.0,1.0,1.0,1.0,1.0,1.0,1.0,,,0.0,0.0,1.0,0.0,3.0303030303030303,0.223234,0.223234,330.0,0,427.8544921875,472.0,0.0,60.0,0.0,0.4618136597035827,0.4618136597035827,0.34448180456684946,0.3607419671684755,0.356676926518069
trimwise_hybrid,True,real_source,end,1024,1,1.0,0,1.0,0.05298013245033112,1.0,1.0,1.0,1.0,1.0,1.0,1.0,1.0,1.0,1.0,1.0,1.0,1.0,1.0,1.0,1.0,,,0.0,0.0,1.0,0.0,3.0303030303030303,0.272959,0.272959,330.0,0,686.13623046875,790.0,0.0,46.0,0.0,0.6481060606060606,0.6481060606060606,0.6481060606060606,0.6481060606060606,0.6481060606060606
trimwise_lexical,True,real_source,end,1024,1,1.0,0,1.0,0.05298013245033112,1.0,1.0,1.0,1.0,1.0,1.0,1.0,1.0,1.0,1.0,1.0,1.0,1.0,1.0,1.0,1.0,,,0.0,0.0,1.0,0.0,3.0303030303030303,0.439879,0.439879,330.0,0,686.13623046875,790.0,0.0,46.0,0.0,0.6329545454545454,0.6329545454545454,0.6329545454545454,0.6329545454545454,0.6329545454545454
bm25_128_32_source_order,True,real_source,end,1024,1,1.0,0,1.0,0.04060913705583756,1.0,1.0,1.0,1.0,1.0,1.0,1.0,1.0,1.0,1.0,1.0,1.0,1.0,1.0,1.0,1.0,,,0.0,0.0,0.746606334841629,-112.0,2.262443438914027,0.655266,0.655266,442.0,0,0.0,0.0,0.0,34.0,0.0,0.6079545454545454,0.6079545454545454,0.49926819543315054,0.6079545454545454,0.5337140662076477
embedding_mmr_source_order,True,real_source,end,1024,1,1.0,0,1.0,0.04060913705583756,1.0,1.0,1.0,1.0,1.0,1.0,1.0,1.0,1.0,1.0,1.0,1.0,1.0,1.0,1.0,1.0,,,0.0,0.0,0.746606334841629,-112.0,2.262443438914027,4.705284,4.705284,442.0,0,0.0,0.0,0.0,43.0,0.0,0.5929878048780488,0.5929878048780488,0.4761713735558408,0.5848577235772358,0.5106172443303381
embedding_topk_source_order,True,real_source,end,1024,1,1.0,0,1.0,0.04060913705583756,1.0,1.0,1.0,1.0,1.0,1.0,1.0,1.0,1.0,1.0,1.0,1.0,1.0,1.0,1.0,1.0,,,0.0,0.0,0.746606334841629,-112.0,2.262443438914027,6.128764,6.128764,442.0,0,0.0,0.0,0.0,40.0,0.0,0.5472560975609756,0.5472560975609756,0.43450470688917414,0.5431910569105691,0.4689505776636714
llmlingua_queryless,False,real_source,end,128,1,1.0,0,0.5,0.058823529411764705,0.0,0.0,0.0,0.0,0.0,0.0,0.0,0.0,0.0,0.5,0.0,0.0,0.0,0.0,0.0,0.0,,,0.0,1.0,2.2448979591836733,183.0,3.401360544217687,38.93549,38.93549,147.0,0,865.458984375,962.0,0.0,60.0,0.0,0.0,0.0,0.0,0.0,0.0
llmlingua2,False,real_source,end,128,1,1.0,0,0.5,0.04597701149425288,0.0,0.0,0.0,0.0,0.0,0.0,0.0,0.0,0.0,0.5,0.0,0.0,0.0,0.0,0.0,0.0,,,0.0,1.0,2.3076923076923075,187.0,3.4965034965034967,17.980949,17.980949,143.0,0,705.14453125,794.0,0.0,62.0,0.0,0.0,0.0,0.0,0.0,0.0
trimwise_structural,False,real_source,end,128,1,1.0,0,0.25,0.0425531914893617,0.0,0.0,0.0,0.0,0.0,0.0,0.0,0.0,0.0,0.25,0.0,0.0,0.0,0.0,0.0,0.0,,,0.0,0.0,3.0,220.0,2.272727272727273,1.770199,1.770199,110.0,0,0.0,0.0,0.0,,0.0,0.015151515151515152,0.015151515151515152,0.015151515151515152,0.015151515151515152,0.015151515151515152
head_tail,False,real_source,end,128,1,1.0,0,0.25,0.037735849056603765,0.0,0.0,0.0,0.0,0.0,0.0,0.0,0.0,0.0,0.25,0.0,0.0,0.0,0.0,0.0,0.0,,,0.0,0.0,2.578125,202.0,1.953125,0.411834,0.411834,128.0,0,0.0,0.0,0.0,,0.0,0.11363636363636363,0.11363636363636363,0.10606060606060606,0.10606060606060606,0.10606060606060606
naive_first_n,False,real_source,end,128,1,1.0,0,0.25,0.037037037037037035,0.0,0.0,0.0,0.0,0.0,0.0,0.0,0.0,0.0,0.25,0.0,0.0,0.0,0.0,0.0,0.0,,,0.0,0.0,2.578125,202.0,1.953125,0.318651,0.318651,128.0,0,0.0,0.0,0.0,,0.0,0.2357577702571284,0.2357577702571284,0.20944198078344423,0.2357577702571284,0.2357577702571284
head_tail,False,real_source,end,256,1,1.0,0,1.0,0.07999999999999999,1.0,1.0,1.0,1.0,1.0,1.0,1.0,1.0,1.0,1.0,1.0,1.0,1.0,1.0,1.0,1.0,,,0.0,0.0,1.2890625,74.0,3.90625,0.576727,0.576727,256.0,0,0.0,0.0,0.0,,0.0,0.27553049752985564,0.27553049752985564,0.24921470805617144,0.27553049752985564,0.24921470805617144
trimwise_structural,False,real_source,end,256,1,1.0,0,1.0,0.06451612903225806,1.0,1.0,1.0,1.0,1.0,1.0,1.0,1.0,1.0,1.0,1.0,1.0,1.0,1.0,1.0,1.0,,,0.0,0.0,1.2890625,74.0,3.90625,1.737898,1.737898,256.0,0,0.0,0.0,0.0,,0.0,0.03436807095343681,0.03436807095343681,0.03436807095343681,0.03436807095343681,0.03436807095343681
naive_first_n,False,real_source,end,256,1,1.0,0,1.0,0.0625,1.0,1.0,1.0,1.0,1.0,1.0,1.0,1.0,1.0,1.0,1.0,1.0,1.0,1.0,1.0,1.0,,,0.0,0.0,1.2890625,74.0,3.90625,0.445734,0.445734,256.0,0,0.0,0.0,0.0,,0.0,0.2741908818609717,0.2741908818609717,0.2701258412105652,0.2701258412105652,0.2701258412105652
llmlingua_queryless,False,real_source,end,256,1,1.0,0,0.5,0.03883495145631068,0.0,0.0,0.0,0.0,0.0,0.0,0.0,0.0,0.0,0.25,0.0,0.0,0.0,0.0,0.0,0.0,,,0.0,0.0,1.4864864864864864,108.0,2.2522522522522523,39.697356,39.697356,222.0,0,865.458984375,962.0,0.0,60.0,0.0,0.0,0.0,0.0,0.0,0.0
llmlingua2,False,real_source,end,256,1,1.0,0,0.5,0.021276595744680847,0.0,0.0,0.0,0.0,0.0,0.0,0.0,0.0,0.0,0.5,0.0,0.0,0.0,0.0,0.0,0.0,,,0.0,1.0,1.134020618556701,39.0,1.7182130584192439,18.116926,18.116926,291.0,0,705.14453125,794.0,0.0,62.0,0.0,0.0,0.0,0.0,0.0,0.0
llmlingua_queryless,False,real_source,end,512,1,1.0,0,1.0,0.05298013245033112,1.0,1.0,1.0,1.0,0.0,0.0,0.0,0.0,0.0,0.75,0.0,0.0,0.0,0.0,0.0,0.0,,,0.0,0.0,1.0248447204968945,8.0,3.1055900621118013,45.018955,45.018955,322.0,0,865.458984375,954.0,0.0,59.0,0.0,0.015151515151515152,0.015151515151515152,0.0,0.0,0.0
naive_first_n,False,real_source,end,512,1,1.0,0,1.0,0.05298013245033112,1.0,1.0,1.0,1.0,1.0,1.0,1.0,1.0,1.0,1.0,1.0,1.0,1.0,1.0,1.0,1.0,,,0.0,0.0,1.0,0.0,3.0303030303030303,0.076907,0.076907,330.0,0,0.0,0.0,0.0,,0.0,0.2898967207375423,0.2898967207375423,0.2898967207375423,0.2898967207375423,0.2898967207375423
trimwise_structural,False,real_source,end,512,1,1.0,0,1.0,0.05298013245033112,1.0,1.0,1.0,1.0,1.0,1.0,1.0,1.0,1.0,1.0,1.0,1.0,1.0,1.0,1.0,1.0,,,0.0,0.0,1.0,0.0,3.0303030303030303,0.165898,0.165898,330.0,0,0.0,0.0,0.0,,0.0,0.06929046563192905,0.06929046563192905,0.04249815225424982,0.04249815225424982,0.04249815225424982
head_tail,False,real_source,end,512,1,1.0,0,1.0,0.052631578947368425,1.0,1.0,1.0,1.0,1.0,1.0,1.0,1.0,1.0,1.0,1.0,1.0,1.0,1.0,1.0,1.0,,,0.0,0.0,0.9821428571428571,-6.0,2.9761904761904763,0.516405,0.516405,336.0,0,0.0,0.0,0.0,,0.0,0.39688849340646515,0.39688849340646515,0.3846933714552456,0.38875841210565215,0.3846933714552456
llmlingua2,False,real_source,end,512,1,1.0,0,0.5,0.015810276679841896,0.0,0.0,0.0,0.0,0.0,0.0,0.0,0.0,0.0,0.5,0.0,0.0,0.0,0.0,0.0,0.0,,,0.0,0.0,0.859375,-54.0,1.3020833333333333,1.561636,1.561636,384.0,0,686.13623046875,790.0,0.0,58.0,0.0,0.0,0.0,0.0,0.0,0.0
head_tail,False,real_source,end,1024,1,1.0,0,1.0,0.05298013245033112,1.0,1.0,1.0,1.0,1.0,1.0,1.0,1.0,1.0,1.0,1.0,1.0,1.0,1.0,1.0,1.0,,,0.0,0.0,1.0,0.0,3.0303030303030303,0.148707,0.148707,330.0,0,0.0,0.0,0.0,,0.0,0.42072441358384877,0.42072441358384877,0.4166593729334423,0.4166593729334423,0.4166593729334423
llmlingua_queryless,False,real_source,end,1024,1,1.0,0,1.0,0.05298013245033112,1.0,1.0,1.0,1.0,1.0,1.0,1.0,1.0,1.0,1.0,1.0,1.0,1.0,1.0,1.0,1.0,,,0.0,0.0,1.0,0.0,3.0303030303030303,43.020036,43.020036,330.0,0,865.458984375,954.0,0.0,59.0,0.0,0.29327615046485395,0.29327615046485395,0.09580561714708057,0.14696021511650523,0.09580561714708057
naive_first_n,False,real_source,end,1024,1,1.0,0,1.0,0.05298013245033112,1.0,1.0,1.0,1.0,1.0,1.0,1.0,1.0,1.0,1.0,1.0,1.0,1.0,1.0,1.0,1.0,,,0.0,0.0,1.0,0.0,3.0303030303030303,0.07276,0.07276,330.0,0,0.0,0.0,0.0,,0.0,0.5197635857937527,0.5197635857937527,0.5197635857937527,0.5197635857937527,0.5197635857937527
trimwise_structural,False,real_source,end,1024,1,1.0,0,1.0,0.05298013245033112,1.0,1.0,1.0,1.0,1.0,1.0,1.0,1.0,1.0,1.0,1.0,1.0,1.0,1.0,1.0,1.0,,,0.0,0.0,1.0,0.0,3.0303030303030303,0.154766,0.154766,330.0,0,0.0,0.0,0.0,,0.0,0.15467941611234293,0.15467941611234293,0.10460550628233556,0.10867054693274204,0.10867054693274204
llmlingua2,False,real_source,end,1024,1,1.0,0,0.5,0.015810276679841896,0.0,0.0,0.0,0.0,0.0,0.0,0.0,0.0,0.0,0.5,0.0,0.0,0.0,0.0,0.0,0.0,,,0.0,0.0,0.859375,-54.0,1.3020833333333333,1.48194,1.48194,384.0,0,686.13623046875,790.0,0.0,58.0,0.0,0.02032520325203252,0.02032520325203252,0.0,0.012195121951219511,0.0
recomp_extractive,True,structured,beginning,128,3,1.0,0,1.0,0.425,1.0,1.0,1.0,1.0,1.0,1.0,1.0,1.0,1.0,1.0,1.0,1.0,1.0,1.0,1.0,1.0,,,0.0,0.0,13.94488188976378,1644.0,7.874015748031496,166.072768,166.2182944,127.0,0,976.056640625,1072.0,0.0,,0.0,0.319176926518069,0.319176926518069,0.29478668261563,0.29885172326603654,0.29885172326603654
trimwise_lexical,True,structured,beginning,128,3,1.0,0,1.0,0.4047619047619048,1.0,1.0,1.0,1.0,1.0,1.0,1.0,1.0,1.0,1.0,1.0,1.0,1.0,1.0,1.0,1.0,,,0.0,0.0,14.055555555555555,1645.0,7.936507936507937,5.716866,5.954297700000001,126.0,0,0.0,0.0,0.0,,0.0,0.5000554323725056,0.5000554323725056,0.49192535107169255,0.5000554323725056,0.5000554323725056
trimwise_hybrid,True,structured,beginning,128,3,1.0,0,1.0,0.39534883720930236,1.0,1.0,1.0,1.0,1.0,1.0,1.0,1.0,1.0,1.0,1.0,1.0,1.0,1.0,1.0,1.0,,,0.0,0.0,14.055555555555555,1645.0,7.936507936507937,58.049724,58.278756,126.0,0,0.0,0.0,0.0,,0.0,0.5121581670362159,0.5121581670362159,0.5040280857354028,0.5121581670362159,0.5121581670362159
bm25_128_32_source_order,True,structured,beginning,128,3,1.0,0,0.9411764705882352,0.372093023255814,1.0,1.0,1.0,1.0,0.0,0.0,0.0,0.0,0.0,0.9411764705882352,1.0,1.0,1.0,1.0,1.0,1.0,,,0.0,0.0,13.8359375,1643.0,7.352941176470588,1.38129,1.4028936,128.0,0,0.0,0.0,0.0,36.0,0.0,0.5392276422764227,0.5392276422764227,0.42703057532967675,0.5275868440502587,0.45741140545376746
llmlingua,True,structured,beginning,128,3,1.0,0,0.37254901960784315,0.09692699158348013,0.0,0.0,0.0,0.0,0.0,0.0,0.0,0.0,0.0,0.1568627450980392,0.0,0.0,0.0,0.0,0.0,0.0,,,0.0,1.0,9.176165803108809,1578.0,1.9298148456540887,153.764454,155.2219086,193.0,0,1193.2041015625,1378.0,0.0,,0.0,0.0,0.0,0.0,0.0,0.0
longllmlingua,True,structured,beginning,128,3,1.0,0,0.39215686274509803,0.0896167233284766,0.0,0.0,0.0,0.0,0.0,0.0,0.0,0.0,0.0,0.1176470588235294,0.0,0.0,0.0,0.0,0.0,0.0,,,0.0,1.0,8.123853211009175,1553.0,1.776171022730989,297.660437,301.3701587,218.0,0,1193.2080078125,1402.0,0.0,,0.0,0.0,0.0,0.0,0.0,0.0
embedding_mmr_source_order,True,structured,beginning,128,3,1.0,0,0.2352941176470588,0.08888888888888889,0.0,0.0,0.0,0.0,0.0,0.0,0.0,0.0,0.0,0.1176470588235294,0.0,0.0,0.0,0.0,0.0,0.0,,,0.0,0.0,13.8359375,1643.0,1.838235294117647,12.471877,16.2262324,128.0,0,0.0,0.0,0.0,43.0,0.0,0.41471389115805035,0.41471389115805035,0.3195841599564321,0.40307309293188626,0.35044151398451784
embedding_topk_source_order,True,structured,beginning,128,3,1.0,0,0.2352941176470588,0.08888888888888889,0.0,0.0,0.0,0.0,0.0,0.0,0.0,0.0,0.0,0.1176470588235294,0.0,0.0,0.0,0.0,0.0,0.0,,,0.0,0.0,13.8359375,1643.0,1.838235294117647,15.245848,16.6762909,128.0,0,0.0,0.0,0.0,38.0,0.0,0.41471389115805035,0.41471389115805035,0.3195841599564321,0.40307309293188626,0.35044151398451784
trimwise_lexical,True,structured,beginning,256,3,1.0,0,1.0,0.22818791946308722,1.0,1.0,1.0,1.0,1.0,1.0,1.0,1.0,1.0,1.0,1.0,1.0,1.0,1.0,1.0,1.0,,,0.0,0.0,6.9450980392156865,1516.0,3.9215686274509802,6.751376,6.8332301,255.0,0,686.13623046875,790.0,0.0,53.0,0.0,0.6009885439763488,0.6009885439763488,0.5928584626755359,0.6009885439763488,0.6009885439763488
recomp_extractive,True,structured,beginning,256,3,1.0,0,1.0,0.22774252984058319,1.0,1.0,1.0,1.0,1.0,1.0,1.0,1.0,1.0,1.0,1.0,1.0,1.0,1.0,1.0,1.0,,,0.0,0.0,6.9450980392156865,1516.0,3.9267959324704846,170.214578,188.81569879999998,255.0,0,487.962890625,564.0,0.0,61.0,0.0,0.3650703115882834,0.3650703115882834,0.32848494573462483,0.34068006768584436,0.33661502703543783
bm25_128_32_source_order,True,structured,beginning,256,3,1.0,0,1.0,0.21656050955414016,1.0,1.0,1.0,1.0,0.0,0.0,0.0,0.0,0.0,0.9411764705882352,1.0,1.0,1.0,1.0,1.0,1.0,,,0.0,0.0,6.9450980392156865,1516.0,3.9215686274509802,1.625094,1.6506792,255.0,0,0.0,0.0,0.0,36.0,0.0,0.6116361788617887,0.6116361788617887,0.4953740712646361,0.595930339985218,0.5257549013887268
trimwise_hybrid,True,structured,beginning,256,3,1.0,0,1.0,0.21383647798742136,1.0,1.0,1.0,1.0,1.0,1.0,1.0,1.0,1.0,1.0,1.0,1.0,1.0,1.0,1.0,1.0,,,0.0,0.0,6.97244094488189,1517.0,3.937007874015748,61.841761,61.8558199,254.0,0,686.13623046875,790.0,0.0,45.0,0.0,0.6120750184774575,0.6120750184774575,0.6039449371766445,0.6120750184774575,0.6120750184774575
llmlingua,True,structured,beginning,256,3,1.0,0,0.411764705882353,0.07142981102371966,0.0,0.0,0.0,0.0,0.0,0.0,0.0,0.0,0.0,0.1176470588235294,0.0,0.0,0.0,0.0,0.0,0.0,,,0.0,1.0,6.044368600682594,1478.0,1.4037469367724338,156.224859,159.2171358,293.0,0,1870.71533203125,2088.0,0.0,63.0,0.0,0.0,0.0,0.0,0.0,0.0
longllmlingua,True,structured,beginning,256,3,1.0,0,0.45098039215686275,0.0694284155058733,0.0,0.0,0.0,0.0,0.0,0.0,0.0,0.0,0.0,0.1372549019607843,0.0,0.0,0.0,0.0,0.0,0.0,,,0.0,1.0,5.193548387096774,1430.0,1.3333000014823204,320.555405,346.4055209,341.0,0,1193.2080078125,1380.0,0.0,68.0,0.0,0.0,0.0,0.0,0.0,0.0
embedding_topk_source_order,True,structured,beginning,256,3,1.0,0,0.3137254901960784,0.06464646464646466,0.0,0.0,0.0,0.0,0.0,0.0,0.0,0.0,0.0,0.1176470588235294,0.0,0.0,0.0,0.0,0.0,0.0,,,0.0,0.0,6.91796875,1515.0,1.2254901960784315,14.423697,14.9174964,256.0,0,0.0,0.0,0.0,38.0,0.0,0.5088468121523321,0.5088468121523321,0.3921081806511845,0.49314097327576145,0.4229655346792702
embedding_mmr_source_order,True,structured,beginning,256,3,1.0,0,0.29411764705882354,0.05681818181818182,0.0,0.0,0.0,0.0,0.0,0.0,0.0,0.0,0.0,0.1176470588235294,0.0,0.0,0.0,0.0,0.0,0.0,,,0.0,0.0,6.9450980392156865,1516.0,1.1534025374855825,14.897039,18.6897749,255.0,0,0.0,0.0,0.0,43.0,0.0,0.521346812152332,0.521346812152332,0.4046081806511845,0.5056409732757614,0.43546553467927024
trimwise_lexical,True,structured,beginning,512,3,1.0,0,1.0,0.1708542713567839,1.0,1.0,1.0,1.0,1.0,1.0,1.0,1.0,1.0,1.0,1.0,1.0,1.0,1.0,1.0,1.0,,,0.0,0.0,5.3343373493975905,1439.0,3.0120481927710845,7.037081,7.4599496,332.0,0,0.0,0.0,0.0,,0.0,0.6091186252771619,0.6091186252771619,0.6050535846267554,0.6091186252771619,0.6091186252771619
trimwise_hybrid,True,structured,beginning,512,3,1.0,0,1.0,0.16748768472906406,1.0,1.0,1.0,1.0,1.0,1.0,1.0,1.0,1.0,1.0,1.0,1.0,1.0,1.0,1.0,1.0,,,0.0,0.0,5.432515337423313,1445.0,3.067484662576687,58.724069,59.728875800000004,326.0,0,0.0,0.0,0.0,,0.0,0.6318458980044346,0.6318458980044346,0.6318458980044346,0.6318458980044346,0.6318458980044346
recomp_extractive,True,structured,beginning,512,3,1.0,0,1.0,0.10771603949093385,1.0,1.0,1.0,1.0,1.0,1.0,1.0,1.0,1.0,1.0,1.0,1.0,1.0,1.0,1.0,1.0,,,0.0,0.0,3.4657534246575343,1260.0,1.9582362348887667,174.621612,176.6801766,511.0,0,976.056640625,1072.0,0.0,,0.0,0.41024153602780045,0.41024153602780045,0.34113584497088995,0.35739600757251594,0.3533309669221094
bm25_128_32_source_order,True,structured,beginning,512,3,1.0,0,1.0,0.10089020771513352,1.0,1.0,1.0,1.0,0.0,0.0,0.0,0.0,0.0,0.9411764705882352,1.0,1.0,1.0,1.0,1.0,1.0,,,0.0,0.0,3.479371316306483,1262.0,1.9646365422396856,1.811251,2.0757691,509.0,0,0.0,0.0,0.0,36.0,0.0,0.6642045454545454,0.6642045454545454,0.5451015287664839,0.6642045454545454,0.5795473995409811
longllmlingua,True,structured,beginning,512,3,1.0,0,0.6862745098039217,0.06133559970654523,0.0,0.0,0.0,0.0,0.0,0.0,0.0,0.0,0.0,0.3333333333333333,0.0,0.0,0.0,0.0,0.0,0.0,,,0.0,1.0,3.058721934369603,1192.0,1.1715569815555258,338.592438,341.4969585,579.0,0,1193.2080078125,1334.0,0.0,,0.0,0.030303030303030304,0.030303030303030304,0.015151515151515152,0.007575757575757576,0.007575757575757576
llmlingua,True,structured,beginning,512,3,1.0,0,0.5882352941176471,0.060121086768697894,0.0,0.0,0.0,0.0,0.0,0.0,0.0,0.0,0.0,0.2352941176470588,0.0,0.0,0.0,0.0,0.0,0.0,,,0.0,0.0,3.689583333333333,1291.0,1.2255043802389907,169.303091,169.9201463,480.0,0,1193.2041015625,1332.0,0.0,,0.0,0.015151515151515152,0.015151515151515152,0.0,0.0,0.0
embedding_topk_source_order,True,structured,beginning,512,3,1.0,0,0.3137254901960784,0.032128514056224904,0.0,0.0,0.0,0.0,0.0,0.0,0.0,0.0,0.0,0.1176470588235294,0.0,0.0,0.0,0.0,0.0,0.0,,,0.0,0.0,3.458984375,1259.0,0.6127450980392157,12.623141,13.6189145,512.0,0,0.0,0.0,0.0,38.0,0.0,0.5566618528027386,0.5566618528027386,0.4510096958026997,0.5333802563504104,0.46320481775391914
embedding_mmr_source_order,True,structured,beginning,512,3,1.0,0,0.3137254901960784,0.03199624846692158,0.0,0.0,0.0,0.0,0.0,0.0,0.0,0.0,0.0,0.1176470588235294,0.0,0.0,0.0,0.0,0.0,0.0,,,0.0,0.0,3.458984375,1259.0,0.6127450980392157,15.490895,19.0913009,512.0,0,0.0,0.0,0.0,43.0,0.0,0.5505134788189987,0.5505134788189987,0.4309339382269421,0.5272318823666705,0.44663977710351266
trimwise_lexical,True,structured,beginning,1024,3,1.0,0,1.0,0.1708542713567839,1.0,1.0,1.0,1.0,1.0,1.0,1.0,1.0,1.0,1.0,1.0,1.0,1.0,1.0,1.0,1.0,,,0.0,0.0,5.3343373493975905,1439.0,3.0120481927710845,7.144572,7.1525622,332.0,0,686.13623046875,790.0,0.0,53.0,0.0,0.6329545454545454,0.6329545454545454,0.6329545454545454,0.6329545454545454,0.6329545454545454
trimwise_hybrid,True,structured,beginning,1024,3,1.0,0,1.0,0.16748768472906406,1.0,1.0,1.0,1.0,1.0,1.0,1.0,1.0,1.0,1.0,1.0,1.0,1.0,1.0,1.0,1.0,,,0.0,0.0,5.432515337423313,1445.0,3.067484662576687,59.832667,60.180013900000006,326.0,0,686.13623046875,790.0,0.0,45.0,0.0,0.6481060606060606,0.6481060606060606,0.6481060606060606,0.6481060606060606,0.6481060606060606
llmlingua,True,structured,beginning,1024,3,1.0,0,0.8627450980392156,0.05842951251646903,1.0,1.0,1.0,1.0,0.0,0.0,0.0,0.0,0.0,0.7647058823529411,0.3333333333333333,0.3333333333333333,0.3333333333333333,0.0,0.0,0.0,,,0.0,0.0,2.267605633802817,990.0,1.1017322813860086,186.463776,186.5927757,781.0,0,1870.71533203125,2042.0,0.0,63.0,0.0,0.29327615046485395,0.29327615046485395,0.09580561714708057,0.14696021511650523,0.09580561714708057
embedding_mmr_source_order,True,structured,beginning,1024,3,1.0,0,1.0,0.05206738131699847,1.0,1.0,1.0,1.0,0.0,0.0,0.0,0.0,0.0,0.9411764705882352,1.0,1.0,1.0,1.0,1.0,1.0,,,0.0,0.0,1.7294921875,747.0,0.9765625,13.336961,15.0591362,1024.0,0,0.0,0.0,0.0,43.0,0.0,0.5929878048780488,0.5929878048780488,0.4761713735558408,0.5848577235772358,0.5106172443303381
embedding_topk_source_order,True,structured,beginning,1024,3,1.0,0,1.0,0.05167173252279635,1.0,1.0,1.0,1.0,0.0,0.0,0.0,0.0,0.0,0.9411764705882352,1.0,1.0,1.0,1.0,1.0,1.0,,,0.0,0.0,1.7294921875,747.0,0.9765625,13.950403,13.976512,1024.0,0,0.0,0.0,0.0,38.0,0.0,0.5472560975609756,0.5472560975609756,0.43450470688917414,0.5431910569105691,0.4689505776636714
recomp_extractive,True,structured,beginning,1024,3,1.0,0,1.0,0.05082212257100149,1.0,1.0,1.0,1.0,1.0,1.0,1.0,1.0,1.0,1.0,1.0,1.0,1.0,1.0,1.0,1.0,,,0.0,0.0,1.7328767123287672,749.0,0.9784735812133073,177.928051,190.677757,1022.0,0,487.962890625,564.0,0.0,60.0,0.0,0.4618136597035827,0.4618136597035827,0.34448180456684946,0.3607419671684755,0.356676926518069
bm25_128_32_source_order,True,structured,beginning,1024,3,1.0,0,1.0,0.04978038067349927,1.0,1.0,1.0,1.0,0.0,0.0,0.0,0.0,0.0,0.9411764705882352,1.0,1.0,1.0,1.0,1.0,1.0,,,0.0,0.0,1.7345739471106758,750.0,0.9794319294809011,1.936589,2.1051455,1021.0,0,0.0,0.0,0.0,36.0,0.0,0.6079545454545454,0.6079545454545454,0.49926819543315054,0.6079545454545454,0.5337140662076477
longllmlingua,True,structured,beginning,1024,3,1.0,0,0.7647058823529411,0.0394102455098039,0.0,0.0,0.0,0.0,0.0,0.0,0.0,0.0,0.0,0.3333333333333333,0.0,0.0,0.0,0.0,0.0,0.0,,,0.0,0.0,1.8034623217922607,789.0,0.7832303745538681,390.50426,392.7966374,982.0,0,1193.2080078125,1334.0,0.0,68.0,0.0,0.10446570972886764,0.10446570972886764,0.015151515151515152,0.05143540669856459,0.007575757575757576
naive_first_n,False,structured,beginning,128,3,1.0,0,0.9411764705882352,0.372093023255814,1.0,1.0,1.0,1.0,0.0,0.0,0.0,0.0,0.0,0.9411764705882352,1.0,1.0,1.0,1.0,1.0,1.0,,,0.0,0.0,13.8359375,1643.0,7.352941176470588,0.504581,0.5488367,128.0,0,0.0,0.0,0.0,,0.0,0.2357577702571284,0.2357577702571284,0.20944198078344423,0.2357577702571284,0.2357577702571284
llmlingua_queryless,False,structured,beginning,128,3,1.0,0,0.37254901960784315,0.09692699158348013,0.0,0.0,0.0,0.0,0.0,0.0,0.0,0.0,0.0,0.1568627450980392,0.0,0.0,0.0,0.0,0.0,0.0,,,0.0,1.0,9.176165803108809,1578.0,1.9298148456540887,151.680935,152.8349978,193.0,0,1193.2041015625,1378.0,0.0,53.0,0.0,0.0,0.0,0.0,0.0,0.0
llmlingua2,False,structured,beginning,128,3,1.0,0,0.1176470588235294,0.03418803418803419,0.0,0.0,0.0,0.0,0.0,0.0,0.0,0.0,0.0,0.1176470588235294,0.0,0.0,0.0,0.0,0.0,0.0,,,0.0,1.0,5.622222222222222,1456.0,0.3734827264239029,80.482998,85.8161325,315.0,0,774.033203125,850.0,0.0,62.0,0.0,0.0,0.0,0.0,0.0,0.0
trimwise_structural,False,structured,beginning,128,3,1.0,0,0.0392156862745098,0.014336917562724013,0.0,0.0,0.0,0.0,0.0,0.0,0.0,0.0,0.0,0.0392156862745098,0.0,0.0,0.0,0.0,0.0,0.0,,,0.0,0.0,14.168,1646.0,0.3137254901960784,11.692391,11.8506965,125.0,0,0.0,0.0,0.0,,0.0,0.015151515151515152,0.015151515151515152,0.015151515151515152,0.015151515151515152,0.015151515151515152
head_tail,False,structured,beginning,128,3,1.0,0,0.0392156862745098,0.01346801346801347,0.0,0.0,0.0,0.0,0.0,0.0,0.0,0.0,0.0,0.0392156862745098,0.0,0.0,0.0,0.0,0.0,0.0,,,0.0,0.0,13.8359375,1643.0,0.3063725490196078,0.747336,0.7770531,128.0,0,0.0,0.0,0.0,,0.0,0.11363636363636363,0.11363636363636363,0.10606060606060606,0.10606060606060606,0.10606060606060606
head_tail,False,structured,beginning,256,3,1.0,0,0.9411764705882352,0.20253164556962025,1.0,1.0,1.0,1.0,0.0,0.0,0.0,0.0,0.0,0.8823529411764706,1.0,1.0,1.0,0.0,0.0,0.0,,,0.0,0.0,6.9450980392156865,1516.0,3.6908881199538635,0.876544,0.9096091,255.0,0,0.0,0.0,0.0,,0.0,0.27553049752985564,0.27553049752985564,0.24921470805617144,0.27553049752985564,0.24921470805617144
naive_first_n,False,structured,beginning,256,3,1.0,0,1.0,0.1942857142857143,1.0,1.0,1.0,1.0,1.0,1.0,1.0,1.0,1.0,1.0,1.0,1.0,1.0,1.0,1.0,1.0,,,0.0,0.0,6.91796875,1515.0,3.90625,0.641644,0.6723376,256.0,0,0.0,0.0,0.0,,0.0,0.2741908818609717,0.2741908818609717,0.2701258412105652,0.2701258412105652,0.2701258412105652
llmlingua_queryless,False,structured,beginning,256,3,1.0,0,0.411764705882353,0.07142981102371966,0.0,0.0,0.0,0.0,0.0,0.0,0.0,0.0,0.0,0.1176470588235294,0.0,0.0,0.0,0.0,0.0,0.0,,,0.0,1.0,6.044368600682594,1478.0,1.4037469367724338,154.699483,158.7543889,293.0,0,1193.2041015625,1380.0,0.0,53.0,0.0,0.0,0.0,0.0,0.0,0.0
llmlingua2,False,structured,beginning,256,3,1.0,0,0.17647058823529413,0.04918032786885246,0.0,0.0,0.0,0.0,0.0,0.0,0.0,0.0,0.0,0.1176470588235294,0.0,0.0,0.0,0.0,0.0,0.0,,,0.0,1.0,5.551724137931035,1452.0,0.5531993361607966,82.527379,84.7443796,319.0,0,774.033203125,850.0,0.0,62.0,0.0,0.0,0.0,0.0,0.0,0.0
trimwise_structural,False,structured,beginning,256,3,1.0,0,0.1176470588235294,0.023668639053254434,0.0,0.0,0.0,0.0,0.0,0.0,0.0,0.0,0.0,0.0784313725490196,0.0,0.0,0.0,0.0,0.0,0.0,,,0.0,0.0,7.0,1518.0,0.4650081376424087,24.332573,24.359915,253.0,0,0.0,0.0,0.0,,0.0,0.03436807095343681,0.03436807095343681,0.03436807095343681,0.03436807095343681,0.03436807095343681
head_tail,False,structured,beginning,512,3,1.0,0,1.0,0.10240963855421686,1.0,1.0,1.0,1.0,1.0,1.0,1.0,1.0,1.0,1.0,1.0,1.0,1.0,1.0,1.0,1.0,,,0.0,0.0,3.458984375,1259.0,1.953125,1.210592,1.2336923,512.0,0,0.0,0.0,0.0,,0.0,0.39688849340646515,0.39688849340646515,0.3846933714552456,0.38875841210565215,0.3846933714552456
naive_first_n,False,structured,beginning,512,3,1.0,0,1.0,0.09444444444444446,1.0,1.0,1.0,1.0,1.0,1.0,1.0,1.0,1.0,1.0,1.0,1.0,1.0,1.0,1.0,1.0,,,0.0,0.0,3.458984375,1259.0,1.953125,0.919995,0.9248900999999999,512.0,0,0.0,0.0,0.0,,0.0,0.2898967207375423,0.2898967207375423,0.2898967207375423,0.2898967207375423,0.2898967207375423
llmlingua_queryless,False,structured,beginning,512,3,1.0,0,0.5882352941176471,0.060121086768697894,0.0,0.0,0.0,0.0,0.0,0.0,0.0,0.0,0.0,0.2352941176470588,0.0,0.0,0.0,0.0,0.0,0.0,,,0.0,0.0,3.689583333333333,1291.0,1.2255043802389907,168.665331,168.804993,480.0,0,1193.2041015625,1332.0,0.0,51.0,0.0,0.015151515151515152,0.015151515151515152,0.0,0.0,0.0
llmlingua2,False,structured,beginning,512,3,1.0,0,0.35294117647058826,0.03715170278637771,0.0,0.0,0.0,0.0,0.0,0.0,0.0,0.0,0.0,0.1176470588235294,0.0,0.0,0.0,0.0,0.0,0.0,,,0.0,1.0,3.316479400749064,1237.0,0.6609385327164574,83.907213,86.3345562,534.0,0,774.033203125,850.0,0.0,62.0,0.0,0.0,0.0,0.0,0.0,0.0
trimwise_structural,False,structured,beginning,512,3,1.0,0,0.17647058823529413,0.018518518518518514,0.0,0.0,0.0,0.0,0.0,0.0,0.0,0.0,0.0,0.0784313725490196,0.0,0.0,0.0,0.0,0.0,0.0,,,0.0,0.0,3.479371316306483,1262.0,0.34670056627759155,81.058879,81.76982050000001,509.0,0,0.0,0.0,0.0,,0.0,0.06929046563192905,0.06929046563192905,0.04249815225424982,0.04249815225424982,0.04249815225424982
llmlingua_queryless,False,structured,beginning,1024,3,1.0,0,0.8627450980392156,0.05842951251646903,1.0,1.0,1.0,1.0,0.0,0.0,0.0,0.0,0.0,0.7647058823529411,0.3333333333333333,0.3333333333333333,0.3333333333333333,0.0,0.0,0.0,,,0.0,0.0,2.267605633802817,990.0,1.1017322813860086,184.287026,187.5370745,781.0,0,1193.2041015625,1334.0,0.0,50.0,0.0,0.29327615046485395,0.29327615046485395,0.09580561714708057,0.14696021511650523,0.09580561714708057
head_tail,False,structured,beginning,1024,3,1.0,0,1.0,0.0485021398002853,1.0,1.0,1.0,1.0,1.0,1.0,1.0,1.0,1.0,1.0,1.0,1.0,1.0,1.0,1.0,1.0,,,0.0,0.0,1.7294921875,747.0,0.9765625,1.824428,1.8501734,1024.0,0,0.0,0.0,0.0,,0.0,0.42072441358384877,0.42072441358384877,0.4166593729334423,0.4166593729334423,0.4166593729334423
naive_first_n,False,structured,beginning,1024,3,1.0,0,1.0,0.04836415362731152,1.0,1.0,1.0,1.0,1.0,1.0,1.0,1.0,1.0,1.0,1.0,1.0,1.0,1.0,1.0,1.0,,,0.0,0.0,1.7294921875,747.0,0.9765625,1.558378,1.564597,1024.0,0,0.0,0.0,0.0,,0.0,0.5197635857937527,0.5197635857937527,0.5197635857937527,0.5197635857937527,0.5197635857937527
llmlingua2,False,structured,beginning,1024,3,1.0,0,0.5490196078431372,0.023930554851381482,0.0,0.0,0.0,0.0,0.0,0.0,0.0,0.0,0.0,0.45098039215686275,0.0,0.0,0.0,0.0,0.0,0.0,,,0.0,1.0,1.707810993249759,734.0,0.5294127734097083,84.849571,87.58444060000001,1037.0,0,774.033203125,850.0,0.0,60.0,0.0,0.02032520325203252,0.02032520325203252,0.0,0.012195121951219511,0.0
trimwise_structural,False,structured,beginning,1024,3,1.0,0,0.35294117647058826,0.017118402282453638,0.0,0.0,0.0,0.0,0.0,0.0,0.0,0.0,0.0,0.17647058823529413,0.0,0.0,0.0,0.0,0.0,0.0,,,0.0,0.0,1.7328767123287672,749.0,0.34534361689881427,168.416076,168.64875210000002,1022.0,0,0.0,0.0,0.0,,0.0,0.15467941611234293,0.15467941611234293,0.10460550628233556,0.10867054693274204,0.10867054693274204
trimwise_hybrid,True,structured,end,128,8,1.0,0,1.0,0.7184466019417475,1.0,1.0,1.0,1.0,1.0,1.0,1.0,1.0,1.0,1.0,1.0,1.0,1.0,1.0,1.0,1.0,,,0.0,0.0,14.168,1646.0,8.0,56.182370500000005,58.1123379,125.0,0,0.0,0.0,0.0,,0.0,0.5121581670362159,0.5121581670362159,0.5040280857354028,0.5121581670362159,0.5121581670362159
trimwise_lexical,True,structured,end,128,8,1.0,0,1.0,0.7184466019417475,1.0,1.0,1.0,1.0,1.0,1.0,1.0,1.0,1.0,1.0,1.0,1.0,1.0,1.0,1.0,1.0,,,0.0,0.0,13.8359375,1643.0,7.8125,5.5487775,5.63235305,128.0,0,0.0,0.0,0.0,,0.0,0.5000554323725056,0.5000554323725056,0.49192535107169255,0.5000554323725056,0.5000554323725056
bm25_128_32_source_order,True,structured,end,128,8,1.0,0,0.8648648648648649,0.5818181818181818,1.0,1.0,1.0,1.0,0.0,0.0,0.0,0.0,0.0,0.8648648648648649,1.0,1.0,1.0,0.0,0.0,0.0,,,0.0,0.0,13.8359375,1643.0,6.756756756756757,1.6096339999999998,4.490720799999998,128.0,0,0.0,0.0,0.0,34.0,0.0,0.5392276422764227,0.5392276422764227,0.42703057532967675,0.5275868440502587,0.45741140545376746
embedding_mmr_source_order,True,structured,end,128,8,1.0,0,0.8108108108108109,0.5355371900826446,0.75,0.75,0.75,0.75,0.0,0.0,0.0,0.0,0.0,0.8108108108108109,0.75,0.75,0.75,0.0,0.0,0.0,,,0.0,0.0,13.8359375,1643.0,6.33445945945946,12.171094499999999,16.32055265,128.0,0,0.0,0.0,0.0,43.0,0.0,0.41471389115805035,0.41471389115805035,0.3195841599564321,0.40307309293188626,0.35044151398451784
embedding_topk_source_order,True,structured,end,128,8,1.0,0,0.8108108108108109,0.5355371900826446,0.75,0.75,0.75,0.75,0.0,0.0,0.0,0.0,0.0,0.8108108108108109,0.75,0.75,0.75,0.0,0.0,0.0,,,0.0,0.0,13.8359375,1643.0,6.33445945945946,12.415444,17.45723665,128.0,0,0.0,0.0,0.0,40.0,0.0,0.41471389115805035,0.41471389115805035,0.3195841599564321,0.40307309293188626,0.35044151398451784
llmlingua,True,structured,end,128,8,1.0,0,0.7027027027027027,0.3455187637969095,0.0,0.0,0.0,0.0,0.0,0.0,0.0,0.0,0.0,0.7027027027027027,0.0,0.0,0.0,0.0,0.0,0.0,,,0.0,1.0,9.176165803108809,1578.0,3.636327640203635,153.64450950000003,156.21412510000002,193.0,0,1193.2041015625,1378.0,0.0,,0.0,0.0,0.0,0.0,0.0,0.0
longllmlingua,True,structured,end,128,8,1.0,0,0.7195945945945946,0.2987850154931373,0.0,0.0,0.0,0.0,0.0,0.0,0.0,0.0,0.0,0.7195945945945946,0.0,0.0,0.0,0.0,0.0,0.0,,,0.0,1.0,7.410171568627451,1532.0,3.0284375646300936,302.553003,303.3689799,239.0,0,1193.2080078125,1404.0,0.0,,0.0,0.0,0.0,0.0,0.0,0.0
recomp_extractive,True,structured,end,128,8,1.0,0,0.08108108108108109,0.0558181988391687,0.0,0.0,0.0,0.0,0.0,0.0,0.0,0.0,0.0,0.08108108108108109,0.0,0.0,0.0,0.0,0.0,0.0,,,0.0,0.0,14.168,1646.0,0.6467483108108109,163.5338655,165.59147305,125.0,0,487.9599609375,564.0,0.0,,0.0,0.319176926518069,0.319176926518069,0.29478668261563,0.29885172326603654,0.29885172326603654
bm25_128_32_source_order,True,structured,end,256,8,1.0,0,1.0,0.38541666666666663,1.0,1.0,1.0,1.0,0.0,0.0,0.0,0.0,0.0,0.8648648648648649,1.0,1.0,1.0,0.0,0.0,0.0,,,0.0,0.0,6.9450980392156865,1516.0,3.9215686274509802,1.6680305,3.367153549999999,255.0,0,0.0,0.0,0.0,34.0,0.0,0.6116361788617887,0.6116361788617887,0.4953740712646361,0.595930339985218,0.5257549013887268
embedding_topk_source_order,True,structured,end,256,8,1.0,0,1.0,0.38541666666666663,1.0,1.0,1.0,1.0,0.0,0.0,0.0,0.0,0.0,0.8648648648648649,1.0,1.0,1.0,0.0,0.0,0.0,,,0.0,0.0,6.9450980392156865,1516.0,3.917738970588235,12.3872945,13.259344099999998,255.0,0,0.0,0.0,0.0,40.0,0.0,0.5088468121523321,0.5088468121523321,0.3921081806511845,0.49314097327576145,0.4229655346792702
trimwise_lexical,True,structured,end,256,8,1.0,0,1.0,0.3775510204081633,1.0,1.0,1.0,1.0,1.0,1.0,1.0,1.0,1.0,1.0,1.0,1.0,1.0,1.0,1.0,1.0,,,0.0,0.0,6.91796875,1515.0,3.90625,6.565154,7.8376784,256.0,0,686.13623046875,790.0,0.0,45.0,0.0,0.6009885439763488,0.6009885439763488,0.5928584626755359,0.6009885439763488,0.6009885439763488
trimwise_hybrid,True,structured,end,256,8,1.0,0,1.0,0.37373737373737376,1.0,1.0,1.0,1.0,1.0,1.0,1.0,1.0,1.0,1.0,1.0,1.0,1.0,1.0,1.0,1.0,,,0.0,0.0,7.0,1518.0,3.952569169960474,57.702808,58.31148055,253.0,0,686.13623046875,790.0,0.0,47.0,0.0,0.6120750184774575,0.6120750184774575,0.6039449371766445,0.6120750184774575,0.6120750184774575
embedding_mmr_source_order,True,structured,end,256,8,1.0,0,0.9324324324324325,0.35765678694158076,1.0,1.0,1.0,1.0,0.0,0.0,0.0,0.0,0.0,0.8648648648648649,1.0,1.0,1.0,0.0,0.0,0.0,,,0.0,0.0,6.91796875,1515.0,3.646143846051934,12.8599955,15.060017499999999,256.0,0,0.0,0.0,0.0,43.0,0.0,0.521346812152332,0.521346812152332,0.4046081806511845,0.5056409732757614,0.43546553467927024
llmlingua,True,structured,end,256,8,1.0,0,0.7027027027027027,0.24008100564102752,0.0,0.0,0.0,0.0,0.0,0.0,0.0,0.0,0.0,0.7027027027027027,0.0,0.0,0.0,0.0,0.0,0.0,,,0.0,1.0,6.013599677158999,1476.5,2.3967354061488964,158.14090800000002,159.09148735,294.5,0,1870.71533203125,2088.0,0.0,66.0,0.0,0.0,0.0,0.0,0.0,0.0
longllmlingua,True,structured,end,256,8,1.0,0,0.7466216216216216,0.21465081716043227,0.0,0.0,0.0,0.0,0.0,0.0,0.0,0.0,0.0,0.7432432432432432,0.0,0.0,0.0,0.0,0.0,0.0,,,0.0,1.0,4.8322054466133615,1404.5,2.076143802509064,314.0060955,315.45062855,366.5,0,1193.2080078125,1380.0,0.0,69.0,0.0,0.0,0.0,0.0,0.0,0.0
recomp_extractive,True,structured,end,256,8,1.0,0,0.09797297297297297,0.03757450359108942,0.0,0.0,0.0,0.0,0.0,0.0,0.0,0.0,0.0,0.08108108108108109,0.0,0.0,0.0,0.0,0.0,0.0,,,0.0,0.0,6.91796875,1515.0,0.3831739172445952,171.43516549999998,174.5725766,256.0,0,487.9599609375,564.0,0.0,65.0,0.0,0.3650703115882834,0.3650703115882834,0.32848494573462483,0.34068006768584436,0.33661502703543783
trimwise_lexical,True,structured,end,512,8,1.0,0,1.0,0.37185929648241206,1.0,1.0,1.0,1.0,1.0,1.0,1.0,1.0,1.0,1.0,1.0,1.0,1.0,1.0,1.0,1.0,,,0.0,0.0,6.58364312267658,1502.0,3.717472118959108,6.175898999999999,6.26836805,269.0,0,0.0,0.0,0.0,,0.0,0.6091186252771619,0.6091186252771619,0.6050535846267554,0.6091186252771619,0.6091186252771619
trimwise_hybrid,True,structured,end,512,8,1.0,0,1.0,0.3523809523809524,1.0,1.0,1.0,1.0,1.0,1.0,1.0,1.0,1.0,1.0,1.0,1.0,1.0,1.0,1.0,1.0,,,0.0,0.0,6.149305555555555,1483.0,3.4722222222222223,56.735904,58.23338465,288.0,0,0.0,0.0,0.0,,0.0,0.6318458980044346,0.6318458980044346,0.6318458980044346,0.6318458980044346,0.6318458980044346
embedding_topk_source_order,True,structured,end,512,8,1.0,0,1.0,0.22029084687767322,1.0,1.0,1.0,1.0,0.0,0.0,0.0,0.0,0.0,0.8648648648648649,1.0,1.0,1.0,0.0,0.0,0.0,,,0.0,0.0,3.458984375,1259.0,1.953125,13.4163245,15.711238599999998,512.0,0,0.0,0.0,0.0,40.0,0.0,0.5566618528027386,0.5566618528027386,0.4510096958026997,0.5333802563504104,0.46320481775391914
embedding_mmr_source_order,True,structured,end,512,8,1.0,0,1.0,0.19946091644204852,1.0,1.0,1.0,1.0,0.0,0.0,0.0,0.0,0.0,0.8648648648648649,1.0,1.0,1.0,0.0,0.0,0.0,,,0.0,0.0,3.458984375,1259.0,1.953125,13.045815999999999,18.578491049999997,512.0,0,0.0,0.0,0.0,43.0,0.0,0.5505134788189987,0.5505134788189987,0.4309339382269421,0.5272318823666705,0.44663977710351266
bm25_128_32_source_order,True,structured,end,512,8,1.0,0,1.0,0.19892473118279572,1.0,1.0,1.0,1.0,0.0,0.0,0.0,0.0,0.0,0.8648648648648649,1.0,1.0,1.0,0.0,0.0,0.0,,,0.0,0.0,3.4725490196078432,1261.0,1.9607843137254901,1.8106675,4.419820899999999,510.0,0,0.0,0.0,0.0,34.0,0.0,0.6642045454545454,0.6642045454545454,0.5451015287664839,0.6642045454545454,0.5795473995409811
llmlingua,True,structured,end,512,8,1.0,0,0.7263513513513513,0.1530266308102204,0.0,0.0,0.0,0.0,0.0,0.0,0.0,0.0,0.0,0.7027027027027027,0.0,0.0,0.0,0.0,0.0,0.0,,,0.0,0.0,3.689583333333333,1291.0,1.516796631416825,169.5348035,172.9140205,480.0,0,1193.2041015625,1332.0,0.0,,0.0,0.015151515151515152,0.015151515151515152,0.0,0.0,0.0
longllmlingua,True,structured,end,512,8,1.0,0,0.7567567567567568,0.13076294866607113,0.0,0.0,0.0,0.0,0.0,0.0,0.0,0.0,0.0,0.7567567567567568,0.0,0.0,0.0,0.0,0.0,0.0,,,0.0,1.0,2.9249532210638867,1165.5,1.2463662763796983,344.49629749999997,350.18224845000003,605.5,0,1193.2080078125,1334.0,0.0,,0.0,0.030303030303030304,0.030303030303030304,0.015151515151515152,0.007575757575757576,0.007575757575757576
recomp_extractive,True,structured,end,512,8,1.0,0,0.11824324324324326,0.024844686641576526,0.0,0.0,0.0,0.0,0.0,0.0,0.0,0.0,0.0,0.08108108108108109,0.0,0.0,0.0,0.0,0.0,0.0,,,0.0,0.0,3.4657534246575343,1260.0,0.23130554227892564,168.2244245,170.73178645000002,511.0,0,487.9599609375,564.0,0.0,,0.0,0.41024153602780045,0.41024153602780045,0.34113584497088995,0.35739600757251594,0.3533309669221094
trimwise_lexical,True,structured,end,1024,8,1.0,0,1.0,0.37185929648241206,1.0,1.0,1.0,1.0,1.0,1.0,1.0,1.0,1.0,1.0,1.0,1.0,1.0,1.0,1.0,1.0,,,0.0,0.0,6.58364312267658,1502.0,3.717472118959108,6.6338945,6.87407605,269.0,0,686.13623046875,790.0,0.0,45.0,0.0,0.6329545454545454,0.6329545454545454,0.6329545454545454,0.6329545454545454,0.6329545454545454
trimwise_hybrid,True,structured,end,1024,8,1.0,0,1.0,0.3523809523809524,1.0,1.0,1.0,1.0,1.0,1.0,1.0,1.0,1.0,1.0,1.0,1.0,1.0,1.0,1.0,1.0,,,0.0,0.0,6.149305555555555,1483.0,3.4722222222222223,58.105604,58.4955055,288.0,0,686.13623046875,790.0,0.0,47.0,0.0,0.6481060606060606,0.6481060606060606,0.6481060606060606,0.6481060606060606,0.6481060606060606
llmlingua,True,structured,end,1024,8,1.0,0,0.8108108108108109,0.11505726599974593,1.0,1.0,1.0,1.0,0.0,0.0,0.0,0.0,0.0,0.7837837837837838,0.0,0.0,0.0,0.0,0.0,0.0,,,0.0,0.0,2.2705165524598168,991.0,1.037570567487074,187.2123095,187.9568287,780.0,0,1870.71533203125,2042.0,0.0,66.0,0.0,0.29327615046485395,0.29327615046485395,0.09580561714708057,0.14696021511650523,0.09580561714708057
embedding_topk_source_order,True,structured,end,1024,8,1.0,0,1.0,0.10740203193033382,1.0,1.0,1.0,1.0,0.0,0.0,0.0,0.0,0.0,0.8648648648648649,1.0,1.0,1.0,0.0,0.0,0.0,,,0.0,0.0,1.7294921875,747.0,0.9765625,14.3121805,17.13039625,1024.0,0,0.0,0.0,0.0,40.0,0.0,0.5472560975609756,0.5472560975609756,0.43450470688917414,0.5431910569105691,0.4689505776636714
embedding_mmr_source_order,True,structured,end,1024,8,1.0,0,1.0,0.1072463768115942,1.0,1.0,1.0,1.0,0.0,0.0,0.0,0.0,0.0,0.8648648648648649,1.0,1.0,1.0,0.0,0.0,0.0,,,0.0,0.0,1.7311827956989247,748.0,0.9775171065493646,13.091928,20.7152438,1023.0,0,0.0,0.0,0.0,43.0,0.0,0.5929878048780488,0.5929878048780488,0.4761713735558408,0.5848577235772358,0.5106172443303381
bm25_128_32_source_order,True,structured,end,1024,8,1.0,0,1.0,0.10306406685236769,1.0,1.0,1.0,1.0,0.0,0.0,0.0,0.0,0.0,0.8648648648648649,1.0,1.0,1.0,0.0,0.0,0.0,,,0.0,0.0,1.7328767123287672,749.0,0.9784735812133072,1.9344700000000001,2.3506156999999996,1022.0,0,0.0,0.0,0.0,34.0,0.0,0.6079545454545454,0.6079545454545454,0.49926819543315054,0.6079545454545454,0.5337140662076477
longllmlingua,True,structured,end,1024,8,1.0,0,0.8277027027027027,0.08790834260886476,1.0,0.625,0.625,1.0,0.0,0.0,0.0,0.0,0.0,0.8277027027027027,1.0,1.0,0.625,0.0,0.0,0.0,,,0.0,0.375,1.7692378320493973,770.0,0.8117508618295797,394.26644050000004,401.4805702,1001.0,0,1193.2080078125,1334.0,0.0,69.0,0.0,0.10446570972886764,0.10446570972886764,0.015151515151515152,0.05143540669856459,0.007575757575757576
recomp_extractive,True,structured,end,1024,8,1.0,0,0.21621621621621623,0.02263231917127702,0.0,0.0,0.0,0.0,0.0,0.0,0.0,0.0,0.0,0.08108108108108109,0.0,0.0,0.0,0.0,0.0,0.0,,,0.0,0.0,1.7311827956989247,748.0,0.21135510055431067,176.2544375,184.5745644,1023.0,0,487.9599609375,564.0,0.0,65.0,0.0,0.4618136597035827,0.4618136597035827,0.34448180456684946,0.3607419671684755,0.356676926518069
llmlingua_queryless,False,structured,end,128,8,1.0,0,0.7027027027027027,0.3455187637969095,0.0,0.0,0.0,0.0,0.0,0.0,0.0,0.0,0.0,0.7027027027027027,0.0,0.0,0.0,0.0,0.0,0.0,,,0.0,1.0,9.176165803108809,1578.0,3.636327640203635,151.325579,154.02181655,193.0,0,1193.2041015625,1378.0,0.0,65.0,0.0,0.0,0.0,0.0,0.0,0.0
naive_first_n,False,structured,end,128,8,1.0,0,0.08108108108108109,0.05660377358490566,0.0,0.0,0.0,0.0,0.0,0.0,0.0,0.0,0.0,0.05405405405405406,0.0,0.0,0.0,0.0,0.0,0.0,,,0.0,0.0,13.8359375,1643.0,0.6334459459459459,0.487532,0.49922725,128.0,0,0.0,0.0,0.0,,0.0,0.2357577702571284,0.2357577702571284,0.20944198078344423,0.2357577702571284,0.2357577702571284
trimwise_structural,False,structured,end,128,8,1.0,0,0.02702702702702703,0.017699115044247787,0.0,0.0,0.0,0.0,0.0,0.0,0.0,0.0,0.0,0.02702702702702703,0.0,0.0,0.0,0.0,0.0,0.0,,,0.0,0.0,14.168,1646.0,0.21621621621621623,11.770636,11.83610975,125.0,0,0.0,0.0,0.0,,0.0,0.015151515151515152,0.015151515151515152,0.015151515151515152,0.015151515151515152,0.015151515151515152
head_tail,False,structured,end,128,8,1.0,0,0.02702702702702703,0.016806722689075633,0.0,0.0,0.0,0.0,0.0,0.0,0.0,0.0,0.0,0.02702702702702703,0.0,0.0,0.0,0.0,0.0,0.0,,,0.0,0.0,13.8359375,1643.0,0.21114864864864866,0.73385,0.74990755,128.0,0,0.0,0.0,0.0,,0.0,0.11363636363636363,0.11363636363636363,0.10606060606060606,0.10606060606060606,0.10606060606060606
llmlingua2,False,structured,end,128,8,1.0,0,0.0,0.0,0.0,0.0,0.0,0.0,0.0,0.0,0.0,0.0,0.0,0.0,0.0,0.0,0.0,0.0,0.0,0.0,,,0.0,1.0,5.622222222222222,1456.0,0.0,85.153415,86.02464235,315.0,0,774.033203125,850.0,0.0,60.0,0.0,0.0,0.0,0.0,0.0,0.0
head_tail,False,structured,end,256,8,1.0,0,0.6756756756756757,0.2808988764044944,0.0,0.0,0.0,0.0,0.0,0.0,0.0,0.0,0.0,0.6756756756756757,0.0,0.0,0.0,0.0,0.0,0.0,,,0.0,0.0,6.9450980392156865,1516.0,2.649708532061473,0.879243,0.90175445,255.0,0,0.0,0.0,0.0,,0.0,0.27553049752985564,0.27553049752985564,0.24921470805617144,0.27553049752985564,0.24921470805617144
llmlingua_queryless,False,structured,end,256,8,1.0,0,0.7027027027027027,0.24008100564102752,0.0,0.0,0.0,0.0,0.0,0.0,0.0,0.0,0.0,0.7027027027027027,0.0,0.0,0.0,0.0,0.0,0.0,,,0.0,1.0,6.013599677158999,1476.5,2.3967354061488964,155.0810325,157.18757475,294.5,0,1193.2041015625,1380.0,0.0,65.0,0.0,0.0,0.0,0.0,0.0,0.0
naive_first_n,False,structured,end,256,8,1.0,0,0.13513513513513514,0.05128205128205129,0.0,0.0,0.0,0.0,0.0,0.0,0.0,0.0,0.0,0.08108108108108109,0.0,0.0,0.0,0.0,0.0,0.0,,,0.0,0.0,6.91796875,1515.0,0.5278716216216216,0.619633,0.64911385,256.0,0,0.0,0.0,0.0,,0.0,0.2741908818609717,0.2741908818609717,0.2701258412105652,0.2701258412105652,0.2701258412105652
llmlingua2,False,structured,end,256,8,1.0,0,0.02702702702702703,0.014059883778193638,0.0,0.0,0.0,0.0,0.0,0.0,0.0,0.0,0.0,0.02702702702702703,0.0,0.0,0.0,0.0,0.0,0.0,,,0.0,1.0,5.551724137931035,1452.0,0.08469112725578243,84.913094,85.63100955,319.0,0,774.033203125,850.0,0.0,60.0,0.0,0.0,0.0,0.0,0.0,0.0
trimwise_structural,False,structured,end,256,8,1.0,0,0.02702702702702703,0.010582010582010581,0.0,0.0,0.0,0.0,0.0,0.0,0.0,0.0,0.0,0.02702702702702703,0.0,0.0,0.0,0.0,0.0,0.0,,,0.0,0.0,7.0,1518.0,0.10682619378271553,24.391730000000003,26.11092645,253.0,0,0.0,0.0,0.0,,0.0,0.03436807095343681,0.03436807095343681,0.03436807095343681,0.03436807095343681,0.03436807095343681
head_tail,False,structured,end,512,8,1.0,0,1.0,0.2102272727272727,1.0,1.0,1.0,1.0,1.0,1.0,1.0,1.0,1.0,1.0,1.0,1.0,1.0,1.0,1.0,1.0,,,0.0,0.0,3.458984375,1259.0,1.953125,1.210285,1.26246805,512.0,0,0.0,0.0,0.0,,0.0,0.39688849340646515,0.39688849340646515,0.3846933714552456,0.38875841210565215,0.3846933714552456
llmlingua_queryless,False,structured,end,512,8,1.0,0,0.7263513513513513,0.1530266308102204,0.0,0.0,0.0,0.0,0.0,0.0,0.0,0.0,0.0,0.7027027027027027,0.0,0.0,0.0,0.0,0.0,0.0,,,0.0,0.0,3.689583333333333,1291.0,1.516796631416825,169.330025,172.8355755,480.0,0,1193.2041015625,1332.0,0.0,65.0,0.0,0.015151515151515152,0.015151515151515152,0.0,0.0,0.0
naive_first_n,False,structured,end,512,8,1.0,0,0.1891891891891892,0.03684210526315789,0.0,0.0,0.0,0.0,0.0,0.0,0.0,0.0,0.0,0.08108108108108109,0.0,0.0,0.0,0.0,0.0,0.0,,,0.0,0.0,3.458984375,1259.0,0.36951013513513514,0.9223224999999999,0.9250739,512.0,0,0.0,0.0,0.0,,0.0,0.2898967207375423,0.2898967207375423,0.2898967207375423,0.2898967207375423,0.2898967207375423
llmlingua2,False,structured,end,512,8,1.0,0,0.13513513513513514,0.02915476622314541,0.0,0.0,0.0,0.0,0.0,0.0,0.0,0.0,0.0,0.10810810810810811,0.0,0.0,0.0,0.0,0.0,0.0,,,0.0,1.0,3.319590544652206,1237.5,0.2534781597358222,85.089981,86.62922225,533.5,0,774.033203125,850.0,0.0,60.0,0.0,0.0,0.0,0.0,0.0,0.0
trimwise_structural,False,structured,end,512,8,1.0,0,0.02702702702702703,0.005813953488372094,0.0,0.0,0.0,0.0,0.0,0.0,0.0,0.0,0.0,0.02702702702702703,0.0,0.0,0.0,0.0,0.0,0.0,,,0.0,0.0,3.479371316306483,1262.0,0.053098284925396914,81.76219499999999,86.17690005,509.0,0,0.0,0.0,0.0,,0.0,0.06929046563192905,0.06929046563192905,0.04249815225424982,0.04249815225424982,0.04249815225424982
llmlingua_queryless,False,structured,end,1024,8,1.0,0,0.8108108108108109,0.11505726599974593,1.0,1.0,1.0,1.0,0.0,0.0,0.0,0.0,0.0,0.7837837837837838,0.0,0.0,0.0,0.0,0.0,0.0,,,0.0,0.0,2.2705165524598168,991.0,1.037570567487074,185.18182050000001,187.8714009,780.0,0,1193.2041015625,1334.0,0.0,65.0,0.0,0.29327615046485395,0.29327615046485395,0.09580561714708057,0.14696021511650523,0.09580561714708057
head_tail,False,structured,end,1024,8,1.0,0,1.0,0.10263522884882108,1.0,1.0,1.0,1.0,1.0,1.0,1.0,1.0,1.0,1.0,1.0,1.0,1.0,1.0,1.0,1.0,,,0.0,0.0,1.7294921875,747.0,0.9765625,1.8330175,1.89538965,1024.0,0,0.0,0.0,0.0,,0.0,0.42072441358384877,0.42072441358384877,0.4166593729334423,0.4166593729334423,0.4166593729334423
llmlingua2,False,structured,end,1024,8,1.0,0,0.375,0.03471807255226784,0.0,0.0,0.0,0.0,0.0,0.0,0.0,0.0,0.0,0.3175675675675676,0.0,0.0,0.0,0.0,0.0,0.0,,,0.0,1.0,1.707810993249759,734.0,0.361617088939182,85.64008799999999,87.5281793,1037.0,0,774.033203125,850.0,0.0,60.0,0.0,0.02032520325203252,0.02032520325203252,0.0,0.012195121951219511,0.0
naive_first_n,False,structured,end,1024,8,1.0,0,0.1891891891891892,0.01936376210235131,0.0,0.0,0.0,0.0,0.0,0.0,0.0,0.0,0.0,0.08108108108108109,0.0,0.0,0.0,0.0,0.0,0.0,,,0.0,0.0,1.7294921875,747.0,0.18475506756756757,1.5192725,1.5799644,1024.0,0,0.0,0.0,0.0,,0.0,0.5197635857937527,0.5197635857937527,0.5197635857937527,0.5197635857937527,0.5197635857937527
trimwise_structural,False,structured,end,1024,8,1.0,0,0.13513513513513514,0.013869625520110958,0.0,0.0,0.0,0.0,0.0,0.0,0.0,0.0,0.0,0.08108108108108109,0.0,0.0,0.0,0.0,0.0,0.0,,,0.0,0.0,1.7328767123287672,749.0,0.13222615962341988,169.49363449999998,172.30403135,1022.0,0,0.0,0.0,0.0,,0.0,0.15467941611234293,0.15467941611234293,0.10460550628233556,0.10867054693274204,0.10867054693274204
recomp_extractive,True,structured,middle,128,8,1.0,0,1.0,0.453506206946039,1.0,1.0,1.0,1.0,1.0,1.0,1.0,1.0,1.0,1.0,1.0,1.0,1.0,1.0,1.0,1.0,,,0.0,0.0,14.055555555555555,1645.0,7.8976944288213975,167.625817,1526.8897015499988,126.0,1,975.7919921875,1072.0,0.0,,0.0,0.319176926518069,0.319176926518069,0.29478668261563,0.29885172326603654,0.29885172326603654
trimwise_hybrid,True,structured,middle,128,8,1.0,0,1.0,0.4347826086956522,1.0,1.0,1.0,1.0,1.0,1.0,1.0,1.0,1.0,1.0,1.0,1.0,1.0,1.0,1.0,1.0,,,0.0,0.0,13.94488188976378,1644.0,7.874015748031496,58.0948825,59.7666068,127.0,0,0.0,0.0,0.0,,0.0,0.5121581670362159,0.5121581670362159,0.5040280857354028,0.5121581670362159,0.5121581670362159
trimwise_lexical,True,structured,middle,128,8,1.0,0,1.0,0.4347826086956522,1.0,1.0,1.0,1.0,1.0,1.0,1.0,1.0,1.0,1.0,1.0,1.0,1.0,1.0,1.0,1.0,,,0.0,0.0,13.94488188976378,1644.0,7.874015748031496,5.645289999999999,5.66965855,127.0,0,0.0,0.0,0.0,,0.0,0.5000554323725056,0.5000554323725056,0.49192535107169255,0.5000554323725056,0.5000554323725056
bm25_128_32_source_order,True,structured,middle,128,8,1.0,0,1.0,0.32258064516129037,1.0,1.0,1.0,1.0,1.0,1.0,1.0,1.0,1.0,1.0,1.0,1.0,1.0,1.0,1.0,1.0,,,0.0,0.0,13.8359375,1643.0,7.8125,1.3735845,2.0491969499999994,128.0,0,0.0,0.0,0.0,35.0,0.0,0.5392276422764227,0.5392276422764227,0.42703057532967675,0.5275868440502587,0.45741140545376746
embedding_mmr_source_order,True,structured,middle,128,8,1.0,0,1.0,0.32258064516129037,1.0,1.0,1.0,1.0,1.0,1.0,1.0,1.0,1.0,1.0,1.0,1.0,1.0,1.0,1.0,1.0,,,0.0,0.0,13.8359375,1643.0,7.8125,12.821392,14.235749199999999,128.0,0,0.0,0.0,0.0,43.0,0.0,0.41471389115805035,0.41471389115805035,0.3195841599564321,0.40307309293188626,0.35044151398451784
embedding_topk_source_order,True,structured,middle,128,8,1.0,0,1.0,0.32258064516129037,1.0,1.0,1.0,1.0,1.0,1.0,1.0,1.0,1.0,1.0,1.0,1.0,1.0,1.0,1.0,1.0,,,0.0,0.0,13.8359375,1643.0,7.8125,13.0929,14.568223449999998,128.0,0,0.0,0.0,0.0,39.0,0.0,0.41471389115805035,0.41471389115805035,0.3195841599564321,0.40307309293188626,0.35044151398451784
longllmlingua,True,structured,middle,128,8,1.0,0,0.016666666666666666,0.003205128205128205,0.0,0.0,0.0,0.0,0.0,0.0,0.0,0.0,0.0,0.016666666666666666,0.0,0.0,0.0,0.0,0.0,0.0,,,0.0,1.0,7.805549083566325,1544.0,0.06915629322268327,298.042591,299.2478736,227.0,0,1193.2080078125,1404.0,0.0,,0.0,0.0,0.0,0.0,0.0,0.0
llmlingua,True,structured,middle,128,8,1.0,0,0.008333333333333333,0.001937984496124031,0.0,0.0,0.0,0.0,0.0,0.0,0.0,0.0,0.0,0.008333333333333333,0.0,0.0,0.0,0.0,0.0,0.0,,,0.0,1.0,9.176165803108809,1578.0,0.04317789291882557,149.808314,155.63844269999998,193.0,0,1193.2041015625,1378.0,0.0,,0.0,0.0,0.0,0.0,0.0,0.0
trimwise_hybrid,True,structured,middle,256,8,1.0,0,1.0,0.2247318906814718,1.0,1.0,1.0,1.0,1.0,1.0,1.0,1.0,1.0,1.0,1.0,1.0,1.0,1.0,1.0,1.0,,,0.0,0.0,6.9450980392156865,1516.0,3.9215837048402036,60.128049000000004,61.228032,255.0,0,686.13623046875,790.0,0.0,47.0,0.0,0.6120750184774575,0.6120750184774575,0.6039449371766445,0.6120750184774575,0.6120750184774575
recomp_extractive,True,structured,middle,256,8,1.0,0,1.0,0.2044040474498221,1.0,1.0,1.0,1.0,1.0,1.0,1.0,1.0,1.0,1.0,1.0,1.0,1.0,1.0,1.0,1.0,,,0.0,0.0,6.91796875,1515.0,3.9139243911147137,163.977195,168.2492497,256.0,0,487.962890625,564.0,0.0,63.0,0.0,0.3650703115882834,0.3650703115882834,0.32848494573462483,0.34068006768584436,0.33661502703543783
trimwise_lexical,True,structured,middle,256,8,1.0,0,1.0,0.18867924528301885,1.0,1.0,1.0,1.0,1.0,1.0,1.0,1.0,1.0,1.0,1.0,1.0,1.0,1.0,1.0,1.0,,,0.0,0.0,7.0,1518.0,3.952569169960474,6.718386499999999,6.77661715,253.0,0,686.13623046875,790.0,0.0,49.0,0.0,0.6009885439763488,0.6009885439763488,0.5928584626755359,0.6009885439763488,0.6009885439763488
embedding_mmr_source_order,True,structured,middle,256,8,1.0,0,1.0,0.18633540372670807,1.0,1.0,1.0,1.0,1.0,1.0,1.0,1.0,1.0,1.0,1.0,1.0,1.0,1.0,1.0,1.0,,,0.0,0.0,6.91796875,1515.0,3.90625,13.474759,15.748895949999998,256.0,0,0.0,0.0,0.0,43.0,0.0,0.521346812152332,0.521346812152332,0.4046081806511845,0.5056409732757614,0.43546553467927024
bm25_128_32_source_order,True,structured,middle,256,8,1.0,0,1.0,0.18292682926829268,1.0,1.0,1.0,1.0,1.0,1.0,1.0,1.0,1.0,1.0,1.0,1.0,1.0,1.0,1.0,1.0,,,0.0,0.0,6.91796875,1515.0,3.90625,1.6482955000000001,4.7753814,256.0,0,0.0,0.0,0.0,35.0,0.0,0.6116361788617887,0.6116361788617887,0.4953740712646361,0.595930339985218,0.5257549013887268
embedding_topk_source_order,True,structured,middle,256,8,1.0,0,1.0,0.16574585635359115,1.0,1.0,1.0,1.0,1.0,1.0,1.0,1.0,1.0,1.0,1.0,1.0,1.0,1.0,1.0,1.0,,,0.0,0.0,6.91796875,1515.0,3.90625,12.667544,14.5858946,256.0,0,0.0,0.0,0.0,39.0,0.0,0.5088468121523321,0.5088468121523321,0.3921081806511845,0.49314097327576145,0.4229655346792702
llmlingua,True,structured,middle,256,8,1.0,0,0.008333333333333333,0.001269035532994924,0.0,0.0,0.0,0.0,0.0,0.0,0.0,0.0,0.0,0.008333333333333333,0.0,0.0,0.0,0.0,0.0,0.0,,,0.0,1.0,6.013599677158999,1476.5,0.028248587570621472,156.63122049999998,158.58551265,294.5,0,1870.71533203125,2088.0,0.0,66.0,0.0,0.0,0.0,0.0,0.0,0.0
longllmlingua,True,structured,middle,256,8,1.0,0,0.008333333333333333,0.0012376237623762376,0.0,0.0,0.0,0.0,0.0,0.0,0.0,0.0,0.0,0.008333333333333333,0.0,0.0,0.0,0.0,0.0,0.0,,,0.0,1.0,5.4829721362229105,1448.0,0.02579979360165119,321.3062205,329.5101512,323.0,0,1193.2080078125,1404.0,0.0,69.0,0.0,0.0,0.0,0.0,0.0,0.0
trimwise_hybrid,True,structured,middle,512,8,1.0,0,1.0,0.17688717321814487,1.0,1.0,1.0,1.0,1.0,1.0,1.0,1.0,1.0,1.0,1.0,1.0,1.0,1.0,1.0,1.0,,,0.0,0.0,5.517133956386293,1450.0,3.1225967892292212,58.6486065,59.48878535,321.0,0,0.0,0.0,0.0,,0.0,0.6318458980044346,0.6318458980044346,0.6318458980044346,0.6318458980044346,0.6318458980044346
trimwise_lexical,True,structured,middle,512,8,1.0,0,1.0,0.15463917525773194,1.0,1.0,1.0,1.0,1.0,1.0,1.0,1.0,1.0,1.0,1.0,1.0,1.0,1.0,1.0,1.0,,,0.0,0.0,5.569182389937107,1453.0,3.1446540880503147,6.5890975,6.6881318,318.0,0,0.0,0.0,0.0,,0.0,0.6091186252771619,0.6091186252771619,0.6050535846267554,0.6091186252771619,0.6091186252771619
recomp_extractive,True,structured,middle,512,8,1.0,0,1.0,0.09713182197064518,1.0,1.0,1.0,1.0,1.0,1.0,1.0,1.0,1.0,1.0,1.0,1.0,1.0,1.0,1.0,1.0,,,0.0,0.0,3.4657534246575343,1260.0,1.956475023993268,174.094243,181.4955688,511.0,0,975.7919921875,1072.0,0.0,,0.0,0.41024153602780045,0.41024153602780045,0.34113584497088995,0.35739600757251594,0.3533309669221094
embedding_mmr_source_order,True,structured,middle,512,8,1.0,0,1.0,0.08879031833266027,1.0,1.0,1.0,1.0,1.0,1.0,1.0,1.0,1.0,1.0,1.0,1.0,1.0,1.0,1.0,1.0,,,0.0,0.0,3.458984375,1259.0,1.953125,13.088476,16.726768749999998,512.0,0,0.0,0.0,0.0,43.0,0.0,0.5505134788189987,0.5505134788189987,0.4309339382269421,0.5272318823666705,0.44663977710351266
bm25_128_32_source_order,True,structured,middle,512,8,1.0,0,1.0,0.0872093023255814,1.0,1.0,1.0,1.0,1.0,1.0,1.0,1.0,1.0,1.0,1.0,1.0,1.0,1.0,1.0,1.0,,,0.0,0.0,3.4725490196078432,1261.0,1.9607843137254901,1.7281925,1.8212335499999999,510.0,0,0.0,0.0,0.0,35.0,0.0,0.6642045454545454,0.6642045454545454,0.5451015287664839,0.6642045454545454,0.5795473995409811
embedding_topk_source_order,True,structured,middle,512,8,1.0,0,1.0,0.08522727272727272,1.0,1.0,1.0,1.0,1.0,1.0,1.0,1.0,1.0,1.0,1.0,1.0,1.0,1.0,1.0,1.0,,,0.0,0.0,3.458984375,1259.0,1.9540805406066535,13.4116025,14.87201025,512.0,0,0.0,0.0,0.0,39.0,0.0,0.5566618528027386,0.5566618528027386,0.4510096958026997,0.5333802563504104,0.46320481775391914
longllmlingua,True,structured,middle,512,8,1.0,0,0.1,0.008959293074249572,0.0,0.0,0.0,0.0,0.0,0.0,0.0,0.0,0.0,0.075,0.0,0.0,0.0,0.0,0.0,0.0,,,0.0,0.875,3.313611859838275,1236.5,0.1883320015208764,333.0488755,333.8514196,534.5,0,1193.2080078125,1332.0,0.0,,0.0,0.030303030303030304,0.030303030303030304,0.015151515151515152,0.007575757575757576,0.007575757575757576
llmlingua,True,structured,middle,512,8,1.0,0,0.016666666666666666,0.0015389860686245726,0.0,0.0,0.0,0.0,0.0,0.0,0.0,0.0,0.0,0.016666666666666666,0.0,0.0,0.0,0.0,0.0,0.0,,,0.0,0.0,3.689583333333333,1291.0,0.03502157947323424,166.5305255,168.52349279999999,480.0,0,1193.2041015625,1332.0,0.0,,0.0,0.015151515151515152,0.015151515151515152,0.0,0.0,0.0
trimwise_hybrid,True,structured,middle,1024,8,1.0,0,1.0,0.17688717321814487,1.0,1.0,1.0,1.0,1.0,1.0,1.0,1.0,1.0,1.0,1.0,1.0,1.0,1.0,1.0,1.0,,,0.0,0.0,5.517133956386293,1450.0,3.1225967892292212,60.050968,61.1493346,321.0,0,686.13623046875,790.0,0.0,47.0,0.0,0.6481060606060606,0.6481060606060606,0.6481060606060606,0.6481060606060606,0.6481060606060606
trimwise_lexical,True,structured,middle,1024,8,1.0,0,1.0,0.15463917525773194,1.0,1.0,1.0,1.0,1.0,1.0,1.0,1.0,1.0,1.0,1.0,1.0,1.0,1.0,1.0,1.0,,,0.0,0.0,5.569182389937107,1453.0,3.1446540880503147,7.004913,7.1889558,318.0,0,686.13623046875,790.0,0.0,48.0,0.0,0.6329545454545454,0.6329545454545454,0.6329545454545454,0.6329545454545454,0.6329545454545454
recomp_extractive,True,structured,middle,1024,8,1.0,0,1.0,0.04541644470905273,1.0,1.0,1.0,1.0,1.0,1.0,1.0,1.0,1.0,1.0,1.0,1.0,1.0,1.0,1.0,1.0,,,0.0,0.0,1.7328767123287672,749.0,0.9784738154137635,173.3669355,183.0070536,1022.0,0,487.962890625,564.0,0.0,63.0,0.0,0.4618136597035827,0.4618136597035827,0.34448180456684946,0.3607419671684755,0.356676926518069
embedding_mmr_source_order,True,structured,middle,1024,8,1.0,0,1.0,0.045121274571972105,1.0,1.0,1.0,1.0,1.0,1.0,1.0,1.0,1.0,1.0,1.0,1.0,1.0,1.0,1.0,1.0,,,0.0,0.0,1.7294921875,747.0,0.9765625,13.8580685,15.762015799999999,1024.0,0,0.0,0.0,0.0,43.0,0.0,0.5929878048780488,0.5929878048780488,0.4761713735558408,0.5848577235772358,0.5106172443303381
embedding_topk_source_order,True,structured,middle,1024,8,1.0,0,1.0,0.04414645287889965,1.0,1.0,1.0,1.0,1.0,1.0,1.0,1.0,1.0,1.0,1.0,1.0,1.0,1.0,1.0,1.0,,,0.0,0.0,1.7311827956989247,748.0,0.977397780730694,14.0383715,19.156793599999997,1023.0,0,0.0,0.0,0.0,39.0,0.0,0.5472560975609756,0.5472560975609756,0.43450470688917414,0.5431910569105691,0.4689505776636714
bm25_128_32_source_order,True,structured,middle,1024,8,1.0,0,1.0,0.04347826086956522,1.0,1.0,1.0,1.0,1.0,1.0,1.0,1.0,1.0,1.0,1.0,1.0,1.0,1.0,1.0,1.0,,,0.0,0.0,1.7328767123287672,749.0,0.9784735812133072,1.8799595,2.12300365,1022.0,0,0.0,0.0,0.0,35.0,0.0,0.6079545454545454,0.6079545454545454,0.49926819543315054,0.6079545454545454,0.5337140662076477
longllmlingua,True,structured,middle,1024,8,1.0,0,0.3,0.01535712147079133,0.0,0.0,0.0,0.0,0.0,0.0,0.0,0.0,0.0,0.2833333333333333,0.0,0.0,0.0,0.0,0.0,0.0,,,0.0,0.0,1.9977445723403768,884.5,0.3354064599948075,389.9959695,402.9545898,886.5,0,1193.2080078125,1334.0,4112.695370975416,70.0,0.0,0.10446570972886764,0.10446570972886764,0.015151515151515152,0.05143540669856459,0.007575757575757576
llmlingua,True,structured,middle,1024,8,1.0,0,0.225,0.013522568080264022,0.0,0.0,0.0,0.0,0.0,0.0,0.0,0.0,0.0,0.18333333333333335,0.0,0.0,0.0,0.0,0.0,0.0,,,0.0,0.0,2.2705165524598168,991.0,0.2881362543496126,187.33568,188.05734815,780.0,0,1870.71533203125,2042.0,0.0,64.0,0.0,0.29327615046485395,0.29327615046485395,0.09580561714708057,0.14696021511650523,0.09580561714708057
llmlingua2,False,structured,middle,128,8,1.0,0,0.2,0.052288329519450796,0.0,0.0,0.0,0.0,0.0,0.0,0.0,0.0,0.0,0.2,0.0,0.0,0.0,0.0,0.0,0.0,,,0.0,1.0,5.622222222222222,1456.0,0.635934885136163,84.831816,85.5566302,315.0,0,774.033203125,850.0,0.0,62.0,0.0,0.0,0.0,0.0,0.0,0.0
trimwise_structural,False,structured,middle,128,8,1.0,0,0.125,0.04120879120879121,0.0,0.0,0.0,0.0,0.0,0.0,0.0,0.0,0.0,0.08333333333333333,0.0,0.0,0.0,0.0,0.0,0.0,,,0.0,0.0,14.168,1646.0,1.0,11.796532,11.94294125,125.0,0,0.0,0.0,0.0,,0.0,0.015151515151515152,0.015151515151515152,0.015151515151515152,0.015151515151515152,0.015151515151515152
naive_first_n,False,structured,middle,128,8,1.0,0,0.06666666666666667,0.02380952380952381,0.0,0.0,0.0,0.0,0.0,0.0,0.0,0.0,0.0,0.06666666666666667,0.0,0.0,0.0,0.0,0.0,0.0,,,0.0,0.0,13.8359375,1643.0,0.5208333333333334,0.476156,0.5319495,128.0,0,0.0,0.0,0.0,,0.0,0.2357577702571284,0.2357577702571284,0.20944198078344423,0.2357577702571284,0.2357577702571284
head_tail,False,structured,middle,128,8,1.0,0,0.06666666666666667,0.020618556701030927,0.0,0.0,0.0,0.0,0.0,0.0,0.0,0.0,0.0,0.06666666666666667,0.0,0.0,0.0,0.0,0.0,0.0,,,0.0,0.0,13.8359375,1643.0,0.5208333333333334,0.726555,0.78211935,128.0,0,0.0,0.0,0.0,,0.0,0.11363636363636363,0.11363636363636363,0.10606060606060606,0.10606060606060606,0.10606060606060606
llmlingua_queryless,False,structured,middle,128,8,1.0,0,0.008333333333333333,0.001937984496124031,0.0,0.0,0.0,0.0,0.0,0.0,0.0,0.0,0.0,0.008333333333333333,0.0,0.0,0.0,0.0,0.0,0.0,,,0.0,1.0,9.176165803108809,1578.0,0.04317789291882557,151.8647795,154.79256135,193.0,0,1193.2041015625,1378.0,0.0,59.0,0.0,0.0,0.0,0.0,0.0,0.0
llmlingua2,False,structured,middle,256,8,1.0,0,0.2,0.04989669421487603,0.0,0.0,0.0,0.0,0.0,0.0,0.0,0.0,0.0,0.2,0.0,0.0,0.0,0.0,0.0,0.0,,,0.0,1.0,5.551724137931035,1452.0,0.6267143416927901,85.058033,85.3490407,319.0,0,774.033203125,850.0,0.0,62.0,0.0,0.0,0.0,0.0,0.0,0.0
trimwise_structural,False,structured,middle,256,8,1.0,0,0.26666666666666666,0.047904191616766456,0.0,0.0,0.0,0.0,0.0,0.0,0.0,0.0,0.0,0.08333333333333333,0.0,0.0,0.0,0.0,0.0,0.0,,,0.0,0.0,7.0,1518.0,1.0540184453227932,24.2156715,24.3502225,253.0,0,0.0,0.0,0.0,,0.0,0.03436807095343681,0.03436807095343681,0.03436807095343681,0.03436807095343681,0.03436807095343681
naive_first_n,False,structured,middle,256,8,1.0,0,0.16666666666666669,0.028901734104046242,0.0,0.0,0.0,0.0,0.0,0.0,0.0,0.0,0.0,0.09166666666666667,0.0,0.0,0.0,0.0,0.0,0.0,,,0.0,0.0,6.91796875,1515.0,0.6510416666666667,0.6241304999999999,0.6600480999999999,256.0,0,0.0,0.0,0.0,,0.0,0.2741908818609717,0.2741908818609717,0.2701258412105652,0.2701258412105652,0.2701258412105652
head_tail,False,structured,middle,256,8,1.0,0,0.06666666666666667,0.01282051282051282,0.0,0.0,0.0,0.0,0.0,0.0,0.0,0.0,0.0,0.06666666666666667,0.0,0.0,0.0,0.0,0.0,0.0,,,0.0,0.0,6.9450980392156865,1516.0,0.26143790849673204,0.888988,0.9091381000000001,255.0,0,0.0,0.0,0.0,,0.0,0.27553049752985564,0.27553049752985564,0.24921470805617144,0.27553049752985564,0.24921470805617144
llmlingua_queryless,False,structured,middle,256,8,1.0,0,0.008333333333333333,0.001269035532994924,0.0,0.0,0.0,0.0,0.0,0.0,0.0,0.0,0.0,0.008333333333333333,0.0,0.0,0.0,0.0,0.0,0.0,,,0.0,1.0,6.013599677158999,1476.5,0.028248587570621472,154.69794000000002,156.37850254999998,294.5,0,1193.2041015625,1380.0,0.0,60.0,0.0,0.0,0.0,0.0,0.0,0.0
llmlingua2,False,structured,middle,512,8,1.0,0,0.26666666666666666,0.02492235968683331,0.0,0.0,0.0,0.0,0.0,0.0,0.0,0.0,0.0,0.2,0.0,0.0,0.0,0.0,0.0,0.0,,,0.0,1.0,3.319590544652206,1237.5,0.5001969018786894,84.979506,86.0605628,533.5,0,774.033203125,850.0,0.0,61.0,0.0,0.0,0.0,0.0,0.0,0.0
trimwise_structural,False,structured,middle,512,8,1.0,0,0.26666666666666666,0.02484472049689441,0.0,0.0,0.0,0.0,0.0,0.0,0.0,0.0,0.0,0.08333333333333333,0.0,0.0,0.0,0.0,0.0,0.0,,,0.0,0.0,3.479371316306483,1262.0,0.5239030779305829,80.85438300000001,81.10851625,509.0,0,0.0,0.0,0.0,,0.0,0.06929046563192905,0.06929046563192905,0.04249815225424982,0.04249815225424982,0.04249815225424982
naive_first_n,False,structured,middle,512,8,1.0,0,0.2,0.016759776536312852,0.0,0.0,0.0,0.0,0.0,0.0,0.0,0.0,0.0,0.09166666666666667,0.0,0.0,0.0,0.0,0.0,0.0,,,0.0,0.0,3.458984375,1259.0,0.390625,0.9192475,0.9477955,512.0,0,0.0,0.0,0.0,,0.0,0.2898967207375423,0.2898967207375423,0.2898967207375423,0.2898967207375423,0.2898967207375423
head_tail,False,structured,middle,512,8,1.0,0,0.16666666666666669,0.015151515151515152,0.0,0.0,0.0,0.0,0.0,0.0,0.0,0.0,0.0,0.09166666666666667,0.0,0.0,0.0,0.0,0.0,0.0,,,0.0,0.0,3.458984375,1259.0,0.32552083333333337,1.223624,1.35802915,512.0,0,0.0,0.0,0.0,,0.0,0.39688849340646515,0.39688849340646515,0.3846933714552456,0.38875841210565215,0.3846933714552456
llmlingua_queryless,False,structured,middle,512,8,1.0,0,0.016666666666666666,0.0015389860686245726,0.0,0.0,0.0,0.0,0.0,0.0,0.0,0.0,0.0,0.016666666666666666,0.0,0.0,0.0,0.0,0.0,0.0,,,0.0,0.0,3.689583333333333,1291.0,0.03502157947323424,168.4251195,168.90563235,480.0,0,1193.2041015625,1332.0,0.0,60.0,0.0,0.015151515151515152,0.015151515151515152,0.0,0.0,0.0
naive_first_n,False,structured,middle,1024,8,1.0,0,1.0,0.04279600570613409,1.0,1.0,1.0,1.0,1.0,1.0,1.0,1.0,1.0,1.0,1.0,1.0,1.0,1.0,1.0,1.0,,,0.0,0.0,1.7294921875,747.0,0.9765625,1.529215,1.55636665,1024.0,0,0.0,0.0,0.0,,0.0,0.5197635857937527,0.5197635857937527,0.5197635857937527,0.5197635857937527,0.5197635857937527
trimwise_structural,False,structured,middle,1024,8,1.0,0,0.3333333333333333,0.01430615164520744,0.0,0.0,0.0,0.0,0.0,0.0,0.0,0.0,0.0,0.075,0.0,0.0,0.0,0.0,0.0,0.0,,,0.0,0.0,1.7328767123287672,749.0,0.32615786040443573,168.3277675,168.9862181,1022.0,0,0.0,0.0,0.0,,0.0,0.15467941611234293,0.15467941611234293,0.10460550628233556,0.10867054693274204,0.10867054693274204
llmlingua_queryless,False,structured,middle,1024,8,1.0,0,0.225,0.013522568080264022,0.0,0.0,0.0,0.0,0.0,0.0,0.0,0.0,0.0,0.18333333333333335,0.0,0.0,0.0,0.0,0.0,0.0,,,0.0,0.0,2.2705165524598168,991.0,0.2881362543496126,183.675779,184.38360205,780.0,0,1193.2041015625,1334.0,0.0,59.0,0.0,0.29327615046485395,0.29327615046485395,0.09580561714708057,0.14696021511650523,0.09580561714708057
llmlingua2,False,structured,middle,1024,8,1.0,0,0.26666666666666666,0.010292723127064357,0.0,0.0,0.0,0.0,0.0,0.0,0.0,0.0,0.0,0.26666666666666666,0.0,0.0,0.0,0.0,0.0,0.0,,,0.0,1.0,1.707810993249759,734.0,0.2571521607089971,85.910242,86.80093104999999,1037.0,0,774.033203125,850.0,0.0,60.0,0.0,0.02032520325203252,0.02032520325203252,0.0,0.012195121951219511,0.0
head_tail,False,structured,middle,1024,8,1.0,0,0.2,0.008583690987124463,0.0,0.0,0.0,0.0,0.0,0.0,0.0,0.0,0.0,0.09166666666666667,0.0,0.0,0.0,0.0,0.0,0.0,,,0.0,0.0,1.7294921875,747.0,0.1953125,1.8353890000000002,1.9047711999999999,1024.0,0,0.0,0.0,0.0,,0.0,0.42072441358384877,0.42072441358384877,0.4166593729334423,0.4166593729334423,0.4166593729334423
